id,label
8a0657ec177b9eb56818104dd2b47506c6a39527,1
afab792594de5e1d307921ce71056ae20c87fa63,0
4abdc97be8cfb42c396f85b7efb06f7d444d8166,0
033fdf44b55943ee73b8b40e94b789033463b136,1
0cbd532db8b2bd65e8dab08250d157babc832f4d,0
5b6cc552a4911e590639e0c1e1948814a4634dc9,0
a32fdee659881fe9dc0576d53589a9a57d3b970c,0
5db16b06d40a35aeac4c4177db64af25067daa0d,1
fa1b1ea2b758eb73b4e5738c4e78808eafb4f365,1
c1f8d105c2e12213969cddcdd065d434e583b53a,0
2fda68e5caab4dabd375893e4909335ebaefc9ea,1
0354affbc61e60b4af04b8597511ecbfc89debe8,0
bb9395f6d96edf292ca0711706ad04a9ff2d4cd7,1
b1c71b93e57e9d0bdb71a200eb35ef960f716032,0
6a36e8610d948afdb61189e732954b966d4e5c7e,1
774b41f673441a3688c501b7cae0eea0b7debf98,0
657303f91363b65ef040a2e774112d42d552c546,1
fa5aef5ea4412357ea690eec64865483073f52d6,0
e4e1e0f50e1287f78be036e2e1cbb8075c0929eb,0
aef2d2a561a69ddc6325f63fa73cdba4241cec54,0
fdcee099f51e3b9c8a90e5e0516115369065fb49,1
74da9952db3e75f6dca0c0dabb3b154a281b7e41,0
ae25e771ec5bb0ce8b699157588fe4560c77c26a,0
d0e5d47f56fbe4f82c0f14e3b711e1c15f1b385f,0
3be9aa737d010232f78cbdc8efb62eedc485317e,0
701ca022b460286d7cc7594f03388cb1ff3db5af,1
99d2d6d69e2d2a36142a688fa7ebcfc153103ac2,0
450dff381b52ba7090078364be2e50fe96a8eda6,0
d33559abe929b198f87f06183d5f801a58c02044,0
436561b9f368598df707a91f75d8560a7b354110,0
71f750af148091056322d96ad2d3762e5d4753a9,0
87c3e827acc27b6b024b08de70afff4dcfa862cd,0
c8ffd49bb8df051dfc13c673f46e23bf17e6e732,0
94d370868d42560874ac61c4b79452635cb7c4ae,0
5c4ab526db05b7d096973a38832a9abcf22328f8,1
371f8e68986fce07d14102c480f866f8aee24adc,0
a1353d2bf6dff775f361a3685674aabd917bf6ed,0
1f9ee7de9a727fa72739e6a9eb99839fe77efdeb,0
16cb5e1be9eb63d1f76a8978b5a96e497b427911,1
ba2961f816189d0a71b1af429f1622684103264e,0
fc5ad1aa9e91d61aea9704a583cc0d5a5ebb9ba1,0
53c4223b044f2ad5710809ce898a5081a161a7dd,1
63790cd5624cc944583ab393801168ff0354cb02,0
257a4260c72812cd40354befdf9eea5fc248fc8e,1
4154209710809030c440133d32b745a55eddd491,0
4d16dcc8927bcddc6ce1ed9cc7da28fccf396b52,0
d6eeb87cdee48c0bc8fcfad93bd09fa7a683b3a7,1
604556316f33b438c5ee5ae9ac69ce2b8863fa0c,0
6e0a069593cfc186ffefd6dd7fc2c3705af70ad0,0
37f725295c633f179b7982fe89a087e3ce1421fe,1
a14a40d067894fbd2089ea59807d3730f0122b31,1
c98d98d765ed132decbd353459ef565e8ccab273,1
42b38451aab634aeaaf5069b8fb1a6fe625d7715,0
8f072b7ab88d8c3a44f88fbb2b4afaf236de66d8,0
7346025c3116cf734abc3707b4e49f169fb842de,1
24b20d0482309d59f3d84646baca12164377c008,0
6ff2a357a5f34c1c9665ab10e6d9095a4d90dd2f,1
5767e74c36c9e5071a40d8b913559259fdd95716,1
0a5b85cfaec3ea76ba35838e496488d6b12b7032,0
7c9a06fa24152d077fbdb22bc1c036308f7ecafa,0
bf13ef02190fa1d836b843045c43d0a76c28397a,0
75c09e74a193aade2e6e725916ed4aaf6c3f3e32,0
e44974b43fae2788637433eeb1b068693e528f84,0
65b28ca1f72de8db117cebb81df671580707148d,1
13612aff3e51f0c83c24fa216e8b1477908570c3,0
1170e8bf2be0b4db29a2f6fa3638248205e59412,0
6b24f2b3a764101f06f572436faed65b59f2e5ca,0
bcd18da6518e1e92895501d2e64dc32c5c9e2c15,0
4b97d44e86fb46c8a3063a5723c24cd13a4b894d,0
a74a8790306d238041ee68b1b69e41aab7da1d3d,0
eecef772f46009921c3a651afb9d6bc4e298a204,1
a146e904c0bc69f7c86974b8acee469ff41f7f06,1
7ea3ee0bca795d28cd69c2afbc1f93e136413506,0
d430b2e819f905c67c5fa1e897233e4618d4ea81,1
c794a6ea13d8657edc0d30d97815ef9dc0a1ac13,1
686c5e49ee78735ecbb0e90b75013b4ac585e965,0
b886125e3e3edec43e36de89838759576f64852e,0
539bc9ead2e05c89b718dea0ac5b6e148e2cc207,1
a3d856f751b6526a71fab94f89fb84f26056c493,0
79dbb9c6905c6114f3b89f6a93ea71fe142e54aa,1
fba30a68803889ffb385d21b80e870d66b0a35e8,1
84920ce0a2f69b3271dc2b018e92285887891e7e,0
4ac8c204ef046f389ff284024c5ca64a05bc0b54,0
12851425ba57124aa85152c75f6045582e435ec1,1
70a128071608e1396a33a5dfcafa80f8a19ebd5d,1
456bc516df5c32f19eb0bb6c5a0d554bec811836,1
57cd327653c4b08f636fcc0fff0446ce09a6bc30,0
53a10e9fef3bb7cf99e29649eb2d36e0079ceb24,1
30f4a2cfb5f57f391fd462c3fc4b9644d56327a9,0
87f90a689fe0ac185ba8220a4d9a24d4d9ec6f3f,0
6ee74e47d317dc0c731b12f32379a620b56d2276,1
464dc266cc67edeebaf9d2ad77cd54dcf0dea4c2,1
2630166f1f00968e2e3f192a2bb83c866a7b42da,1
80f918573e078b119aeb00c5522868212f770894,0
feffec24d09f3f49d7055de7cdb04a4ad64ae88b,1
73a46aff1b8f0e65f0a3a8b892118f09835d1829,1
b071267c9e72820626c0d83bb22e34506a894144,0
303ebacde608c5cdbd84d5ddbb8dce4ec77c39ff,1
b5cf2f05e809814d0f19b690f75a26990ee96548,0
76fcbe0d5b0e581e336974326bc30be38d49ed5e,1
57db8d2c0b91c521e4501ea0911a7e0900ab1b54,0
3e14ae4ffd9226d1c0c0061f4b103e65da5ca44e,0
30f33af7c3f716d82b323ce63baa707124054d0a,1
acbab75ef1ea461aa849dbed10ed10a167d66ebc,0
c4d6273b1bc216c62cb2efb90c48fd9d9e342fa5,1
b8aa2c82cae1b9506e39274700aab4ce4912b861,1
050f92e6eab4b3e1551a55d786b0dedb1e6b046b,0
d6df11286c198c586931aa17c5a793c92d9c9d49,0
043b10d348669db0881164328acd0cb9ffe10f68,0
a8a541479be951af4a9a035e90fa5572e53bef00,1
641a69f4080d5e905b7b9d212ecad1c914281029,1
079cbf54c6a0e4a3e932bbf343e3a97ac2ce9c9c,1
61d22b30f43835b4d3fad09bf51750a512ab81f5,0
8879f16a1cbcab627241977ce6fa7543c270dd95,1
703d95b644b9b4e9d301174b44d5afd5ce20faed,1
05203cfa1283f4bae26a93e24aba5f85c61aa2f5,1
327eea12f377d291e8563743469ef5b65910c2b6,1
ee4f5c1bc30c2962a66072310d5d7be5eeedacdf,1
e545b56f4bc29d64a3684199144358a0d5a9f35c,1
fcf523c703979e6d9d1db800bb17addfcde48d47,0
116d82cca42edd8753a3f4b7efb22e9e37ac722f,0
87f5859d399d3eaa0ea2fe624b58ecba01d6d5ce,0
6d3106e4f77826d80f5be191b3539c377649e3ac,0
41c27aa16e80159d85e2f65105b791a05cb83dc6,1
5a860ebbc9720e5385e6bd66a083a7f041fe3a0f,1
cf8c721df4ffafb8dba2fb64c5908b44b04669b2,0
923061e18648e262c18dd8f6de754ec5cbf5bc3e,1
c16d547d08de0a452fde3da66f6c1633784af1ad,1
f72aa4c81e50ee833ccd9d3298cdfaa854551886,1
5986ba253643149d8337519e3397f0d182d3408e,1
1a5350c6cd98459d1d793706907912fb6beb01fa,1
279ca2084d92c4ee96bf2ba3d77ef64e4f0a1500,0
77f7ff5b7b8c2ff8c5c0ffd2d1ead3353d61e87b,0
c226dfb3c312b22a5e109f5e9950e49769353eb3,0
96844b1c9517b6f9d2de681c992d3b2c47e0e469,0
71296f01c383aecfd85ef5cb4b5d1bdaf543fa3c,0
f8b20d4c3cf0a4ba34a8b95dd192c025c769a605,0
9ef038b5c7ac413736471b0a2be2876f5d431ca4,0
136d7784820f36c0095e9a01e851f7f453da5543,0
3b8abc61805b930579eb1bdf22b4de8192323b1a,1
641022da54632a32da6119124b7203417a6d8675,0
2e9db49ab13b85edab7dc3817c9b90700f19d3e9,1
3ea8c0ce7c7562387d6bcf742be2c474753a4fde,0
62ceff02f91f34189c72553c2bd4dac62b16eb7e,0
ad9baa36ca5851ff321ad75f577007afcbcc43f9,0
2807c989603c30aa198653423c8b52ff96e28261,0
4277a9c9c40af1a722065091a144a2feaa546f8b,1
d91db65feda45457d1335fbc33bdc1304aca8322,0
f9cc7f48ae05d38909e60df3694e6d00d5def5c9,0
f81fb7868e55b98f94ff6ba14841e9bc778420f0,1
29e366de6ed8ab900833bf833fa922eb178f56ff,0
78869af1dabbe7276d7a69a400137364fd9de09c,0
0f9997ad802a393d5a61491e2ffdd8e13c5377a0,1
78554725965a173f06d963afe4e83119479ca379,0
6f6f4e150aee60206b7982a8e7b85d0f6ea5469e,0
6807484c7b2dd0a3998411b537e755eb059feb85,0
f83642757ad19e63d180653ead0231e3bf97701d,0
6f3f717f028a6af250e6abea4e4ed045a1af38c6,0
6e90de1fe713073d7574ebdf6f9b790dbb2d278c,1
564452cad7657b6b1a755b01ce3154d054c84689,0
40690735dd23d7ee3e3e94677bc238b41e4d5056,1
458587edbd6d957bf543b7a5ada470685e994caf,0
d99c78ddfbc65053208a1de149543437aa8b1e31,1
ce0ca6069ae039bfe101d24d99a7441d21691e48,1
4b23941f5e3c7b0061ae7354169f1440a6417fa7,1
d2d9ff3cdc5145109cb1acbb43251717fa01f648,1
76dfdb56f5ba2422e76f0d3e0fb99b441f4399e1,0
797be58f38a8b7a0626dfe2d2f2990ca99b272b7,0
d4e99ff573ce750bb6206bd42b585c62d14356c7,0
277385d8c5c283f97f66b655e4e3f9d4a049cd1e,1
b2db63f200a524a289dea703e6d023ef8fc2ea49,1
d455ae195376ffb34d6b8e3f82ae6fbfdb01482b,0
b5aa0986d8f4ac59b715a8e3a2fc84d970881a45,1
944a0c44d17285c0740984d0df49982df17c3d02,0
a015dc309453814bf086d3b2544afef1e9090102,1
0f26673ce19fa9a5bd7aba834ce40cd33f4f5302,0
1ad12cecedfbec74f598e9ff8e796d920db383bd,0
cdcbf0851168a5385acbac8fb0f8f77f38d542ab,0
cd46dca2dc5dd0685586bd6c25ea862d7ef64430,0
fc80b2d74559617081fbcaaab311abb1d03b78ee,0
8583489e6b4f7736e7ae343fcc6ae35d6f1406f4,1
4444fea45ca68c1058c820e263664a73ee496d66,1
24d49f538222c0b59e295ec314fc800030b97e19,1
90949cb69289bb89a2585b7fa933829e2944fe15,0
38e289789959fb7eaee10a43ca0501660fd26b6e,1
da55ba5fef40f22e06c36941d29c99ff092f6ee9,1
07d545c42ac3fff4803bf712e0afd1e559badd0d,1
8e81799535f465021cca90153fa33a6829e4de37,1
6963f9c29c0c818bc2cd0a21f218f9fdb4832d0a,0
5961d28107ee52144e2736879ee2d07096db05bb,0
ebe8012d370e5b3a4acbefa4fbfbf96bc5bbe00c,0
1d0cccce8499478485b70e493197e200c3954d05,0
a8c80936aeff624a1c1ba67e195393bc8609762e,1
27015e38f7a47750b2b394b3d9bb97456047c696,1
f1e9aa98167f6f4ff00cfae46efd4f7c6e6ade8a,1
7a182ff10c28cb20323b1d207eba965251cebbd8,0
f0be0b5d5e9d2de1c2de8e687d2e4950df7bc49f,1
243c983438b82fe6a14caa284f3b68000cda666a,1
705ecc83d1dac4227d616d45db85e23c6df59beb,1
8c9e6606f5450d1745742daa0970ba049355ed29,1
f9a34061d79fb2408ea9cb737a3599ebfb2655cc,0
f96831fb923c5c7d50654877281b9638511c4cd7,0
4800ef06d6e04ad6cfa55e000c7a5f8879e9d47a,0
2599060323684d2da73d495826aedffbf13b31d9,0
5593b3d966e4017bc5c25fe933cc3dc0739e4982,1
7130d7765e9ae2c6d06b48219ecaf819d015b32e,0
23893835b13f99a7707cb5a45e92c2ceffde6abc,0
43083bd2f695bfc4dac038fc2201dfb52b76747f,0
f662a4bd5292928195904f17d7de6d979d7c772b,0
f2964403a37753301c267ab1f2deea300776eb7d,0
0d2639461d44fe81c81d4ed8f93232177874f18b,1
5bc382b5ddbc00abe2950f20df132723487f6042,0
ead014559a96498cdcfa0defb300527a0c9d3722,0
0d57ce08cf9610c8a93f841a4966452cac06e342,0
2bc7b2ca56cba30b427ee2dd0bc6a914f073818c,1
5b6f9a8f6284bddc6f75dee42f3fd41dcc1a1185,1
ee3ea80593665a1c2b54c9cb43c6e5e4dfefd3ab,0
49c39ec0624730da1966dfbc66021c2f8fa47f9c,0
a655a1ffa0d2b5404bbbf37cce9298fccf4d146b,0
0d222e18271b116335868c269c46db89b02b5cba,1
57d0cc5b34261b8446aff04430dde43ce828a09a,1
c3dfb3e4095bc45514a45c1cee1bb09605756daa,1
6c9ab8731544adb376b679f7ba82b1c8f8f456b2,1
37fb925834cfa2777cf4c4b685760fd1245f39b4,0
139c85696b6ac166a91f2ebabb4d330061641017,1
f942df44154da007af74cb2ce9c79ae867dfc4a7,1
b8f9447adea25322fa2d955d938b092e56ed156c,0
ab3b12ef200ee910d8dba030209dcfb827d1edab,1
f7d2bb1fada4d9f0cce2a264a041f84476cd8202,1
7cfe6ebfe2fc634204fd027888064a721bc0a4a8,0
0f1edd9f3436a1267f7a97b043372fb4734869eb,1
41f05f80cc9d00694022371b0da8cf550ee4ad17,1
55c8811196c3fceb61f1fe6a5c37551ae9d5c891,1
a37ba3a58f646d3dc20368cdb9589fddde48f292,0
161da3264bdbfb3d5908f7fc9be017ae0b69805d,0
02b1d8dd3e603ed037075e00a6732f118744b4d5,1
82f962bd051a6831dc7960d97b9d7edb99c8603a,1
cbf98aae40e2937075819b1f1ebfd8c82ef18c78,0
538ea1831d8d399faca857f3a4b4e760b8f4de38,1
2b44ce7f5773ab9474ff71021a09147c3e4606f3,0
3f1fc9cc68c7ececdf84adf0ce272c8b37e031da,1
88bd11205cab9bf20092bd763c1202ea2f9a3071,1
6c7a039803e887e05a689f5c9f37e3b37b7f5a48,0
6db5459d748359602dfffb1b0ccb24d831f44861,1
35afa3a1b5e017dbc0fbba667d5c56cdd3c1a4b8,1
21e5bb37b4cab44e00ca77bb66a0b2965f8642a2,0
f9300cf69030b4e806086e63021ec0dbe58c91db,1
49fed22753bff1b322a4ebf43a30566596d29a65,1
2c143937980ffa6f0e0314ab0aaabdc702519890,0
41b07d9aef8ec68a565d33238e5b9977fac6ffa1,1
b8fc341430c445da38e90c40ce48884dda73f130,0
41f9ccf907888a769dc99079abd50e55c08a183c,0
19efbbc5aada7782bfb38392a007a3b28c56a0d2,1
4f411f9de5a98f6630da0505b2ae55194d933ae4,0
14377c7453ca2be2df17c9fe1d2883b4dcae9d53,1
faf19b80e7b2de57f316ef1d97fead8e0119b0da,0
39a011b1aecc8453a7e89095f464276f3c7e461a,0
576db3ae74276da43ba6c179ab1cbba9809727cc,1
96d00328976aef0197759023db10fc9768d893a5,0
54a6bd61dd96df3e3317e983fe56513a46a389bb,0
5a0d2579dcc0682364c4b38198808d1e73f8bdd2,0
910d696897016e11ff91ff58cd12f1dd7fae05c9,1
2ac19ebefe8693a76eac76a8fd46e8f0bceb8c72,1
53be10bb8bc73187b20043a76b033b15bd3a3883,1
50730f4c4a68021edcd45db0b5d28a0e26fbb6c5,1
4695bfe6ecd1e53bfd6135fbaa11a3580bef6f3f,0
5a8b7e8895afd86b01617289f5f1c3d81a1d596f,0
3d6f65c33d4a83af63d27a8679eda9745494c121,0
17e7b00adbd222a5a6f06745a2cf9ec3928385ac,0
dcd8824f5428c2a715a167a47d5fec43443bde05,1
85b50b03a9fc1f5f69ef94603f7be62719e210f3,0
da3cc758b9f0fb76464044fa792337babcbfc3b8,1
495b5f4ddef90ff98f054ee3a6ce7dea9263f5a1,1
5c2ce4e387b5336550cfbda44bdf22ec003a55d4,1
20f93dcb4634295d1d40b4141dca052382815c2e,0
ef75985ecbdb65bab758fd73c44ca1a1d7711515,1
e9d2560eef806eb4f68f3f0e3001acb85c3a6d25,1
1b3d4f943945bda02472b31ffd9fafb630aaed1e,0
141fd71b7f4958e7eec3029fe63e3bb1f9c04332,0
010fd1d36f89041a6ffca32e95ea70ed43211e96,1
addbb225bce6192e164c1aded75557be878c1617,0
73cdb6fabe63760c3610dac9b1d605955c11a273,1
e90e08d36374057ee3a058c5f8cbf88599fbe54d,0
fd0aa9cc3bd04cc0080460c646493b09048905ee,1
c72a802389ec98b664e7943d6f71097242928a0e,0
ef5a70a3b7ded79e5b080395ae95daa26b7abb90,0
e008e1a46b0d6f9d623bbc83a364feed27f88d7e,0
306a57d506480f0d8d4ba57a6c6f491016361ec1,0
394efa4b804979b82fa4ddf17bdd812d1a03371d,1
21681584ff2f6a49e0fb514d6db2b65e26ef6001,1
2f565365f2674b6f4e210310d96aa0f7b91e843b,0
b0af0f2e106badfdbff8b3c517278007db23e4f2,0
66519391aacae9e07241fd6ac71632664782e7ed,0
ddbda98d2f1b363992c5bee17156641083e56496,1
a15b19634db8e8061ebb678c066c1375c6e95e88,0
92d621630f24c1e4ba31141a89a4cb6b8439dc63,1
2463e5fade3f76b434fe7e208e4bf5ebdb5858a8,1
94f93a509c472e109f01bbc70b211492b10238d2,0
5d7a52cb1dc35a21addc95a2474588620ed05236,0
1c9196cc3ed5e2021706fb0f354c8a6fbc110177,1
6a86bb64a115c708e46f9666f475ad2ac02faf0a,1
941e993f13b2cf37ed810d9eefbcdccf1fc1163f,0
2d42be687433cd190fbe8373780f45d892a32e4b,0
89c181d3e30cd41cb9ade9dcab80665b74f81593,0
db737f9ff5d989cb73bfc9de7aae0bb7daa393bd,0
c747f490f70846fd91e1b3e79a8137ef8a88c41a,0
3d7886bab9f9b730f1ec7dc7cd4f240d3b640a92,1
91c81d614403b2b43910493d6cc5237f306cbd72,1
af1dae6d6d8aeebf6305757657ac8c07ee49ec1f,1
f9ea3ac056f7d97f4a37f7b32dacdc5e6044b9b2,1
81744f9a3630504f3ee4abf748a916d5ba12ea88,1
5721ca5963d519b0ebde231342ed579a79f546c1,1
c4e9b139bf8cc8d0e0449381d7871e0116886e41,1
e35e13da325640a256be7f322145bf96e9127cb7,1
b031521e1d1c1c1e1ac87d6d625d738fabf0f59c,0
fa85b718d9497fc84d10dd390a3a0f63f0fd5e4d,0
4273da6b32588354e13abd8b096a32abf40292f2,0
33c06f673c569b4e134fb52d3791d28014f473c4,1
bb63f10343343b07fdd7febb6d783525f79d3d41,1
bd5c83da43c6786c9c628c8313cb73706df665cd,0
02b538ec4acc6ef2de9b8482603c5bb053dc364c,0
eda75fe64df4dbca67872bde13786a8cd8ecc792,0
86ddee4ab193e04a36cc0213325a3cb1d80276a9,0
2ec1ce7ad6890a636e16db871dbd1a1cc0144229,0
f7b659722809605c563fdde1fc25f151cb125dd8,0
4e597a3f07fc7583d462cdaeb36e8ac07ae7e81b,0
db2415ca43d03abc1ba4d6b6e4e96b11e4f90dfa,1
8a7561bf16b1823c5dba758f17e15ed8af43b3ea,0
2ce167a174a6786ce0259159c55e75b98f3d1672,0
84f6caf5034b0fda133a059c010b97069e5a1892,1
392a05f642285fbc3d206ed56f201beb2448966d,0
e843e72ff3f1fd9f571c830613d4e38776ca2a94,1
c1b7aec41b8d18ebf0573b1f61e81e7853a63360,0
171682d18a00ae2f3103995dfd25c58bb840802b,0
d9547a80211840177e0f8d79bcae0557cbbf610d,0
1def716a2d7131fdc595c055d03906ecb57ccf87,0
770e4d5d692cf00b5ad5ddfb793dd7c78fe17504,1
9f5d5bfd524ed6a049676207555aadf8544c335e,0
01061ad5073cfd1299141651c438d748adfb2640,0
61137a47b43e0fd86eca4ac2618e4eaf192f1d31,1
397ce0eb1d78372bc9223fbd419a7dd069ae23da,0
4645cd75d5ad24959e56d5f4c21754f541a6615c,0
a7bcde3d7bae40fc7c244dec882030a151f78756,0
298e21a515df2b772ee59f711ce73155f5b44c01,0
715ab9b2331b39cd33e118ed81852fdbb9f9ff0e,1
87152a7c7a4c1ec5f7091f8dd5898484f3f69eb0,0
22827d40e59bf6ec964117492fe219182790c253,0
0c84feac2f9b638940a2773c885525fcf8ce9cf1,0
1067bf29e2f81f3b0daf26c68f79687cb27ee9fa,0
010c559cb94d65c82cf3f8eaba58f1f67ad03fe5,0
8655b3baa9e6499407fb533820bbdfd2fc2a6100,0
af2fb8efdf5e123645fee88cbc43a5a06a905949,0
1c30b2e7ffba2101048a896c27c01010bca4d498,1
1730986e7d80d7bcbf551172bcfc063fafe09f79,1
581d77e7a3b62e98e934e81949a855e1226ed1d6,0
be3f48bec50bb87951c837707439627531201b2d,1
ac023cd38c43f1d253162d2554340550a235f9a1,1
7c65dc25e77cfd908c47afe81c0fe5b7261760d4,1
992190e0e034e111c21ffd1ed36b9f4a054cd33e,0
ad10e88401828abe3b5e85e0df3351c0f4e4f043,0
747fa46ca660faa28697d864398d390ebdb42f63,0
94f1d8d437b007557f284220646ec32c877d00ad,0
de805cb56db9c15ce91cb090a30c06c2aaabe268,1
06b4dc01b1488d1b954aef932dad5489b08153df,0
9404fdb80b13d82b61372266120446c69fa76e80,1
af416653d5c96550c41ce61b3144c32ce497bd50,1
bb5b0c3f42bb9f3eda31fa9e6ca4794b791692c7,1
b042beebafef2d2d609739c7aa57d7b9e2dc44c0,1
3a5c8254eb0d067ef760757b9afa22480b40e709,0
7c1286686163f0fa768ceb56c6b10a200cbcf3d8,1
437d0bc5386db68f28939d5212eb555f7283b6c1,0
0532a7b355a2ae0af4587f5a836895cd8bb5d41a,1
949601b419434261739b991eb39b1a0b01ca4ad0,1
2722d32b12adb2fcbbfc2e5d87317b3364e4d7cb,1
53ff88c955360c03dfd7d33f75f1040191dec799,1
72f0bd71c78c404a17aff0bf8e616eb8a0d31f84,0
3e4887f834f98b6de494a35c7d945e783ff350b0,1
03fcbd6cda81304e64338498f5cab5137bc19cba,0
eac369d435ca1b5b7ba2936b738e7b0561eb105c,1
b18accc682f61195913146a09bf17d9672496afd,0
d000a391affe3ae6954ca35b3f967ca942b4231c,0
fbdca61fc625c2a8287dd217b358710037146c50,1
3077bd2a5e85aad1b63846ad8ea8fb561efca41f,1
8106ae8de233028ab9490c1b6a9b38b3fe364a4e,0
ff0601a16680c09f90055bcaf5484a604ecc7ab8,0
2318cc2a1d6f1da95be4244fc4024604b30b3e0f,0
8c102540c76298e6dc3f988197ab6a6b2ff8774d,1
edd91a1042a0174b40a71ee962d2bfe546fa642e,0
79ce26a6e687f902b06945471bddcff13d92cea2,0
4872315e60812a5481b378edc1fb361381113e56,0
35dbe8ceab6e62339eb7293122b99fbd50d15e4d,1
af9d1164020f3b2d56a58b44c0f0979571442374,1
88887d56d625f687614c12cad3e9b64bda5d1ca2,0
26c94a75b7dd6178a2f3f449bad7eec01c149255,0
8dd525fabc41a4407f87543c2a7a0999319a8cf0,1
f610226b2257d88ffe133b0f20b3623b81be1733,0
6a1b0f2c79de202c96dc167f8c965d329e499687,0
92cff95de144277347edfdca35fd545573ec8b03,0
7973b457d6481fd576edcd6660154143fba7bf5b,0
0977e85a8aea8ce163b357ca42b1bcfef924afd0,0
0fdb4155c0f6a82c6d414bd5aff2b1fabe8aa439,1
d71be7c6086c6326092496cec88ca65d8fa354a9,0
c0d9d1df1b2c8fd4bde3a61d799d49c5875e6861,0
cbc83b79ec9a867761e31a4b32871132ecedae4b,1
e553490f41430d8be7dad92c4d9b47e0d02ebbb5,0
7c6bbf2163c5cca1de7f684861174cc011f0bc24,1
0d5c0cb3c049903b40454afe22effcfeb7e5e8f2,0
1491c97527b43094301b2d6b66bbda54ccaa8fef,0
8554e53054e9db70c88eb3812c5c7b72bb6a27c4,1
2231e3dd21f4352742f0082ff74ace5f704a6be3,1
dd5be9c945933b881af402a258671b6a33ebf6fe,1
3a39dd411dc02d35b445cbc1c0bd36063388c793,1
68161e48fdfc64b245997e9dd43db4a6957a5423,0
9f6c6795cf7c227eb1bb25ee6fd0b9943a96be98,1
0e7c97d6a2d5d3240f2d069fb22efc63d468823d,0
ec0bde2278c50ade4f05b8a37a66008d780d9671,0
d17c4afc98bbb2ace5f5889e88ab6325c39a1702,0
db9eb65a63138daba562703e24dbe3fd2f541f0b,1
65392d26a69f016a3f21b906f67b08fa92e5ad7f,1
267a9c4fa4f4e23c473f79caab73f805e3145b90,0
4c62e61bc165971fdf9a8e622233068e81e9e4ad,1
e371867c37ceb16d1d0ca4a579311aaccf9da9ae,1
5f1a7d8c2fc2fadbe876d9e6b8d51bab0bc530ef,0
4597970a6bcf5b8ec6f487e4e8a69161988c0ee0,1
46d87ae34b97abbd15de001333e507e1b5adb7ae,0
9a73971e37799b7279709cee9a8f980cba40cf0d,0
162bd28a7ebdd502d54360cd43438f103c352ab6,0
5457a4bdb71ba2b87e8e5d26010b95a345bf8585,1
0f4b16761d622649f81d653e5c4e3ab8835dec1f,1
9bae98cf88cd76275ecb0028055c943ed36d0fa0,1
2bfb6592caf482b1c54656263f19e1cef76a775d,1
0a695e91d5783cd69a3ab48642e42098287c7ab3,0
e4d0802f817e7bc7251ef3b9a92753b8df50f5f1,1
3f413ec447b3100c481a595c69eb38a032ff03fb,0
e6a5770a9ba8585d8b652e61360df4b311116ff3,0
5b030b506df584d84bfdaedd01386cd0cb1098c5,1
c0d207075ea845effd15edce4dcd167c24944d27,0
07c09d3762b7e763df53d94852eed0e27b07e2d5,0
015b7a9a03c8279158cbae158252c454d6d9cb39,0
432eda72fe0e531e2d18047d4ef9d763538cd1d7,1
9739d3ed6f236c6903dd5c2ed894ae3efc21b4e7,1
fd9be52a256ee0f4e0aefdc3048be0961ae79325,1
0e5659d9e9bef8af92202e67a5901786b6a69e1c,1
045cf78202cd93d632cec1d3a43e5fb57dfa06e1,0
c538b27664c315cecf83b2ab423e7673384c26e1,0
a1108b001571178a5d27ded2dc75a9dbc5f767c0,1
0ca71a27d0941774523dbc48f05727ed774b4c44,0
2c1d4ec1ef0b017bedb14b83e7724f6cd364522d,0
05fc0d06e9084ef7822cb8202de1c8d27fe2376f,0
118b8fce5663d15bb69310561cd7e371540682c2,1
ff3a09dd21c80aaf67053f7d9f6ab61404f139f6,0
9b492c77b25f1c86cc4797150a307e6522975a52,0
7e5d94554bcb323dd5adc294e8d84a67d8afbaf0,0
005b40ca27e1ecfc88705830e04ecd4df92e9a88,1
a4699d3f6ebbaede06cfde11db0bb1ff69d4d1f9,0
cd30663fd0c64d6fdc52a07e438a16a9109376f9,1
e9c97205763937845d7d6946bb2e67d3cc4dbbde,1
66eb5dfc397d6fd961b8a0230c32879839996bf6,1
1ccc6e965886cfc5889dc6c2e05a53095af638a2,0
40a7bda7c7cae62bd236bd514456735b0378361d,0
e543663cb2daba162301d95e87da739477cf2644,1
710a1d63e2ca01f5a28840ceedd335df9f7194a9,1
e96e2fd7726f5b8ba9db96114fb167aaddcc1823,1
064a70a6f9d38eaaaedb30ed0a66a5b31a6c9f05,0
eed6b634093d72445abf45871a500c8dc3ec0162,0
a998c9f16922cb252287c69a68852f5a70e6a6de,0
b478a12f352773bf009c15a04be525bf4b3971a7,1
fc742f4f8e74390a4212048cfeaa57309f33e469,0
bb5b954d6fe171d453120ae44d46c13538f8f0c7,0
d179ee57bb36dd811d774f83a35ea22c92492982,0
58f25ee18b40ccb107a60a1de52668c352cdb887,0
90348ce65c0f200196b3c8958be2a7541e1da896,1
3f547ee72699bb1b1f3364bc470e926c5f9d0988,0
19a811926e26dbbceb4919ac21529d3169596dc7,1
c302a5e382e40dd3963e0202c5ae60dd096dfe3f,0
cc5ced51898e6e4bcb1c0182214fc9c1ad784e87,0
4ff081d45a616329c309f0ceb514e74693269424,1
45c623d221b03a3997eac7614143434d56ab0158,0
ef18e800f988f91ad1b8dc282d96074e06804531,0
439cade6f372b1f8797ac152a5cabfcd08f1fc62,1
d32125a636ece122911fcf7b772dc4ef394d0c38,0
d4cf0ffcd3a58d97608eaef9ec776bbb1621ee2d,0
0e80ce51a0c49360bd782d99871b73f4b36d28dc,0
631a8f6e26d6c2918014aa1a2ba0a0fce0fbcc12,1
9d37cf51c8ae972aa2e1c0413a49a7c8afc1c0b2,1
0d274e34effcbb85c0dedff18a8146e80884cc0d,0
d4c106d88296abb34876404272db270ca8f3f6b7,1
58921b7a1b7ddbed8055042636c64015eadeff90,0
fa673a7765838bb87130fa38705a96b22134e6ae,0
3aef96b8743c2fb311d2194f54ced51a2406228b,0
e7e5ba2753666563f3bdab9ebedefb2a50ae6ae5,0
7746e97120bec798a324c5c539785203dc6e88fa,0
24a336beb094f1f8daa29f402df7da26d836cc68,0
cd66b2c55183153475868919436fc603a236ff0c,0
276916ac27705e9716c039b38ad4e3f71055194a,0
d5f4c38be119821156dc5155d96647fa7fa545d0,0
f2fbb0a5b14603f4f2ea21c4b19945e7b88f46df,1
8691934fe08afc8088d95fc0eefe46b757be0572,1
2039544d3688a4610cb240c3cf33e6d1e833c0c3,0
7a12b7310d4265b7ffbce9fe60ebb68cd94800d3,1
d2d97a714342837ea4b081fcb703f4f6a7784eb7,0
7889d7ebca05a7ff4fb0726c80c28454b4d046db,0
5c9176137f423315fe3dfb0b13afbb88d17dc3ad,1
a40fac002b4a683aa839bf6117fff286ef878c9a,0
9633e8d643388f7f1c5c0ccd5416f677cb9ad250,0
f3f691fe457065f9fcd0f2916888525b0c6a3523,0
34886870dc4c99d6590330474434c6c187a0b362,0
2ccf888fcf3820aa41b46ac6ade6285635607b78,0
9bcc3991f4e430f8123309a9f2c3e1dc3339919b,0
76aa30ba87fef942f4276b524bc0ee54a53c6174,0
c325175359508bee980f341f667c0a56adf9a1f8,0
0bb8db4003b4f12b89fd9d3d386acf1606457374,0
ec803a5ed86b4531f2c043314c06c78f76b09311,0
ed72d6c73b8c2da96340bddc47d0549c7681e7d4,1
968d2beaea17ad48da4867e69b9992b2f789a283,0
eef085f5501e37ad4abe827c1ffed2e5086ea4c5,1
94dbcb9454bceeeb3e6ada2fc94254e14427e7f2,0
15031e6edd7d4f790ac2579289e3f5abb92ac9c0,0
534ca152d52dbd47663d23e1dcb09745d696e012,1
b08c297206e2045cdde0b6afbe8d323e14a64b76,1
40fcc736daecd1f5a226a5c6e1a9d93fadd00c2c,0
1f8a6871d85069e50e765e0213cf3ed709993888,0
b6957d490491befffd10d9c4e66a00b2d7143bce,1
5dbf89fb4f410b4a016ef8f364f1f14098d829b0,1
597adc061c54affc39905c57ca3765c985c26316,1
3fafbdcd1a8943df099a5b6962a0739229e0cd4f,0
b83a9ae2e15b55324dbea3e87ed771b89f0372b3,0
dd0b98497a274fde551f9778cf0d908052a5a127,1
45093bf9ddc5f195217e244e72d1d9017484efcc,0
d9feb488fb9928d6886c616ff513ad4c9165fc73,0
4dfb0d0bdd66b0fb871ff6255937debde829be22,1
bf0d1a823bf9c04fc38a4cdd2fbe9895a02310f6,0
6d6d5e40504dd71a55a5aac0df0c3f16696d581a,1
fbaf73d36dbece69967935db85fbfba67a0b72e2,1
4be02b5aefd5f8bca1caf95ae7581eb0c76c931c,0
898f7003b31bc6413793a8b7e2436813be9a204b,0
b034b164ae56afa2e5c8be9a312309a37b9ac4b4,0
e2a1c8602cf3367515d90292536d694f81d1b324,0
17bc9f1ae1d0c48641dbb643915c15c9bd15cbcf,1
db4f71322859fedbc37d18a03b6aa0d35d59a00b,1
6d39498bacb55760dc2bfa2bd8d48e1d109ba7d8,0
04682f480d6130b2295570438cb661fc13f82d53,0
4c06a905d8fbc5642115d399ffec27e3e433c803,1
1ca4359240d8df4ae9f2561cc519fb5f1d08f7aa,0
b079c98dbf04ca6a7d82acef0b1b205ebb6b4427,0
b7cbd6797e41dcfdbada273fe8f41553f74a8091,0
90618ce9bd5e26af39b2b4bafe85755d44822e3b,1
89d66def972c0c33efbdbf447aec5d5ffae8c3d0,1
4e0bdcab2d1d7c07885ff56e93bda4a2e514a44c,0
f47fbd92413c6891958fdd601aa20a5092a590e2,0
d8980c289e47cf0975ca2854d82527b8fb1ad38f,1
0ac403d7a141430d475e77efedafd9f2fff6899c,0
38e058a5d66e4fe468e67f123fdc2cf0a51772ce,0
bc1941c8b1c5d6eb5fccc3d8b18edd975863a209,1
595485c76529f98fdc74583b36829eceb17d8c57,0
bf5b1781b6a11295c6dcd0a660ebdd1ce64028c6,0
5d8b012760b8eaac1454af9d648f335ef5244da8,0
f958fae0ad80cb5d3752c6c668f9be17e69f6cf5,1
f1b0aa8ae6dfec6fc307cd3f31cca0e9b6230ff4,0
79a517fd1cce8f316d84e3bac2caf50e4dda41b7,1
c4324d01d07f6b11f2e41c75c167995ccb854e10,0
9dec85fd006b024000709a392c134ebdee89559b,1
25db46e10dd78997540d5d75f271a21d96feef0f,0
e050f205e36fa5d44f6d68934cc7912aa7d75821,0
beaec0330a88e7c76597cf631baf19a685947f32,0
bbef8c7915ada6a5732eb83bcac5de0808d547d0,1
88bdda1f87e2323ce912c9c22275b9d4bd282f75,1
efde827293ee65e5d2f34b3f130c407596fa59dc,0
56c24ee2d229dfae6dccffe86ea371cd5322eee1,0
461bc8029aa4ea24f5c8311a328800d7126d8584,1
b41d32a5836b0a252b1140fd7c69edbd87ccdf28,1
c508de8664f60b468b139e5e0292f073fdff961a,0
b044b87795d90676db1e9c786c458aa53e968f89,1
35dd82ef49058a58180afdde396c2c9e4f9e0349,0
f5346218ee84407c32770fee9997dab213e1fb4c,0
832ed95a03ac4592c55e4307a0f5bdd8bdd812bd,0
80c5933a756a710d4a0aec2cd56809d7e41a2452,0
d5374d087589c663aeff2b3d4262be96ebb6df5f,0
b8f538a702218ea0fbc6d4f4a1f2e41154aa0b14,0
5f7429c2d47d5c615c3a22ffbad3500e0eddd7e9,0
95518dc8bebfb414a27eddd97d0381ecaefb3b11,0
91c84742416152d9c68e1c4407d2157d871b69b5,1
336570d8d76043ebb01a6b32224812fd92c92d93,1
c62dde4d585c260f69bcf48dc184f763edb9c1ec,0
4b30e934f21d321dea5618aff5c59a5eee890937,1
07ecd1600be1d0e14ffe68e1eeec7c06d9a09151,0
fb32844aa91e6502689b093a61e008cf1926861f,0
74f567c797d00dd9826a730e476e6eb903b92ec7,0
3559b0f4f271de32fd8f2dfca50cb78b6e4c2e1b,1
1460deeb862518389aa28b6ab8c3fbec63c22f35,0
54fe0d6a06827c983441c883cbd1c4d88b6edba3,1
e4747b049062fd1c632b292ac43af933c568a972,0
73e1edce2c8531250b20ce9626641e9e48b300da,0
3209f8326a79edd691e7f35d05f4f8f2ca781f10,1
4f79d9477e66cc99ff17d1b5c1766386e5b9d25c,1
b61e46df8de44e32aebb88153fdc75c3f1fc9041,0
711eafb02468eacf22113beb0078f54dbebb4e6a,0
fa1a73d3b995640480fb745a1a008fe65e5d39be,0
aeb2636a94c30a2f5dcd06d22f5c9ea203ac5f9d,1
12757e1a235b7cde4edc7e04384fe8dfc271fc96,1
f22322c8c3d3df8cc81cc4439c2b94d9b9e2af26,1
eda0322304cb7fc5a22309711a66e68c37e6c9af,0
5dcce8d5a141690ee98cdf004103b4b2a8b849a1,0
683635a4a94a95b80470bac93e6f4061166f9d1e,1
27aec43ab3fd272e4fe7c007fc596b747bcc8e78,0
363bc93650800c47195a8ee06ab33af29b226e3a,0
618778057f8e2231fa1fb322efa40ae5b595ca6d,1
ef28fc626e89c3c7cd31171276e8dd13b4e34963,1
256a5999dae628946f16e44d3be3dc127a6ac3f8,0
7a8af3fc2f5ce89c88f79fe0fcfe94df74254076,0
eb71fa1db9836162dd34280f9815a24484341467,1
3f94727e90e010812a2a42561cccd3d988691bf8,0
697096c90c6d0eded14adda44c99f5f051366347,1
e4b265ec7aa18c8b3c7212f83ad6d85bf7d3f00c,0
f1de67063d3cbca93ea5c0e69c89806260a393d7,1
4e3ad178b40ce2a5070a5f2e42aa92ee69f7b33f,0
ba95387ad43656f5160243f4a9127c3f15da5289,0
efa9114780969bf223ccd97a0555d4e9bfe8f416,0
a75693fe088fe7b8a6c65df29e49bbc03b38d46b,0
c37e0263e2ebcdb6b46e54b918519754ad3f4d9d,0
f0f8c76481242f2b803dd4d18e4902517b3cf759,0
e54af7af698f81a3b803a77266917392c87503c6,1
a7ca96fd40317006b77169532e39b31c972f66c9,1
2fc4f0fa296beef3d77fbf58206358d3b355e9cc,0
b7a25b5e14cdf8ca5a4343dc52da8dc25ba388a9,0
953142fbfa84083740675b93564688f860779f93,0
9227b92b8c98ada2a691960e913754776c4e9612,0
28d9bb096c840609df84467334019e8c2565ac02,0
ddbe67a144445c555fad3e48498f693286bd9cae,1
53aec8c148ce816e4961473c910af00f5dee5204,1
7564f15be1f3a6c6d086c9a667ffbd038fd4179e,0
dd64d2561c0ba50662b992ce67cafd17abfb3004,1
af66becf50834e68b9ced5aa6534377188ed7475,1
0f4d95a19fbafb26ba8ef58793dd769026e80fb0,0
629bd5e84a46c411026ff676b940bd930f2cc098,1
98723a0bbca6bc0c6c6029435ebe3650d2184c42,0
e1c51b9bc5f508f449f3f0a2e762b47dbdfad57c,1
fcd55f03496afb4b11598d9c2231e86da318e723,1
4f61753899963f03cbcf9d081c4169e7c95dbe1f,0
2891e05ea68109d6ea3da8c3f5a0cba2f5cde65b,1
17a16f684b14ee8b9954ae4acd5ac23e7fa48c0b,1
5171af0b640a73b0ac2baaae0b7f77b782efe7e7,0
a91786e208a1398867ee93fec05f612055fe23b3,0
a55fd15bb1f23219ce0fa7334acb82f1d4c6e2a2,1
f77fe51902f29a2b30056b87e64c95877eb40372,0
c169e83d8a9d498c3d1a247e756ab981ee4c11ce,0
f28607d12a1a6504b1fbda9d980281218d656649,0
bd7ec60953718663132bb45408628a9464a4848e,0
9042cedf3a8606977d0f412020a6ac0247199a7f,1
06ef14f484bbd9b9b01946911e13e78020ed5207,0
b652b9960476aa1403114fe139d915d514b6dbb0,0
3981aae80840eb3e0233f9ec98d1f55be1c19883,1
2597d68ffc84359dba3fb52d9ef8784fd8299bc4,1
24a699309e332b0b80a0ddcf32ee60d41efb44f0,0
c71c3cc5360930ab75edaf986090a413cca90fbb,1
af124a647feb241db297898dcd2973a25dcefe9c,1
4250759541fb6a841b45d2ddb92c9ad2f6af2aaf,0
16e8c9301773c49ec49c47757bbae25e7b3cf02f,0
1497d07012e3239d596a1f1733648116c47afe18,1
5cb458d4a48a33a078de8baffbce507db4f2e49d,1
916027354a02347b2d71478deffde1a0c1ff1a59,0
96c4b7c6a42887dffb0f94602242dcfa2cfd1f8e,1
52c54b88a4018b09189dee21926abe2986f24e12,0
17bb790df3d5a53c4c44c1ea415dcba3e9a2481c,0
722d5131ee1b2f4ca2c9d77f11d62372fdc89225,1
1c58dbd7c094bce31bef3a87f390b20047c072f8,1
84e35bffb6aef2c8c7e26bb2057e90ef5bced156,1
a8e3584379b2af5675310d00426227fcf722382f,1
d91ef2a1e55fdd02726253ca2dd833e948f95dbb,0
ea62cbcd62f4438f47902b1bf83008ad5eefa419,0
b994ce24f0c57f42fa796714a11684159a36c8e3,1
ca3eae64b37dc54b550f66ef8d4dea7ae7f64ecb,0
45c885df017870a7751b52d5f00f9943b0129392,0
b28114beca775a6c9716e9ea0ee355e80cc61290,1
518d1c09d228d1efe684aff270b8d7c7311acb07,0
040a06c717b9af42564bd9ddf5df2ebba093fca8,0
8b795dddfcf56172039802869812a43f62fd7923,0
8e459edf56246120a5d1f6a6216c8dba2c2edcaa,0
242023600c98539e118c7f68d6a2cbbf3371f444,0
c25a2783883ad7e0d16f898ae4505d2ff8c538a4,0
f7ffb14a3f7db76769bb1ea9b138982e131d1054,0
b7a9025cfb0ff048e54c1fa3592d52dda9e43cba,0
f628f6a822babfe8b29bf9210a90e172d5e485ac,0
81d60216cdd3d6866bfeedcaaf66f2fe69fb8903,0
069b08924debb76558b698b4c27f66d924e4693f,0
4eb88143006ee6a74e175557ce0515643dc452dc,0
e5250c2a76c67ad599fc76652f5e45de67267b52,0
611f8d43d02298e615574a207a564f457fb5791f,0
1f86371d6b251c8694f6ba2d48527e753e9aea59,1
bb5968e1c0be026080ee1cb406a0b72b8d561d30,1
75e5cc42eab336ba1080ee67296fcd9bf3628fac,0
795733fc8e403598720c3466831c7f50ef880f48,1
5e64e0a962a9065e6c927bc9dcc51bdf090894fc,0
6ec2d6d591559989f17f34bf2245426960ea5410,0
8d782c2aea0a2c22222774a684fe01da39bcc8ba,0
3fed5b135737115b3cc0f9d13b8d300758d71e93,1
4d3034afb61120cc42516797eb02dfd367b431e8,1
d8d15beb6d21505362ff93c9ce9c0dd48a7b3dd5,1
f3750c0ad3dee913b14f506fc45e76bb59cc94ac,0
d69355f02f654d45b6816c38792dcb2825a09b17,1
7862e7dec219a8cd93280b73d4bd344b3cbd0b01,1
583d66a36e1d45b8abf68871397e9647a9d0c49c,0
14451c17b93ac253cfe9ab174b08916f0914b0b6,0
6e719d3c2af3b4794b90767e7e7b6122731db789,1
04a6e9f5a8ff9dd0c0fc6d3ac91eb7db377e3887,1
2671d99728d4711b2dfbeda50e5d4a1a2de1471a,1
1dd4285b6ae3b4305fc67ba4bdf8bb75ee76dc1c,0
7444a200ffe82f1333b3675ab4cf11a90b7c6f47,0
a750fa564a58ed9088d51008e7491e87114625ae,1
94077c032f73b748865c5dcc610a3581e763b652,0
7315cbb6170845ed4b71639babda671edaf7d335,0
c37f10b2e5e742e08680c494c7442c4150e7fb8c,0
cf9deee8f4437a65e2aff62e2a373898edce62c6,0
0baa0bbd835b1fc3f325ce22216791980098ebad,1
481ee6d72a9663e059318f12f7ae422946874e58,0
61f1bcd5efdf13c96052e1aba45ba55b7376d8c4,1
7946f4f0ef4ff7c495b788c2e6d8ef628b818793,0
670764dbf1297e6be956939a30e2c7ea768d2c04,0
43a35bfd2f9222d75af849db8dc84668e2b68977,1
6065459800277a2529110611a129e7fd3535f5be,1
ac6d290db90080b22dbff0b747869ac2e253e6cd,0
970819e6ffb708432b35dc4497238c42d1d05a9e,0
d26f93775295f18ae6c76d66eca577750b9ad94b,0
7a956bb963d567c10fadcefc7fb68038aed6fb7a,0
4c27da010969b63a8894a59443d8bae424bf8212,1
6b059849837bfb1f8312092baf420d7dede797e3,0
9851684500cc89f498d14d38e801e5f52ffabb50,0
783842b18ff833d4e12578655eec389a6ded645c,1
11c4cba95dc0e4f433b424606bbb2d90647f7fd5,0
8b91d10d9b1e2864c191c97322b1eb46ab86cfb9,0
f7d2a150a25bf84adcf207cc29919c0b326d18d7,1
b238414e9bae7390e51376f8ae26e740cd6aaaa9,0
89ba84334470d6cbbe1abd1a248df5da5d5f3e2c,0
24a5f59c05084f557d00215a2d71bccf2a7d5205,0
6cafe26e7e05d68a3433e00e2ee4660efc9a7aa1,1
ed2e92f114afbe0321f8e705c54e96904d231a88,0
d4634cf96604e7b89e6e8c45fa2101c37595ebe5,0
59e917721c8a6b85644043cb0529dfc77c38919d,1
c0f48906d5f7bf7119c3c735d1ad8d77e4ea670e,1
1b8bc2a6ddf1ba0609abfed1a9e5f0986be1eb32,0
f94ec4fd13ee34fae1eb2fed896d1f3ee6af21b2,0
03f7afd5db632b85afdf3b19f4955a53837cb029,0
82073dda4e1808556882779bfe4cfd6a14fb6d80,0
767ac8bb18b358ef9797bff9d755eb62531cd2b5,0
e350645957c53c620fa5b235f2af9bd08155d1b2,0
2dcf849dc640dc8dd9b0dfb5c15b7aacec160e60,0
4cadb0450b60885dc5bdc9d294b8c5264223e7f8,0
98b43d8e76fb68ab3e62d83572d1e9689a77f9c1,1
ec21495a73d476d31a4cf017b3e010e14f2e5382,1
ef6bfa524df44670ba95dbb790a47d7f926ac38e,0
a77c00e36a78822dfede8beb999f0c0d896f32e9,1
345bd1c6e6dcc28e4c5cb970c483154b685b672c,1
f9bf933a04cda4d1fe770b801841f2d4e00d0633,0
dbac699e50038b8516ade2644016cedf64e3ffba,1
3c9b8af17febe35563c0c1ab457ca197d65d4131,0
c122268bffde46c386abd9487e53322b2347acf8,0
ec54fb461a1f2028af18f4f41a9a17146c88f954,1
50487a83c0c53b43623dc8bff72e4fd59d836c02,0
98e9a37d28c315dc5fa8b82d52f70488bb9f0f2e,0
ebbea37cdbe0feda78dc12aa3bff539ec736177e,0
0855343cb8a8ddd0b0c2fe8954dfaa927e96c376,0
0d3ba40a936bbc048db68a607485e48411c8929e,0
d7be290051a229f550d7ee11bdf56e8703080fd6,1
dfcf4c178c40fdaaddaf187efca50ee3ab733e54,0
bc6691d60ef444f01da2dae1a92398ee64044758,1
5ec3e4f3449aba07073c2fa1cf7c5720ddb5571e,1
498dc2677b97f26102278607ee449d00f1bdb5c0,0
fdd273af437b385a3fc90ea009461e8107e4ee85,0
9d079c5e6abbf3319a268b1f1e562aa16bdf74b4,0
0b5dbeaf305455f88cc24195b1486c4a20855b64,0
d680375f257f9628d758db35e6fb81fdb43be56f,0
f3552f2148ba382b1b693f9d4186922982f0cb9d,0
fe6d662a68bbdcc1566e3395dab06d184d0bebd1,1
96b26599ff280a3500fac7976174d700697dba1e,0
89a7b5622e94bd87f02989a973582adf3625def4,0
c0c7eb717b0e91c8b2a84229edc99df355090ced,0
2767c8805d008cd38eb30eba6c1c28fd428561cd,0
eb8888c0040825add8e996ed91a03e3aaad9b243,0
0bb23b51f432ec8020e65d58932ba5e621d54e02,0
9d9611d3b3f8b3006fbb79a6c2269124abb884fe,0
5764b2b0018d0ad848509a644e201ac261578330,0
1af55875d592d3611fe13597fa8dcd689990baf2,1
083db0b4927e5e9727d315440691b15d686dc63c,0
d75b2a305cd23d834ff8e5c4e3d950de3663fe91,1
fd83a6600812c04d317a72e6675cc126c2113161,0
e6960a51d2925012b8ab97c46b40fd3de846cf07,1
5861854a0275bd922d0105b7754ce15c63e70f7f,0
68b5f103f19c3005c79fd20dde4dabc199acce4e,1
4fa5a9b30de19def86f0d40d3d4c3ffaa5cf942b,0
4f32a8149a460265bd5a6ac176d2e00ea380abcb,1
ef2eebd20b295b74d675ed7d0f9cbba1c282eed7,1
d25a4a1e34b2fb18fac1b8de84da7d9e90be2317,0
bdda2e0939f0b1ce5752d9360b3b9103dfacc37f,0
7e9eccfd59e0301bd1ba11e38e936b5e63951304,1
2119897d4242507d578130ed0fe4006b471c0282,0
6ab0750e5ba6b5cdf56ee9e306a9be4972401e63,0
575dab173497122549850a940f97b98c49cbba70,0
a3ad2250b1918e238890404b93755a5ed989bf51,1
d122dba28155692e791b34f44669816ae4999d6c,0
13ffbb23cb4aef922f8700025b14591fb495e422,1
baf8864b7f57cda0d3d327310b2ee900d35673fe,0
d917dab39380cb5a34a9bc4fa1e3d1ad7e2a84c0,0
2c181503dc1863574b33e4847c126d1e50917ae0,0
c7622709e90a49c0e8a1a4978f685ef6e71e9785,1
a08dbb18ba38581a99efb1de5e0c011cba414e02,0
184266411e610688916305e8ecd31c6f719d39bb,1
7eb7174188d40e8112837e4c4cae129b3b0b32ec,0
2a25ad7c2d5ab91c3e4f5330378fba15589cedaf,0
fd60a75ebd27da1d07b6f3833744bf6ac492ce94,0
49d512573cf509dd00c71b92669e56d07f1ca650,1
20317986a255ece08fa14e02105d451ccbc055b7,1
adb13e460ffce7a69c780c2885c0985d20269ece,0
62dd0a9e0561aaee286d7449f0e99ed77f012d34,0
8c3cba290bab65376bd9287fbaeb6d4618bb5456,0
540ee2788f05d170ab314cf30e5227275b9e1a3d,0
f766418920a5e8707e9ec1112485839cf4afe67e,0
9c7a0806ba6735a249338f08425bb9740b8fa472,0
7b962e828f98e262c69ae9d901607ec40c8c3a3e,0
f7a959ee4a35db4c774a7135ac922589d6ca9e18,0
6c8dc026bef47c4bda1fd15509f6f08ca21fcbe7,0
26180548c61f4c381813c147c66a143d8543cf24,1
24cdd19e72d2b77e46f51659987bb77d6e108e35,1
b94ba647f077d7341409020fd3205c9f52d1ba12,1
dc7227adab4e0985d9edc8633f38a16df4aa59ab,1
466840c95bf25dcfd37e2b2efdf29fc5ca7bedc4,1
22503e5dc28a756afff3758d1047f31ac0945462,1
efbc7b6ffb290844d2a6a0c781201b1e7a51216b,0
307a99f57166bed867d9b672d1e26004146a6aef,0
fd408aca26aa35ec34fe857b6039039389d39ee1,0
acdecbb3d34c9d957df007801ec4af9611f1578e,0
454796777a9dc1e5665d01d3ade246bd455c310f,1
311d149d1e98612ef5d90976d66921fd63bac11d,0
875368c8a2e8b14055565e6edc1f886f2f17d1ed,1
91906aa37995ce1dae0735d63ae0864bff618d5e,0
33765e4355225612a4e1f3bde2913e0f0b654c35,0
0043d677fd6f24fbbd206190025594d15c1abf3e,0
145a163d9b15aa161114cd78dc3523cd2dfb9f9b,0
683c456916b7248b7927eba8767ef19f973e4354,0
adb157ca428e6dfd31270b2083d42ad11766f9d1,1
c7bef2f25d4a05487b33c8d81b4f88e44b39bb5e,1
640b8b79bdc004d08ecd20accc303cfeed502d4b,0
a3516da94712f3136958ee3212459e5e4b70a46f,0
5c3c07f077efad813f3cb1992359484f619fd7c3,1
d6a4bf67060dc03f96efc565d91cc5264ec9e69d,1
45a0cf4081720916d6d42fbe872eed8f8bef2cc3,1
4a6501e8b960817f34f65a92e5fcc9b517de7576,0
3984b1abc0e2d0b252a4377bd7cb2cb47e006a24,0
8b12ccd1e1be9a43d0eb10673201a8562ec27165,0
c9f04bc739f63f084b1bcf23526b99601e69edd4,0
f74193c0e15e47223cfeb8789d42c2f47fee1af7,0
7d36e0c6a32c14c437d4aa71751e295562efb67c,0
21b13e8b1d33620672349432eb90736315f1e15e,0
b09a4c703409c02a7ff0f3045ae8f61904305459,0
49836c088f7f4164625ae5bb23fa02aa29dfed1d,0
43d6f880406470859f5df43a3d44ccf52124eb84,0
cfb04e427917a251d2be550c90708ffca94b0ed6,1
351e8cf1cc79d1b9ca7894d5f5224fb45ecdbb9d,0
6c7112d398bc9a338743ba88c66800dffc250f64,1
cb2f03aa9abfde30d0e93fde8215117a2992d4f1,1
6e958c8ce5449d39a0041fdf9e5c0fe3ccbceb0b,1
7b0d72b1e1ffb3abf33aa90e4b42d0aff9abaa53,1
5e31f0b480d404e620f1726c7244db54c7ad1b7a,1
f9f7ef45b4ceb604bb701abbb9e0b7f43fdd1c85,1
6e9d7e54afdfd03d055b013e62aa3424936c192b,0
41e34bbb3219c4300a684e2f82c605bf55f886ac,0
bdebdd2713ef6f40925b2da1ab56960659f97905,1
2f706f24ff6d2105e0d0b73cc239acda7426ee08,1
1fda03f395d9c8cb9d58cf820d7b9b668a1ac76a,0
355c45a7918779f1a9f615dccc9e11190ee17ee3,1
c3742e82eecbf7f1a3fc09eb45f076fa64c5a7f3,0
79e2e41883ec41eb3fc59d13553a1863e5fa4c56,1
8b2efed7f24c1059a5956bc10df9dfc9bfdbed34,0
417f8bac310460b06d3c5963e542743248f06886,0
40afcac81549341edbf7890bf8600060137d5443,0
e73df01fa55a3ed45d58d53c708be122a9316c6f,0
90fbfc5cf3951d5eba0fd216f414f9a54ee18e14,1
3e67e8ee6e735ee0f8ebc034b2464b3b4ee0be47,0
066dd3b3b7bd93943bb2a53608772d91024341a7,0
ce1c6eac276acc1e015a2cfc24a8d6b21b0c3267,0
cba7721621d0e0cf7d468cb37d452bf176488240,0
d06d35a2cb1808aeee144c328d3f3c1386f34d89,0
dec7aa48daeb0303883e1590a58b302bf7f09cc3,0
48e07fbf780775f35cfb30b7e97e8cc3b3567196,0
940e61837fd5d00078035a0b348d548cb758b498,0
df75ae33ff9eda155da66714f53df41aa520d314,0
6654933de92dcb1f2047cac402f9a200887e5323,1
ceaa54db1d77e071cb41faa4549ceca861880388,1
37918ef40c2e3879c4b60d89604e53cfd2b37334,0
8c7ec600676b63871d8ace5d11f0ecb5b64697eb,0
2e949ac1bf323fd44c6c28716d1cd24cd164cce9,1
51f09b9b41daf37b8965b21bde52715b1cd566d4,0
f360ee108def0d8fbfa652f886b8e75721963bfc,0
0ff7f54285338226670ce159e06e838b7213ddf6,0
f5899b925cea2912f3097555b936b3e3008c35dd,0
bb4b1632928cdd8d375341b95705cc45316fbe18,0
56e6d621e2e1fe9a13c89d785870272d422ac7ad,0
bf999658ba65393d1cd97d60539ddf05bdaff142,0
dd6179fee4970e94623b7301efb2f8681f176d31,1
3044eee5b10d35436ea8c35f63b50350f752c376,0
5e0c29c1d81bb7592c681011ea2aa7d175ca74e0,0
ae951b77dbfe8c2def2db4959e2a67229b762d40,0
215b7503ea1c147ece555233424752b0325cf637,1
389f1d571da5b3605ef4983ba0a37641065a1bcd,1
5a5868a01aaef8e042966d81f5a6b54a65d56a02,1
4147311b4ae99866c99c1c3c66def5366a6fc170,1
ac80ad96cb27d33856d101ebfa34820b49da366a,0
428ea10b41dea2051a1d2325226b2fc6e31eaeab,0
2b0063c029b74ee0ed93b487e6f3b3de7e7922df,0
8373ecd99a8d16dfa17d8e0c65f9f96bb1719f82,0
ca370348fc5a090708dc13f08093a0e749caaf0d,0
d670ba46ab9739c8f4e6f02f2c957f76b0128e15,0
e2e9754e5f0151e658c0818eaa123bf81e67107c,0
3adce4bff2635f700c5de1a4814fa87146267d20,1
d16bec2f349f09affcf4e3ab9a8a6a9bdfcb2085,0
5c778153f8698f031c656d2cfc942bdd7bcb5a8d,0
3b0e3729fc65f826a45f18a245152c36f71ac0d7,1
0c3629216d981dcf9b33c55480c74b9146b9a8af,1
00bdc3d722110e05e3152ec48237a9db4601fe30,0
901a4df666e8e5da8bc9027defb312d8b7ad6a15,1
e271ae4d5a817558dd061d71b916687d4528a579,1
0aab0c7c142aa8947a0572b1990422e64f149eb6,0
5fc93721d4eacd2340352011f073401fbae0674a,0
3d4b403cd8fe91b7fb248b79d1d32dc4ae925928,0
6db76754a85e84278b281ced7092fee297062baf,0
3934ced3c2c5506cb20605d55484c0230475f51f,0
b33535a09b6704151a25e2c7118f288456123a3b,1
1ac13627edaf75c325f9ee426416efa770f0b321,0
bb14d97e19ba63c01edffd0e5aa8b59e4ee0921b,1
e5d43f87bcf5af4f3254e0b44db4efd32fdd65f9,1
95ba1a05cc1a102d23867248ba573c99092a7660,0
7884c037a2acf6c139d7a6191738ac1ac6d3ad8a,0
80f0ecd5d8059b0ef5af54eb65f56379178be308,0
7dc430d6c03f8ec607206e223cd520a147ad69ff,0
58bcd15ddee62747f5fb1bc01a85b86443240f04,1
86c640d14cb32aa1b4154d98453f876e0ed9fd90,0
8516b06cff96ee0fda9e868386b346ad02948e06,0
8a4034b769cb3ced2b3ba7d8d272f24369f6eacc,0
4ff5d6377e708d24a68d07a814a7734fa27289f8,1
40decdd1a29cc1e0deb7c0d6b8d3e8c00ddf860c,1
ae537b5aac69863fb52431a34e0f1a917de925a5,0
1cae8de07ce6b716981cf208c0838fbee805364f,0
f84e97f25052e7173f7c4c200f853cb66e024132,1
4ecd7896fb340eb8a2e1632b25b245a3f4d76dfd,1
6f7d0c36c5916d96b94a7b591d2637553b0a1126,0
073aa91681e93f10ecc12f90d98231d8e4023ad4,1
63daa7ef79375fa2d773212452876fc7a1bee4a1,0
e9ddce22b0bcf0455d79f7bdb6dd6002ea04986e,1
8ef9a3a2cc5fa07c4dc2669680c911541f26518a,0
e27e3f668a5eac20128a0858322118612554ee83,1
08607a92d553e51dac861514ad30e9efd0a75df0,1
2fcefcf07d972669425789b8a7a41d24c8a5a60c,1
a6c142beeb97f3154e60b74dcd4fdb4e8450abf4,0
07fee8277856f669e0993d61abf613957d223f49,0
f07c44b7d3e33fc66d822a708d30b4033eb5630e,1
16149f023c0695bbdcb139219d97d7674f49e8d8,0
bc7c83bf0e20809d41f1c72ff45631f15ccca51a,0
cc25abba3e82cfbb2b7e4d697fa9a882d2a195bf,0
ecac5cbc80cb86f2ba8bca91e611863c709e2408,0
5e35821968e0fb4fd3e542ac787b780ef8ed5463,0
ed629d8414d190041f4c74e90f1e4bbc8dd39396,0
446e2bc8ccd93800cbe4e6419b6f69d16952d584,0
24b0d7c46db1106a3ec31626d5adcc183ef42f22,0
8db2eff349d66e82830806090f98b113b87e89cf,1
d8cae6539b2fbc9304256b6da9d77d1aae3c7341,0
5c5cd7730707f624a3b1515a3851464ceeaeba33,1
a9017e7844301d8551c56006ab61645a471d2cf3,0
5d8b2d45cbc93f8d8674fc6c19914e1cc277da25,0
7309d8d397cf39aab2549390ce12b79f586681da,0
9bdbed82d851b6c75c7235b0eddb5a2049042a60,1
9594e3385d300783e5b3256cd00e5f785cb41988,1
99945e8746c0d669098747f84067c2e9c880c217,0
2317ca41a5c68e9cdf7bb43cf6834f1dba1f7a3d,0
dde959b1f6d0ddf91824be45d17ee8694bb6fc18,1
2c1415c45ea83ac3e19cca1df744ce4f34cfb595,1
6e5abd8ac87f827bcc2ce9dcb7d464b6e4042bfa,1
146b276469ce485cb8bf87217d56d381de3e5b5a,0
666c5e5504d9c31e1e14d69df3b3fa3fdcb809fa,1
eb080ff46dc94f99b963214c7599bd6582de5eac,0
b3ec7b617792def3d9bef94c3c89b67611b319fb,0
b5e7566b659a96cf8a47c0d0cc7e6c59e8e4d692,1
860030ddf3fea3c16960f7bc4ceb3366905308ea,0
061f05963180acd99edf29490196302f61476a5d,1
b699835936fa52a5f6a610f487987f7250543009,1
98986d0a65ee56ac885a3bf25fb13d2a0033280d,0
e10e98f2332ccbee6f1db86f4a49113a740d5526,1
7b23fb73dcbfbd3a297a330869527318db0c52e3,1
f469dce0e5a08b6b9076eb644a1718e16fad21d2,1
d26fa7d0f4cc5ce9249ad31d4e048f2c6d8c3f59,0
76f07c6be2ebb7ca278f55e8acf34f2c57849b48,0
8ef035340e2ed65b0128d1e9b1fedac17774708c,1
a83e90f96bb023d278ed1da960f9f47f6be2d85f,0
b19ff7966e2d3884dc0d9c5039dd0cd13f1c945c,1
44b420fd0f0c6b1c6d43bde857e9c83e856b406d,1
6ea24806c5150c09cfbf1eec06dd0297079a5855,0
3582073fd9b4b542766c4f6c34651b5d16cc183d,1
3b9edb37f5b88c1b40a2600510a3c9d8d81beba1,1
e308964b9d57e76ab1755d290fbfcf1d56ba5a83,0
a7ddc2d60717dfc9d78aa73af013220b415b1437,0
5397a452d3b1a843a3ff6f8590c533456e297f78,1
2a71baed5d2848d8dd41e928b938817e8e3f2bee,1
55f736879cf932c1a0adc94eaa9b9cb4be8c5b08,1
769d392e8cb58741fd3a9aad5f1a6b3ae4d4db8d,1
c4c90ca361083100660b6c4e9759125698d2092c,0
8d6facd3654d24d47f5193b33b60bc6fcabd1bb2,1
c3ed23f039f2c28fc0739937940457018bdab583,0
a6ff84c6dfb0a6f3f814829ed59bf4bb54558ff3,1
2ffb09e7b4efdf87d7e7fe4f4474cd285b6bf3fb,1
e4431e7f8c66b9a5b4d8896e54d0c7d79169d1eb,1
178c57c73f53941eb8b801edcd8c52dec8593c95,0
388f777bae51f9abdaefab08349d2ad2fce91b4d,0
28a911b41fca6aa6bcb3512719051fc1e22e8fbc,1
6400fd897c399aa77254eb66db7542e8d8ee1e80,0
1f3122852a889f917918a0f18783c7cbc87f6ce7,0
39f096577a9162d06d0f7e3a3070fe7bd8c60040,1
d3c6a148a6584a70bf8a9488a266634d2be89666,0
5352dfe55154cf8b2ddd7d72e1e49d78cc4bc92a,1
433a61d0c2e6099e2999d06edceb6ab7e72e273c,0
7a63213ba081ce70806b1d46bbb89e8308f31fca,0
c8bf8b7de37ee5a4848341543aa3a37323767066,0
ec10c371958eb68d3e0a6e8f13e59d4dd3b0aebb,1
9420432444080a52b7e60ec149ed6d5e623655da,0
0a3f899e7c0b32e28298f137b34574dd61259b02,0
9f5389a5c264b2f500824c35ac61e712036b9393,1
1717894a908a2fd4082b24c17cd0ac78398d1207,0
a9c495b3193ac5442e0340f1240d51ca2cc7dc04,0
d253944be0072fd0b4a9bd07a295f6623bebe39a,0
c805861e6c589d460dac3bffb4ca0938a18f5157,0
7183538fb2242d53b827731d248c4e5a0a692782,0
dbbd54dfef9c154775d22975bb78a3d224244074,1
6cfd4fe90d7ed44e1221d5b47e27ea9dcb91ef91,0
ad9c8b6f6f77649c8ec663dfe881e5f0324b4704,0
3efb92eea623d6b8b82aa5e0b99fa78e19e81e61,1
914287a1d1c0948033814bb745d583e755e78fc0,0
3a2aab4b86a92221ca4aae9d8f344772982315c1,0
899e041f6d74e5f748632b99c44d74d8d0f99592,0
67749272ab3cd833afcfc2970690e331b58cc550,0
af654479308faabe9b51e687f68754b1c5201640,1
03bf7a2e2ece1547333dfd6871512f28f0d07c71,1
f1cbb02d101558b0c2ffe10152ff6a1fca88c018,1
99e867b36ad5365d0e8e1da2e4ed68969021de65,1
7886e79d8b66183032f83a355a8ed5942b6c6d88,0
8d247be47b5fcc936c93a8eb872e58b0ca6e8fd0,1
ef81f7f60de01f7145ba9f1829fb9091a535d0e5,0
74eb7a8c3b599ad497b0961a9af66df6901992de,0
cf0ea8ed0de701a6e53085a72fa7f114f9251821,1
163a8560dd5d3040fa83f1e65d56e8451f5cc653,0
df30b378b9d7f09f01cfc60126d9457dff07b25a,0
e85459dc0db8337f18cd6277f3435f63f1ee159b,0
a2e1e690bb36654377db20cef2278a0098640313,0
776323bdb9ca6e5b5b7ed7eebb814fd51234905f,1
500dafeb3dff6cdb8e251a0e509ef37b447d0a26,0
1c5a3244aac73c52e755c1ddddde32d4bf3213f1,0
5001252261a47935787d13323fb7d393d118ada2,0
3d684035517c02e62502b431e75b41fcebd41f0a,0
69048d7c7e1baf6784a312a599c5a7948c9b94c6,1
5c2f833d23d29823269487ddae1fc8aeddd59c27,1
193b3c0ffebe0103a760c9b4d0d4cc0a5b53459f,0
f1efb3d8a77418dc8aadb3951d2d346e9a13723b,0
28af1e4c8625f68510c8eba52ab0c9a3c23e377b,0
ffa94a6e0a962fc89a8c3a6c562becf0a6501642,1
e12ef882e347d405eca38c786d3c2561bbe1a19b,1
9dfb07982112ec28c4d6be06499f91056e39e65d,0
f69695a8453f3455df14b12a1651fe780fd176fa,1
a36cc87aa2448508bbec633f0e926c0c3fdf60b2,0
fd983b4ecd055d5575c89a31cceedf35df84f67e,1
702427f370689559b4f4b97e5064ebff9b5bc444,0
05cd203bfc368f0b136291e2fd16f64c833ecbdb,1
bf2b14dfe0469333f0349f52ae0c9e1f61ff1d29,1
bbea88f8216b6bead5197093772451aa8e6e9875,1
b6420388f054ec34fb502ed3b3ec39760d5d212f,1
e3b3c41ecb8a490babd9cf7c34610731221e26af,1
9b48758cfe310005b33809f913d11f2d8f8d6ab7,1
6bb869874b72418b7039786e556f6f6b590d2cc3,1
d80a0107426942acdf4459f630932d83d24673b4,0
0400b3c35760fb688a1ffcd29ffd75a06f67c705,1
b730df5f4221fb3d3475076f8f5f5e366320b913,1
94e32f68734d4f8f1e5bb7915e51d08a82f09e73,0
130cd6bb0daeb1775813a3198cf687f055a2bfe2,0
bae203e98e7afb28959a4ff1db42ad8605c535d5,0
cbd82b6b40a79d5af2a097625136ca0a50a00d72,0
62a8a984de23d4029cf21b999ec2975a479c608c,0
dc8e7747bd6bed49f0a6214ab34a4eda15c058c0,0
d93eb33c82f87c86bfb2a64afc96e85650eb9c99,1
7dbd71c7148850d4d78d9ba562429c8cfcd3c76f,1
53fe197f5930d235d0fd081b9154b2b2799a7f6a,0
0b35ea2e2bb5bff1e1cf2fab2ceff179eb7e642d,0
3aae84e3d8e166457e30e401d5dfef63d07cbcf9,0
5f5a046a6cb72ca34f1a512752ec287438646a92,1
f07c7df12b4f0fbdbaf37aea55d02f2dc23cd8e8,0
2b595813a9079134940caf771a671cd673486904,0
15613bafe2d12610053afdb8d6bddfbbd288fe5e,0
6742ef575cad3268421c0ec71f21dd8764d97abb,1
5e7d488d1b8518984a0441461cea874eca4192a1,0
479371117a7c4798a6e8ecebde390baaf8c22032,1
f15e40c50a402a17a76c47287bf3d165b6ca29fc,1
10b5bcd751475ccf540d8652e76a207383773dea,0
a309d42ff589f9fbbe2fae8189998ae5f046a477,1
fd1daad61a97fe540c5557c4c50a0387e68c84e7,1
c3aa0daf492599080faa0c1a9b81b1f8e025d068,0
21ce96c816a2bedd87d8b87aa9bd3a1b30e16370,1
cdf60fa85ea16dfd2b1ba6059a9fcbf5a058ece4,1
5bbdebb38cc1db3e694e736a0579a51b724c0778,1
5863f231b09eec617b6bbc5a264b47ce0c4f8902,1
633a41557b4c69c9fe4693b323ca20261c933418,0
f80d6cc509d7848c35f3a00d321189db61fcb9bd,0
cbc0fd663d111508f66d2a28c52013ac45f1d42e,1
19f49cf98b3514864c431dcaac3995ec6a3e7fe0,0
e8492976c9c869eb432781cc716fc1d9141dd8c3,0
ef643bef026012111d8c7e97a841d612e4d7dca2,1
a29b94a95e73482316d96b88994c14eadf31479d,0
78eecffcc3655d6aba2954ae46b3ef3f0946d3ce,0
d61dbd90734ddd85c589516b434023b8a5a88d45,0
fa2ce5e802dd281bd98fcfb538e80b9c96c2b7af,1
cf22822bda8927a2e04026bfd3d8354da6d54f92,0
1587c1bcac1ffe176e32783a965fae9deab483f9,1
6f6dd8d499f3c5de0790d21db2d347a21ac5ccce,0
6e3ec9c0d0b19a240f0fc87c0cd9260b0e771e8c,1
d2cd1ff0f184d66718bc2f5ea7c17eadff3289a5,1
a7b05cfa7cfa2a5e2a898bfba1c24123d893d02e,1
6016342c45db0702b558b21b69fb151b72dda62f,0
3e83e14ffc3a92d41d5ba7f9efed3e5edeb9ad4f,1
a57cc6b8535b401edebb9afa9c624fef1a987b77,0
12fde2369c601da432e3164fffc61ed8a32a8cf1,0
333a07218a3137c0a7f1acb195fb1457feace8b0,0
c19ec2bf9fd0655e619a78c9f7e959092f249b4a,0
4ff4ccf98886fb254de2f67277d3091181efa82a,1
ef7e4571fd613e054b3ad745e6cfe13835439e90,1
35230a94aacfbb7d229d6cff32712745e6c08bdb,0
f949a3e081603e037edc13d218267312d4243daa,0
3bcde2bdc793f93fe81941bc5a5a532547225270,0
6f5888e2c4cb0cff84f2ecbe1646206be5657988,0
63088772f0b78a301b8c9f4b006d24f4ac325120,0
9968bce956d8cef39a61f7796b7dcbe43231bf78,0
7e0cb7fa72f7ccdaabf2b3a6d4b5855bf0be902a,0
5a3024713222cef1aeb97f0b40d6aa8ac99f289e,0
718cda1256ad79bb23ea9c99dcb7a42f99e6ec93,1
1fe075753cb5fa69d8a7a43dc77dbfcfdb3183a3,0
e186bbbc20be57fc5dfa1193393cd5c43b1aaa63,0
9b1a80d01758e77f876bf1c43974c853e7d3ca7f,0
2a7cdb9a9743210af68484e49c8122aa6e581292,0
a909a6a90e9a485d5b060dab63a2d1ac8a4a0eb0,0
acf59b8e550584469f425d74acaa0c0fe5644246,0
f58c341b15675bd14d6f8d976da80f3a851b89f4,1
a523c357e1051e208866b77ac0d68f3af0373718,0
f31d8e2f714eb450a4237e37afdaf03865117448,1
3ecb32d4a1ac3c81059db1dd6c9b0ce5bbf1c146,1
b157124c3dcf362224619bd0297056f1afbcda76,0
fc90448b1887cd20d5dc56a3735a7d7b873668ff,0
243368c00ba1926cd9e1ba47f5e71cc884c060c8,1
a40e9cab7e2ac8c42fcc21c183d4ff97b36ef6e5,0
485768ce7683baca90e94214f5f1b0907e9d42f0,0
1bd188ea1310efdcc7c917efcbaa9fbbc4c648dc,0
b48b233ef86a19b407da1804ea53f0b45d30152e,1
78dc781e81834a14645e54a339c11ff9af4a84b0,1
4defb00a213018c1f26b524fd0cfbb80a74832a1,0
4de4f840e971ce49356f44b26b9ddaee288302af,0
07f8570de38f4a033a7e7ecef5a40d9fb844d0cf,1
86808a29c33b544c004d4204392b7a34ef04a98f,0
e658f9fca186ea4cc802d3dc11c190612b356e5a,0
78f8466998fa6ee677446a07f54d70b5feef5a60,1
175631f74598b667c0b5878f5ba366ef294943a2,1
672755596cd0757c0bcf55e8825d3c593dc931ab,1
67ebab35548f7b992f003280616fbd6a5354fcc1,0
5eb2bd0dd7c8de5f0a200d5b517dba88ccc26a99,1
adbcce4b52b0ec944e4fea71bcd5d791b0efd13a,1
c9f03d91da5d63752fa283617e0156c182bdf759,0
60890fa980120c50695e722b2e502b8e600480b6,0
5e0da61eed563155a3d87ade772b746c397fb5f9,0
a9cdb5406218abefe257db67349bfe05a844f295,0
3040abaa8456a9b37ec7daaf22a7c0f30cd2224b,0
b8cd20ed6012b97d92a863111d8ecd2c0c64de9f,0
66df93e7a4a3bc490a64c7a1a2ce811063142727,0
16f3cf1c090be4fd53cd2a87a41059139fce3d85,1
f1db35ef7d99a04ffb0b48b61d02d77b0158aa4a,1
84f0a795f1df42f332ac688dda8dff2715248c4e,0
53fdeda43201165260de07037e8615d43fb8a5aa,1
7e61969bf501f62c33390588defb3607129d4c22,0
948b9c5d402f5f3aab105f873c4d0085a0560864,0
f070e626d4eb6e9a11770af6997376983e86f3fa,0
506f9e5cce7936e6af4bc753452c5264bc71b016,1
6758573e1cf9d3f14460ca0f7fba291356cc0c0c,0
0a15ed952cdd185f74c4e7c28ff51e9593914afe,1
e522f6c0ff794ceb2cd04db38d25c4180b35857c,0
d7c6d2401e2ecc44c84057bc0dea1687d3f31dd8,0
8a504c7ae56ff3ae060a84e20b187f565345f226,1
f098f8871b0654c17bf864fe0b05427137302bc1,0
eafb7b641a9381577b76e7828a53c0224820bd99,0
0cd0f50bd134fedf479316ecb43bd703108ef8e1,0
7009e8d77b78a7d48289925ce6934f6b41005231,1
3bd2faaa2ae1b96c9f6ad4fe47700b18691aa7dd,0
b7bb764bb2a8459455d31952b98a5527c1b129fa,1
87198fc6921d03e45543c2491c99953f376ee85c,0
a2346f9a3de2374d1bf8a5a533206802899839e3,0
1e9eaf7fee45765694e6e05f7385970dec5712d2,0
57ca5a5a80acb4c52358f829145a471faf9126af,1
6410eec8c7efcd2306e7e0c5e1124db7af69acbf,0
9ab73579cb5385d8f584486a9128e8b63dbf1a68,0
887d64a2de2ffb0e32fda52d35bee84870723235,0
e68f9e8d529722d1ef2d67cd42945b269a9cc7ec,0
29fff4fa6958adfdbd46daec62e3bba6ef2f6c41,0
9763330cd9d67214c152519eb13af12fcde7e4d4,0
e5aa771b277812eb2a41a4d07e6759cdf7cf9375,0
faeb2d50026d0fc2bbd211cd6051c6272b03f27a,1
49b31e2467579b74ff0bac2398cca8d71e8b0da2,1
dc9ade57bae5bff790f8e5b23cef060f8b4d8637,1
ca432aa7bb68659ba64b138f4697c693d142febd,0
e7ef21181d4bc3295bed0daa929a9b1af44566f0,0
17e39ebb9803d126f40576e9ad6b7f2a94794f25,0
38bfb1e8da9211f20541328ad51f5ba5daac12ab,0
6170f2221cead528340b641b5e4a26003bccac86,0
127a3d881066854188e0b4580eab2cdd42a32e97,0
21a3f824883498244d3e7dd93250d83cadf68f9f,1
5b13d63e9d9b6cbc0bdb0e48391b70fb2090cc23,0
fb70946aa915600d0fa4c71dfca53e53928ebf3e,0
f89c251119d1ad3b3474de176c411b25b3e4a2e8,0
f5318c9d238262e048d80e484e3a81a4d5f25278,0
41c68aaab8438435d1dafdef9702cb0d1a120c8f,0
094a84510ba3c38511d8b434ec872bde5b5f01a9,1
c184ec32aaaf48bdbb0c90286086bd72db479792,1
7fde693d948af2865a61e3f70593f4e9c6e17113,1
dae93a8d530f789e2e7ff580bf4d1538a3d98f26,0
5efba717b4f1f5966af19b7044029e66c91b2cfd,1
a967caa3b52c4c05b1e5fa5115895e808c532457,0
384f7783106687b54964bb2cf0bc4ceede8aaa19,0
bd2c06bf4c3fdf23c77d37db3e7820cc4471f428,1
244edc6345ffef3256dfc04f416346350ea3ad68,0
e19187c3c9121837b66d95108d92553a85a484b2,0
c4325803eb3473abfecb91b420a92b9f12fad0ce,1
94b182e4489c9428a4b175d2362a1a5b1a4be8bc,1
a043d58ae467ee9806a9b57c3a0c0ca01f8a3d64,0
9519d2a68fad288e0a9e367c42e0860b30f5a8c7,1
1067e1487c1dac10090783276a8c4ce41cf4784d,1
6cca6601aade71e40ebbb076cfb9797035cfcf36,0
088193b7344c97795934f1a54a92d554b10548c4,1
91d08571a4c7baf341b81ee5ad0bfaac0c0b856b,0
577572a56cabe0233584ed4f5eddd7b7f6c87611,1
7e5779a1661096a7dc77a1847c30df74e0089d00,1
7c6a6545cee75c443d3b5a1349d4db576621d12d,0
403abb7ccba7717b54e02aa5afd805339385cb36,0
b0395917eba8af07367dfa2726b6af92b3608eb4,1
bc1b183a032c2dc9171b5a6fae99342699029995,0
1d2dfc40b96b4fdd69487728584af1a127eae7f0,1
bcfe8a5c49fd9878dedd540f0536306d82aa30ae,0
3d2e945d331d2ea9c5da8cb41e7ccf1ab366fa23,0
87cfea3ef50433709c246502be7e551127031fe7,0
c560b257b0b2d1a9aa8dcd1d8527e7c86a960fc9,0
5436d228cc31538b9292cc6861016c55c237393b,1
97bc5edf0aac5ead96c7f5a2082da38d093db951,0
97d312b31183193fc94b7206f48c365f616e33fe,0
ff8010ff864c7c07fedb146650a8d6eefa6ac82f,0
beb5e8c7ae3a76fa63755cace180623ee92fb9f0,1
ddf9ad4e67c84d02880c3e6e7cf6a49a785719bd,0
b8f1aa6ce6f0663b5be0efa441e7ae163f8ca760,0
ab9a315f812bcd28b6a513a2fe80459d36c088af,0
0f371919c2be61345949d207ad5315870e0a657a,0
a60f506f2dda6ba31559fa8a9b8e4b0b5b07ab97,0
3a5cf7d59c2df575fdab5a8d0f3a0e158b9ef10f,0
9cce29793a8e21d7f22a372c77bef00f59b82577,1
4c816a86da517ee9d7e8c28f7e82e39b24c7f6e2,0
261afc8a6476980d996d58a668a23a0174fde187,0
aff7a139598da9a9608887075ad061ca668f510a,1
d0e76dc86c72c1d7f3def2117239418374f81d16,0
ff155eba3bd729ec0e51774d036d5cc09b20f375,0
3619fef8051e9cea8908ab7d7bfaeb51566312fb,0
a9b8ec171f69753c065d56bc8c56e1c146717403,0
413a8c3e113feb34f1038bba4675b372e8cca8e0,0
4dec63d7f664667a5d8691d013ed67fbc35e52c7,0
8b88418d4968aec94735463e91e052a3568a9896,1
4ef3321c4c4ae7bb263867691ecf37e69db797e6,0
0d73770dbfb8afe09a5c1c86268ec76dfb6106f4,1
01ae5a9b1b1b6308de423e7f0cb82b4134c9ca80,0
75f0db080200a5f0cc273731ee1ba8237ec100b7,0
5acf2757692b9c343452ec9b596f826536adb297,0
981a11cb385250bfa970e6d88c7bde930b37079a,0
1b851469eccbca644fefba42c6440e341fa04ba3,0
94964d17f9c893203d8ca942f7c7bcfbb2e8c06f,1
f703248957cc12cccbb8547fe59653b7a5e2b99f,0
06bd685df27fdeaec30bb7ce9abd183f162bd7e8,1
a3acaaafe30fd171d71d14be090f976569b764f4,0
d31371b34a773638e102f140240dbffe19525da4,1
7425e8814c9a225308d4b3eb8e0ade7d0741648f,0
f6c628c0125ab6e2f3c9e159b8aa515af1630da7,0
91814867cea707e7fa4c9bd1c0797de0a6d92426,0
c9788ad25a48da26aeba6d3db9a51adb7c50d0d6,1
b2627e0ceec8db68ee181724812873841da185b6,0
13488702aa082e364fb262f02887748ab68d0663,1
cb08e93ac934744c06a42cfe10252375ea5568d9,0
46c26d7cfa1f093bac7c19262a2839e5954ec8a5,0
1cbe354f3c466d5dd57aa1f8110abc33c2130b01,1
80fb0ed56d79475850115286a25e093f946c0e07,0
c6cef3c372e6b4b747b72fe6d3b3c4846f8f0d26,0
1723a5782dae2e0f456f4c3485bb7654fcfa71c1,1
ffaf50f25c1d20d84ac3015965cf61afa2b92b26,0
da92f9cae321050168a3f5cc98e8709b72fcf50c,1
957f3f433780acec4121b625ac1837e1b2c362be,1
bdd4732cb5516e74211f6ba8732276d70437210b,0
9c21cbaa603bbf5c6b97bf28f0edbb086a9cc2d5,1
6bc93bbe19b286a2564e24d87193269d8ee73970,0
1441a7dfc9f1cec8d8aeda2fb72b04c2e6ebe6c7,1
23ae5f7830f8ae22f41ca95c5c78a63352363909,1
a9237a3d071fe28f0523202acc261c2e1bd92d2f,0
a078ee84a910318b99acfb5ce89419c30276c383,1
e3e1f0de5dd7ad2cacf2c10020fb97e4102b605b,0
2ba0b524344760e3d677305fbc3632d65f2a05b6,0
b282086874f77260ddfd38c4592bf168b0a414cb,0
e2f16e53a9ded0c90c8845055c872e04c0a899e0,1
b6b5d2cb11e82fa6c8007e6888e930b4c14dccb2,1
a588040f1e895d31a4dc61dbf40b0a084d48eeef,0
431d8dff57a512b2be06a4caca6261600e9a119d,1
7c1851399874e78ddebfd1c0430dc587b3d8e46d,0
7c7967188283b7e98d2cba82b2e5938588a235f1,1
4b3f176bd258e974418fb01fe166c50e4aa4a5dc,0
a388a0f3f0a2d96760b8f65ed1e49d081fbfd68b,1
68dcef1c9f427f585654b75fe6a8bcb61cd96730,0
a4ea72ec8adfb62095bb41fe282d679fc2d13b21,0
77cebe7230687529fb2c1dedcebc09f345e04212,1
390d181079f9879555a66fef5504804d19eb902b,1
d9283cab708b63744035784a0259a1a5ace2f930,0
7d9179b35ec157c228cc81a11e2c4ae0860f34ad,1
381397202a147be82787493c95f6e8d2c61671d5,1
546349d3b4ca461fadc2f1c5a19922e996896a71,1
7c3f5daba81f01670fad169629726cf5830d670b,0
7b2ef32529c2d41c5942029484da0e8209cd2757,1
9dcd867d8f05f25cfe142e20b1a7b5ecc928ff8f,1
abc51972957769f908248fc26a7c3b4e2f3f7ded,0
0faa050bd44408bd3c7671d8bec58c87aa5f1a16,0
5fa358dc362a7d6b374445e76573af72c92c164d,1
816b38fcbd4eba2b2c721e484b2abed79bbf62e3,0
265aa692fb0ddf92afcaab93378839c77cd49c98,1
6cd8cbc653e378c14c83bfee644b4d0d843fb3d0,0
e5562f572042722cc4679db4e1f6722b900e885f,0
eb05875b9b152fffd0ccaece17ed81f36be803c5,1
6d1826fcf3d0711285cce39204c465972b9c80f7,0
255fbcf1c348a19263797f4f788edc05a0ee99ce,0
7c14c0db4e3325ab020fe56aa76a493054672ab1,0
a3db1e517c1cb65a27d91407c0666f90990473f1,1
7db5e906711910d91c6aa53a6a7454b96921e61b,1
1e0be1c855a7a451d452a66f398febd51d65d741,1
162f0e34c1a922752b219b00550f2985dbbe960d,1
bf45d5596e2f6a7cf20209727023ee0707070089,1
b108838713487c206efa8c2883258e548e017267,0
415e9ec7ce64c5611937871f599f35aec1decfca,1
dc9b3547eb97ffde9130876e5b81080cb094d086,0
d7cd92b60c45800ca3b9df51e09e75560871d7f0,1
5705fc4a4445f0d8d9e60f8919dc2bcf4c9a8635,1
13e62a6fddf2dc2675740446955d9bf428756719,0
cc160ad43660634d68145cab7b25bb35a21e16f9,1
9287d6d2b5aa0d0b1ab4909ac87248787abd5c94,0
be8f08793b57d77683158ee329522e6ea41d5d1d,1
4f499ab1e71d9a81b0f6bd543c4deccb772e8654,0
bdb4a82795ee7f63fde8a083541cb23579e5bbbb,0
74c0789221c165a7b66ecfc553dc590335033164,1
99c89449e32a52f78ae3ac1710daf97831d202aa,0
351321f4f41b66ee300997f5102b3fc80c552d21,0
82dbae1cfe92cd658406be4d45eba8567410059b,0
7b26ddc15ab575c2edb5785d81e201feb9e79e99,1
52e7567b1ed1f0eed085183d50b4b5b0b2750231,1
87edbe11f8d893519a5ad6daab675e83d371c3e6,0
7866ba27dc942bfe768873ed0ac6ff3a39ad959f,0
1c97b1154d98d672762abe0a527277ba93eddcee,0
2d071a91b07df07c29a69cb813e9c13f178f436c,0
1d393997454525bb0c6620d06039955c1e426b9b,0
3b9b03e24351082327f58233a0085c8eda737071,0
c91fbbcbe52ea5e6c6e86de9df3c1f1fa46be587,1
4bdd76d86925d25a0cc780da9d3ac4a4fc01f8e7,1
e182e6caed4f8362a1bbf9ef4bde5b260b65fb4e,0
e53f183a476329f4fa061158f11de91ecc1f47c4,0
db789ce6f1fa19a6800ed45d564f16111848fa3f,0
f9c8e54f7d918d67d069151bcad8c2b62149a64b,1
2a64920e47502d1b4f0e5ce5ace0a8c258525ea3,1
ef796f436205c0aadce7d5913f430333ed59849c,0
dacd5132ee02ee09826a96999335f6bb3239bc72,1
984c8051030d1c87c525c9e6dfe6bad20340cc3a,0
6f420adb47e2f7c7bdc6a2ca067a2a0a8130f68e,0
280b0f600968de6ae885351de82cd7824f0ee709,0
1706b171fd28446cb144b0ac8a24249c6aa99edf,1
e4c2b25c0822985bde9ba221376af8da2276ed45,0
35a2c5e5c1324061233372bdfa51de70c9a5b7d2,1
45711b44c25a7a32deee94de5bcfae4f0681a201,0
eaf23b3d4e4621657fc24b047d4a3815fbc228ec,0
feaebe682dc889c9c939ae9742aaf3a6fae8aa39,1
2407a8296c910a0bef5fad3128ffe036f3ed58df,1
e6c3b1273f7f508e522ef4463d52faa4b50e96e0,1
9b86af1a55534256fe4c9fc783b6efb6b9dcb80a,0
3a443ee83da630cd25413e76f702f8156e4b3112,1
c400fb8fb2814c726e82207c007243875345bcf5,1
4f4e453db5316c09e99d909a48e66daebe81b660,0
610d97285c9fa679df5ccf215ac5a5b202e13ac2,0
524a25b90819988fa03d8ae76d1165aa71fdf0de,0
45ab3f1dce8fe7b0f33db3690767af75992a2320,1
5ef678c6c2f34e46c275f8edfce34ff166850128,0
123b077659aa502e0cb4a3e5b5fdd9343b6f01bb,0
633969d088565131c8305670f6ca2c911a58504b,0
b2e565607dcca51507a4cab2e6d871b647e484ab,1
5d82c2faf8167f68eea758e36558a0b2959b2237,0
c91a612ba57b9dc8381a17b84f6f17d70e60c223,0
f0add2a3fce34fdba539659c77bb0c5c5a69e91c,1
b32fc1cd1472fbd1ffede6d19430d771f87b6f5e,0
7d49c7dc17a49c3a3e4f7f60d4022fcc35385743,0
c1ffd7eedcb45a46c82e1462a8b93d9e985fa8f7,1
e325762aceae8e0d0cae08a86adf3e45eebdd47d,1
db3194e8e15afc66e79315f38b236db670179c00,0
5e55df18085253a384cf5765eaa657054b268c4c,1
a537b30e072dafc52706bca54ba5894706647c9b,1
b0ef082aceb33cc4f98475b5971803f83312eb1f,0
36ab95978cf4078ad04edf782a1181873e243bd6,0
4bbc9623a9b62661ff42b9a450320fd8453426d6,1
e9cdb96e539a7ff37eb568276eaa7872e208cd02,1
67f710923535028e2b0e3bda41550912829f6aa8,1
7a1aa7afe316f2afb63e3350de40ca80da5ec324,0
c81eee659ba910a31cefd235091d74d27b076b17,0
e213365b735cef9655858d9d99253751391349ec,1
110998b0070860f430c2d6b6a6db5beb7fc031c2,0
b0f5dbe2616238b1ff8e91cc8cbbde334165bd46,1
ae153764e9d07a0ae467b78c48ef9b1f2f091c0c,0
0ebd0951e99b7186fc797ff08aeb5b4e2ac3a2ca,0
d27cadc9d8edd51c9af4169a051a650e7beab6d6,0
622e1d5c0b7d58dc5f51f64fe57de42dccd9e59d,1
8c5683fd6733261b04f536be95ff01d1775ce374,0
a170b242850485efeb361e21c3a38bb66aefc8c3,0
16a520e3cd493dada26f1c2a77d8a5731ec3801a,0
1d2311e3a740184d695f6bd2f2b16cc5a6c7fac3,0
7a86b8e9b606a4da3b21460b0282934f11087e04,1
7ebcdb44ad1b8371168b3c237cc4cc6012908fd5,1
e756487f75703675ed7643c36c6a9fff5e42adba,0
9c9c749152af8b20462320cf32dad2c656f70eac,0
e206bfae17d775fc5400812955c800f0f88198b6,1
84eb5946229f6618f59c1fd87956a246b55ec980,1
5a1f77d4f373cfa4017af15bb39669b0a37a8227,1
1674093f4efa6cbd7364ce928b6c2dc26ec3ca1d,0
df2bf4f38b44260aa8461d93fc48e00c367e3459,1
d7169c078bddf1380f5db22a419fc7901cd455a0,1
b84f52111e1c121a479e17c7eb6db26f80fbed37,0
1e9f6bb0567ad2002d175c55013e064e4db8eb16,0
44874b5ce5c4f9e393bca503e27b0b21b05e0faa,1
53a67dd25cab40902408abb9766177f35d5ee76f,1
57e384c787cd49ab145e05099318d7ccbe598042,1
7eb314845c32dd679a4c1c927955331d453f0608,0
dcd31015ab9c353193408b5694b19e22c913e3ad,1
3354fba9dc072641058b3cc696a21005acd7c38a,0
a02c87f71b8f3d06dd8d6b73fd3514ba2e7171bf,0
312150005b537f3aeee34f96e46fae76d3f3afe3,0
3be30aaac39923700435a6b5533c013fe0f10683,0
af8c49a4840f456df6ce2b3cd1c0e8498b3dea74,0
5126cfb0e644501673302186043b181ba3df6cf2,0
b47854adbc0d60b61d637826a3dd16ac50518519,0
765426ebf72c6b2e4ec3ccd1789a231edeac1248,1
926d0159b79b629945afd3ac5124742efb70a1cc,0
c1dedca46dfa97006fb5dd03945e922c6f4db95a,1
5f5a5977a123a14421e6bd84aaa03e6f7b466b26,1
f745cbcc51225f45a2281d571e780a38d998f9a3,1
4165d02b20d7a1abe75d1ecbd3359befd64772d9,1
f3abbe7f78db4b9ee4f2a65009d33033f6752cb6,0
863ba8a04bca8685b38ba08419b0bdb4effe5d77,0
096ebcf77a4eb74c41cf6b5ddcd8adb0fa3c4d61,1
000eafa5c4bb43c9fd886d07783419999ba103dc,1
7426d2fc28c8212a227cf57afa5ddeefb6b57d4a,1
7c7263c79963e981bfaee34aa109d5eada2a6a9a,0
ae2a0eb1325a9a7c39b6c2c170e028d71f398fc2,0
e42a1fa2a7a1d1935224ff2c76961afb500a83f2,1
aaa21ced54cb7d9da976b1d6e4ac2b918651d134,1
4f2a9f9be5a316ae4f85dee8e8b0c682a029cb0a,1
e6b0d79fc62f93ebb37ccb76bc449f45842948c9,0
f2e32f55b956d21687c627fc22ddc0bbd69880cd,1
5f33a67d16f3d648ce0260fa44c236023dd07075,0
92f686a86cc66b042965055451a976969f567688,1
f88b7d6dee45616afafac9914ab60caf993e15af,0
ea1b81d1c1ec5440afcf0397f7858b0eb7759c47,0
bab39c05b79c499d5c3ae44373097ca1e184e0a0,0
892753050fd0d4b361df8713b19bd675e9b5c442,0
c0995004ca18315dfc2448da703449d917e55aae,0
29200bbf274c546d4cbe8b204646c20a3bc562c0,0
2bffa79fd60838c58e5cf8321c8fc98d1e08670d,0
c5a37a1021a855efbae641996363e51f35e0751d,1
0c9e79b376ef7195e93d576de96e62a9a77270ae,1
19f406380749a1ec2345a6125e37698db7647623,0
8bffa2d4ed92d4c0bb2e03152e2c7d655daee6aa,1
f9775e5c9d54983ce805e8dfe5af4719651a419c,0
c00c472e808674af9e912af1dc69b871ddf61437,0
83be3ffaa3eb02df849f8c2ae609ef47782eb16d,0
28eaee46f17fa00f5f3a4650c1398ae96885cd7b,1
d86740d67829446a994b83c56b20659fa7f76169,0
ecb442eeb6205469532a1a9011fd9e870592de09,0
de510ef8593d7fef6c7493648bfff12dc3d7d124,1
05e57c5ee01b8ba73199950eec8588994aac30a6,0
2d09b3e09cc52ee8202211e692d6660fac5da1b4,0
87cb34711f17c32601a6f287d00acd05a501732e,0
2677843d14f04af28c85339d8b9cc58394719984,0
a472a6f84c8984793c11810b87b55b24a2fa6501,0
8a570c938f64c4cf91f240c824df529ccc689100,0
c695c1f553820d2887b24bc321ebd6c6a587aa35,0
83ff5b08fdc67dba27a00f4251a62fc3acf36fcf,1
788ac07217a0bd6da5427b75552f8651fc79cb2f,0
0918a5a02aaa1e4d3bac7c4c80ec51bee5b1f32e,0
3d5d106d62473044589a41b515b9e0fdc5f4efa2,1
7b4f1f3b32e23152f425e51e928b9ce81f06bbdd,1
3a35be6d5e6f08e3a4d6719daff795eb1ad38069,0
81f5da09ffa5cd9c8287dbcaf55c630cf1bc5815,0
21cdf68dbaca9ff54b7a8bc89ac7eb920d5c461e,0
b710ba5b876c05a0bfdbcb642fb1e57a5262b52b,0
d92cee1cff8557412949f61e1c9be4ab9aa44958,0
46499bd1aafcb5c37214b9bd4fe7e001c86f21b6,1
e6e8ccbcd8bdb7021ba752bd72b05dca93cf6b8f,1
82b22b85d2f5a1e93e5b43a8061de866a3551f9a,0
8066d7bece48b1f04de23fbe89841557536768fb,0
7394e03a81ab081b81a629b967cb4974ede6ee64,0
5f81666e8174c22e60b53cdafff49d3508c553e7,0
c7a768baf3a76e7ab88b926535234f85f5b33f14,1
eee7e477e6bf0ea63dddcfc77a55e1092caa5bf4,0
755985d06ca008b0a5016cce077f7d51a5e5c150,0
053378fa31317c7b4239954f27747267d6081fa9,0
8ae66ecc058fc4397fa6975040cf516259e09e9b,0
9eae03a1d7c59cfb28294ae934ca1e4046fe825a,0
dd479974a607bad308412c4bb10a440c3108e4c4,0
7fc32bff2588dfec9cf206b4768895164c6bdf92,0
75474d518085f7a4d59bf8b3efed210f7bbc5faa,1
6722052172afdaf027dbc00dcc2b610905bb5e41,0
e921e758b4483ee62fbfda3202d4e74257d84a12,1
22bf93a4a473d57a323459229ce887f6f38fc1c5,1
05e826962d67cdbad428fbc88490b3863fbb9118,0
105ac2d9ba22a8e49314a7c86636f290561a5520,0
da93d68a9e964e7c473e2225cefc4c18a888bf4b,1
853f17ed758171d38b61ab53d8ea72eb9878097a,1
c3eca6613820627e26b11dd582deff04fe63a8a9,0
c964291c5118bbcc513de1b296bc13a78eaeaa95,0
16c7a3e492754fc3079d1750b64eaf346105182d,1
5ec7da43a390a101feda53e48f69f4baaade0022,1
1262404b68e3e2a1153cf81d3d38f57d991e4d71,0
06b834b69e35d53af92b783d93393a253d4bb54a,0
a1e3d7a35235f71d601c0495f25e324cb896a009,1
f713d850d25dbe96ff67367e7781d9feeb98382d,1
111c93621d66edac2a5002ffcdb7a6aa34582946,0
df9bedd3ffa5f479b632b6c787b0c0ca637a87c4,0
d5bac6ef8afd19554e6741c68e7b00af1a7d4b70,0
e2e615368e6cc0d0fd8114c0c26dd257592ba28e,1
8c79ce740b0b452498b03368ff7bd43f343d912f,1
61cb1f8c5233acba05e9c1ed1d6301bef1bfa894,1
ee7ef8169030b51869af548e240157714e9555df,0
8f69da28b8c2855a1ffb2898215ea106abee0852,0
e7ad3251624185fb3b4e26b2b2f157cce32f79f4,1
db5c26f203f933f955b04f18b0da2a0461cf3478,0
284aa9ab8b77688694ddcda763a6a1dcfd18745f,1
393a3cab979b3394d6e0a48b7e0e77265b1c1330,0
b0c24a7d16499a6a5887bc7394609c547daa027f,1
60dc17c0edfc9abaeb06f524c45ac3a8a2884ccb,1
869233215d1ed66f141fe7258f9f6d1a419f75c4,1
8ea3375abfc276a555fc8d3a71971db32b01de69,1
2f7925f0d1170748f98938605acfdebd31b8339a,0
1f4be8077545648c1f238970650b6712534f0437,0
ca299c48b38ac3c1b3866bcf69a98d57db9dd8bd,0
29190c922bc4978a30b4fd28cc704d632ad32b4d,0
e9315919f93b1e22fe0f1cf6f9a2ae0bef43bcc1,0
40e2ff63d4140b73cac86a4a545a8cba36dd3913,1
f320b6ebf66640df2988237ce2dfd3039774c428,1
6f2ce2e51c25bb6bc46afbb7bf0b5779d489fe5f,1
4054bd0e3a3d350c98e8414f39272dc872948501,1
ed37c3afcb1c6952c0b12c70b051dd712946889a,0
1efafe1add13799bcbee7ec6bdf46a65bcec6db6,0
06ab0bd5249d6b65d04efd196e758da310f0cfd5,1
6214437a65ee67b8e83f0f11b9e0d337eebd6b38,0
a0ccd441ca2aac58c3dda5b47551bdd68aa09b0e,1
95b4e7d9b33f9fdb5ff0ad175320c8c226f7bfed,0
a0b17352dac7a6a7ccac7bd2be0fc66b6b363e36,1
a9e75ea570a44acbf27de89a2635f257da8c9985,1
eaeb568e507763d59100beb06641f7e2d22d7b78,1
a73c27a6f171f61bfb6dd16e91dccb865638d359,0
ac19925fb801a8aff116ea2bca95528e8ed3b554,0
14957016c47ed8ef70c82236c07d8ad72429874c,0
4490855c006fd58568400cdfcb5bc36bf48687ac,0
99b2e592647e08e65ec938105945255f15c69866,0
0ebc8d1a5f68015da2b272637f4d3b16a868fe1e,1
f8c34fa73967120da9fa429bb54fcef4111c0693,0
043535bf821441f327998268b9295f698b283ee5,1
1c37948f837d2a3565b9e8ab88a110d2bae1043f,1
1f5913cab6155165fe71244164efb8576700f4a8,1
f77d083b9fa70dc0bb2657e1cc7e1e325cc364a2,0
9e4d23f041d3b574ad924d5b853aa03c557e6318,0
486a4de2405a177beb8d4f338fb4a85239086921,0
990c8d95acdd5fff0898901b7cd02056e6850ccd,1
fd2b84a155b34d3c06cf5e9c13605f16a8a6ffec,0
1ae801e8bc54591a5b68f60c342b53258b206b90,0
bf050ac8ee38d5c5b1c7b1f98aa4daa2ae7b371e,0
c39c969542204a172e75d2d6ef44eaea1254e631,1
0e77cbd2c5122e08b7d3b54afc45a5a18a33e44b,1
4be2f587cc192e48cba3f37f94198c698586670a,0
619abd6cfe18d7b2a982c21c7192012072867785,0
3426b466b75113446b94c084920bf5f20bc6ebdf,1
92e972437cf79d81dfc8af59a9476ff1d9825322,0
ca5721339858b3c5f2cbc29201d913bcf6e456cb,0
95952fc98ee093a1e9ff799642560d860828294b,0
3934e12fd464f70a0145e82e287c1218c8e39980,0
b4d34f652e55e083c7dde7d9ce46cff4bd2e41fd,1
0f36313f29bd88565ead0ab647e08ab11cc75bfe,0
42865993e5b05ec5f855eabab669b9ac2ee448e0,0
bd25d01c25e85d9144bb4952f3f4ce6d72785256,0
3cd80d42f8274d0f9c478726d0bd8f0fd1f8e2f6,0
888bc534d40fd881165b49c533ae776537df5b80,0
8213420ff6a3debd5c9b8b048c30be3ab818265f,1
191b00500e4567139ca4fde8efb077d9d4f2e3b8,1
625798c2ea086ceb681920d00c28f21013d6f523,1
deef12db21f25ca3a6355f40d037478199a72bf0,0
3d1ff2625960b85db39fc9e4ae0ae6460f9e98f6,1
9969a95508e94542ab967e90d7a2091675cab6bc,0
50040ffc588e1dcfc596c367ab56e14a0cd9f8c5,1
0659386cfff8fd192217b550fdf7361f9c1e6a1b,0
2c059e949d2375f6f850c14dffc4413093d28688,0
f25a328121eb2f02ef963936dcbc451aee370193,0
fd371522d1c97e51937b34de05fe4fd3c32823c2,1
3398c3dde8485224d70ebb693660188b7180ab52,0
7f9ba597df82e7cb6d18d2208e1d338b2975d737,0
0c0233d3923215ba54dfb31ef832c83b71062774,0
afa53327f0909a70264013a4034610adabb57e00,0
7a829fd2d9880b757aa346abc1937611d8dc148e,1
83c14d2bd73f1a1c55fcb86c6d0b4fc5273edc66,1
d380da5661200bdb6e76eb4d975fdf23f6c8a50d,0
2ffc4a6facedc0964d7200c0ec41773cb6098bc1,0
e90f1c7577602a99d41fc9a10fd400fd60e0594e,1
c68f49ba3783396169e38459acd1796bde1f0e3a,1
6341438a2688ef70e5532696af011bf1c2d95632,0
6b7246cb357503bf1f6ca539a91e109ae3357f6a,0
c6e70416358a5e608a5172b2d7dca6c3e84e8e8b,0
af486facee28e1ce872de2de22ad9469ffb3f953,1
73125ced7e4e622c8c04c4bf0a863a12bc449537,1
b34533777b9236338a6a460aa2c5dc7e419cb790,1
b87fc7b60ca2b71a7e10f662cfcd7e0ec7b7b65a,1
25de7094e1e9e337b1b49a52db3c952f1f012ce9,0
a957b13901b47df6706bcd660016f9aeec976618,0
261932f4e993f27f44ee7f02977840da60661c1a,1
386026b64a572289053e842a55968f873322dd27,0
a7225e4390d137db09dd1302d23b632ddadcf5d9,0
730fdb589de35a438164507ab9e790e068061d60,0
2748f97a1a57ae91c554c6cf6b4a4e0a903283d8,1
d0d5b615c8ec33f40a3a0e6962b56e9c65ab5981,0
fe41e7013afb03f2b98962f634d92c381d3072ce,0
314c7f865ff935110c77da48a41393bf9f42b4c5,1
a6e2d27775d4836782e79633ac746547e1b75961,0
b4012ec11d971bdba6382f2398fefdb2d07ec3db,0
6ce0498b318f292f5de476084d137f027b4f8aeb,1
6ce298a1ba8e85236482e54ad67bdea53f259d77,0
4476ded86f1c157ae5e3566dfbfed9018f4946b9,1
bfc70281a17430230485561da2cf1f27671234ca,0
4e2c9a6d0be94031e10013cffc9dd8747520e9bd,1
e3aad9a38a1753824c21b978be7e1b9e2b5e66a6,1
cb98a3661256fc16488f90868c654da5254aa60d,1
be7cdeed76609b3bf9186dc20f72390af7b5b0b4,1
4e28281ee16c7d1784eba8069b14c2e35d1e6030,0
493fdc7cf4cc656809a8ad11179e4a0199ff39a8,1
9a189905ae8cce00f9960c8b3e2c24794f51fae4,0
014854c381aad7b0d4f1ff172033571b0699de7b,0
74c2bfddf922a5aa491a403d6d278a69428740ba,0
860e231799ed3e981583c8cf678ca0b65700ba99,0
b4394defb9f73622165de6c6a32d526bbd707e1e,0
8b257780550de1b39a8c3e471f7a27bdb446db31,1
e0c3a237214383b867f4675cd9d4c230286c1bf9,0
2a524831e82a7b99ef6d81a37508086dfbfc35a2,0
3fda864fbe073541c7ccd97eef5adfb3c687799f,0
a15a19fc62c54a8c4028583aee8ee041eff0fd49,1
9417a02b79a3e9176693202b743ae9dbda323135,1
b16d1c84397ba60b38890aa6d064344393302879,0
4e658e58f50020a328f994b4db3245dc9e367c93,1
5ca8c002534385659511a4980708762a8c1ddc0a,1
38ed92a0306fa45d7edc091450de4478dd8932d6,0
60c1533fac515f26f1458fc5468e086c102ae20e,0
8daa78c695761d604f4b0c8b0e3520aa61801301,0
73229208ba2eb21fe3f4bd4ecabcceb5dfc9a14b,0
e702ac30211808bc690b465138e79a4f9b02b4e7,0
bb3e7f021be5a818bc4426473575777cbc1b38b3,1
779de009924b6e56b4bb105fd2d15b5ff5a33fa2,0
c2a0865d0832b2a97b5b1e7e2e72bf973358b5f2,0
98360de2ba67a33314a67610e66aa7cdb695ffa9,0
0f82650e9b4ab98f31527cdd971899726574c136,1
863f99732a849a0cc4ea15f0b542d6df1c4b1535,0
a5a737fb221d37db0f6ddc38452abd2a25401f3c,1
993442d3c32e449cd2f007e93443f3e7abb094e0,1
6b1b38239e9b480b2f4babbd8d3266e52b83d02a,0
221330b3f83cb3bc61a49995eed8bea3b016aab8,0
7e553f291f25a5ee8a9f42ce7dafd17f8af3cd7b,1
1cb67f9d5316f6a59eb92ee580ab31ab883f8a0b,0
45ad82d44df842ff595bddba19fbea42d46b99a2,1
6eca60d44340a99815d34f5d04af45a875c02311,1
220f22aca6d218683b7de162de06a19c153e879c,0
a86600651df5be5e78fb0fd1c7deb33e7078e87b,1
854d26f993f49119e4f00ae485f1d54af6730cad,1
6c7ccd46f98dd26a2f8b8a79eee5234bcc4f9115,1
68f6dd44b43be0361872160927b046180bf214d3,0
53ab50bb8bc4353f6da468db1b6f35dc206bf8ef,0
ee398857d93d0fcc2d9f2e63c4301109b1f497bc,0
01990c06b20f4fe17544966e22d7e5a60329f897,0
e39c279007815e69637d681b49108b4614473f26,1
23d3f20a47a132ff6693de4e4f4aafb7a4a0e944,1
b702998681cbee1171d19d69b9a03c454a93c304,0
978c0ded005f9cdd06958c9fd6a980b183e92d03,0
47fa54be006bcbd5bd4cb281c29841005063dc16,1
e88c590d48ea0985e5db61824bc0ff6442973ea5,1
0ad3864665586070dfb550518d7bd1c2e686b960,1
aeb4822273f5904ed0f0847adcbc80f5f0ecf564,0
8980017d58d5fa6a11b7064cd593343676965512,0
a2cdb3880083e455cab90e6b4b87924cbfa5a1fd,0
3878964ed94208743e58c6d322a5c6a8837088e4,1
73b36dcf50c3a32b36c38a552da66395ba3b00ee,0
1f18388e8f0ccab57041d53fff43835ad238980d,0
d8f7f6ebf95f7c0b826b9059b1cd32ce3a74ee2a,0
c82ec4360959f81da974f3f822535b3004f90612,1
b93b028aa47b278cfa2b1866061859e7041aa01e,0
c0b815e04d695e2c22b51137acbe0668935c2191,0
92ebd36e7bad3caf1cdd25a5d1d1d9df24c1cd5c,0
59de25113ae6c51fd31aa88dc9ae23545b087dfe,0
5d9e43b53e26c140240e99cb2a235ea4b518ffb5,1
5ac7e80e13e5e8996c64a449cca06cb292d69654,1
fe7f7c2ca1cf270bebdef580cd5a8c6ece51b830,1
aacac39f102a741961dcabdd797154e5abec1ef7,0
075a793026c1fd30576ca744d06f43a4bb557a9a,0
0e19f31a0b7cc680b1ac01cddb2bc4e0c4061a54,0
265bc130976085d94cdabed167582d2963afe320,0
febd4854e89e6421c572d2ad27d742891a838564,0
df98a4fa0f37074b962f8ef0447eb2b48bc91b4f,0
f367ea6dcf65c90b9df51aa139cad53914532b6e,0
bb2adb07fd17fe8f5759cbd47f3171560fb0deb9,0
f231043a5dd09b29f365dbdcc6d906ad2bc33299,1
41465752ed7d9e9a935172af26d10c135ec909b9,0
97806a7017b5a4680da6be2ca40db2c0cf4e34e6,0
c74644f1102dcc1a9d903a5d711e0dd20af83303,0
9cd3c78d12f7d0f65e2e06db5b835dfbff8009bc,0
d1803140a86f337ef2f3b21e64b18494e1395c25,1
39d981ed1229d09d230fa9d45c926ef924a89e18,0
fcb02dafff8c88ecb7f9d1ba1e5875af2c38b231,0
ff2a7663c2239e1006e91312db4a09d3de55b3eb,1
fa08232d19d17a766eb1c757718a504c858cf09a,0
998821520b4db4281cd8c762466cf9b40691287f,1
70cd5062a5a5079ce91e05ce170360b013e5ce91,0
4113ab08e6def0096c90e619a4ed7e5ddf7214b5,0
7c80312691442e13093c239f52832c8861ccd652,1
0924dffe19ae04ddccb72e311b657a79d0938be1,0
7a5edd2088aeb1e29978093573fef082bdb003e6,1
252fc07e880e5e393f4f0f7f7f0ab42d05ca37e8,0
4bbd0dc5d21f86db3682c7ed7d432c6ea766badb,1
481e38a0385751d2d96e0c2d8c1a959a70bfeeba,0
a98e7f8330dfa378f1394800559ff087d98af617,0
5066a1d1bc9d6828b11b4c72f9c4c490fd563e98,1
63ce10fc0bca6639eb919333922cbd6e9cbf9e73,0
e139c838eb0aa197d5de4d278583026e052598db,1
2dd471eefa5aede1fcab3b81f32b901f9b6d0c53,0
fe9b83383ba9a375ffb55a84f316305141532380,0
664950c8d7da981072abeb1c2422589c8b25dd96,0
be24698ba1a9a5e7fc3e44f18877924be5c75fcc,0
896618d92eeb88066dfbf99811a182e5250d6587,0
f551626431b2f59ee636b051fd2876a65c299925,0
742b9dbace7769ac95d1c500d82ab71b4128b39b,1
7d480ff3277ee39b92772403d2b93d1a8d16eeb3,1
1131d802245f8b6f716d0d7178844caae67e06ed,1
8a9e6e4441300fc0326c78ea6c21fb01f7a528c1,0
dfe5b2b3fc502056b872225b35d2a708203b8735,0
1d6e7369b2a8d486e21f41545c5ddd03e1b298b4,0
25119be04fcee0943e47dac198761a9a45ea0c04,0
bba6c4a409f582bd33362bd8bf3f3fcd51971592,0
072c01aca18381cb2253362fa0f9fd8827ffafe7,1
7af6cf46b1275a687c8dbbbdce0f92d2326a6bea,1
7411c3201130d6b0c02b71f2aea232fb9d1f0bff,0
7db9417db9e394dfed1bdb3d02e8ee8f7de3c754,1
1cdca201edca5d3eb17ce109f6a09f25dcd188e1,0
0bf0e2044f156f6ce1eca7d5d84700db4e558692,0
8e50dcbb1d91ba8fb6839d57b4e3cb4fd6e5f1cc,0
5ec197e62532688bb287ae3573e2850586a0f166,0
b2bc8cf8d521bf3e3863d80a17f6cc413363bad7,1
5064dffdfe0c6ad7f1edd9fb1070f1aa16f75487,1
b9b3575c12f0c46d52e81837cf86ff3d02542d75,1
bfeb0e55472f4662e3860614cdcf43638e7d0975,1
e1924cff9d5264b1b316901762927350d97d55fb,0
89467261d08ad312fae91f42c1432a74fb099b4b,0
d0afd001be58fa3802581a3494858f754310aef2,1
3d417fd47cf145a24f327a56ed67f0f707cfc69b,0
b910e448be179a942af1709ce5c60aefb252fc50,1
4eb1e6b35aea0e596f57a56cb34829e156b7dddf,1
4f93ad2517663b45de32e1855b26912ffb12bbc7,1
42efb424bdb25bf1e1080b6276da1f427b554780,0
86f2a6855d5a371b51b627b396a085109c7760e9,0
2b3eabc42384a0aeefe313e31d54dca7a307d0bc,1
384b16486cf79bf0fcb5ca7e580b6cbbcbd165ec,1
7c8d4870109eae4997064c955bfb8dc3360e835e,1
1794385f4f251e2895dc0628a4ac5f735316cd46,0
144bab1bd708661508fdba2cf22803f7bc0401b8,1
7a1c687c80504f9ed23af25929b5f185e6ee9249,0
8ea91b9640c8544c29b3aa48c3cc6dd864b5ed81,1
88cc2bffb7d9f9d0c21e47861ea2f7d43cc18423,1
66f4fc65b89b9ac04a1c5dd0d51441953f1f0af7,0
4f071e6e2a1de7b6f054a6fd12f57175073de88c,1
946123cdc4371dea55ead4001e1e5b75d7c80c1e,1
34caa0cd7b460a5fd0c24eba54db501140529945,0
053511e95f513e2b149b76672737de2e46a9438f,1
164b76577407add9844ca3da5bd7fe7eaa2a85ec,0
df2086dce7da979ed272677cff518f4a7b17fc73,1
db48990dfb59df1c16d648b3d272f1648aace3b3,0
54df3640d17119486e5c5f98019d2a92736feabc,0
3783b4abba28d5ca7fbe4170253550bd80874512,1
a7b008ea1c09de5475c67b6a204397af4009a170,0
fc7426d1c464daeb8bb9f4683d48c229639553c1,1
a12ce6f3c7e7529c7cf3957c5787a2c79a9a3250,0
ec30cc777028ff853bf84ae3bb3dd150357c6a67,0
1c2b599b12c9af8713316545f23e1bb29b691b3f,1
8ed136b8557e010d6b05fa3210b3561125a6c587,1
5e5cfeba55f5a27dc725cb7366b014df86787e8c,0
caa7b8a446ea5f6829d1c5860672062c5aef6008,0
ac9d0ec298efd3ec276abe30395366e0dd557b3f,0
b42c8adb32331a12e7153865bce61da0baabbf56,1
a9abfb886e2905c315594f9445c9061446f7dcc5,0
a00bafd0f61ab8ea3d692ea45de53ca81ffedc07,1
ea66b5def77e7828c15b5e0f565c8083bcabc2e5,1
53fc5ab24f987c75631774cca4c53e7764033e52,0
f5d3f5aea921e2ae6e9211af0a501861383a7b53,0
7359929142a1e57ce80e31227c818c896ac3597d,1
e90aeb9e173b7da136ac9ab56e056e596df5305e,0
5b984ba7224669deba2a95080672afeb554ad3d5,0
35ccf3bae6f234f40adee1cd9c527247e253b1df,1
cf1fb299f89ac5422716a9eabad7e36043a1ec36,1
6e804b1bec03cea88f5f9a78c8daf41b576b6a14,0
0152b9ed9f07adf762ebae1a2748eb2153fdcfc5,0
f7eb8255eac435b7ce897c3e784f57a181ef55b8,1
aad2559687385d62047f8be54556a9cf16ac1b3b,1
9bf22106857621f4f700692c677bff821bd92812,1
64e0c05c90e0ebe5191b2c77870247aacaf36d4e,0
8509abec005910f641af33b2db8ba0802bc92ca1,0
94e2cf87db1cb8e4d1e2aadf7425722ef8e3ce39,0
87720ab0ea5142ed7b31e4f7c1f44afba7864bbc,0
642882b843f725f5ef54595ac1c04fea26ddb9de,1
9d29d4f131a3bf26ecb88b06c367036050fd56f2,1
75b7e28a4169975a7d88b5a6d834606625a8d1dc,1
10801477be251d68d2ad88a4f3068bb9e092b1a8,0
e80483f29d0b63f9f2c1ce14a7bfbc59890854e4,0
1d879382f1687dfedfd675dabe504b1f588fba04,0
40bcc9a2d9a9fec5f6c9247362033405ea237c7d,0
b40dae234a7b372aee1a62255e628992d6d8682a,0
b2395eb0ecb3e540beaa86462161fd14032a856b,0
00d682e7cafe5a6bcb12d1c30f73661a111fdc2d,0
8cc13c3442a8478dfc291e40351593a4be47453b,1
f76a6b961b4774972bea8a82f7177498522039bb,0
ce36329683d485edc6bab7206a1a136fbc4e724c,0
d5a5673c2ce7cf0c91732bfd6ae154866c9ec617,0
47712f0a8bd04d46af2e3a74664491022d7d2dda,1
93f07dbf806b2a3c1db903c7d44ead9774fba594,1
9c53985979c7e8bd180b8f45d4cf3f27532fbd49,1
df10712300b17d793a2f64873d2cc10e3ae8232c,0
016115d1ce85d41ac084f71349f0ca0627d12c29,1
4c10bd4401e357f8b6501fd574d9a2bd007c07cd,0
594a6c908ae54f16549da0765822658b96eeb61e,0
61be23c257200480540c649ef4fb8f747fa80762,0
6f6e654a4242be94039624a676f6237b1cd40de5,1
39c4d2ead47e20bc21f84eafd8d878e81d79e351,0
1eb6bc81ae4fbbff6b0067896172285e7092e041,0
cee92c8a4569afd896bbaffdfd6c2893224c78bc,1
980192dec87afc9fb67fda263fc5a8ed79891608,1
8e67791fa92755aa49c19e919441d826be9d98bf,1
94244542328348e98406ee8df8dfae3aedf5d806,0
936b31a0e0c8cb7425d6d148dd3adcd738b8e4bf,1
73160ead674aed4c7951ece752b13af85d0e091f,0
36c2b77815395bfae3fe4d3a255e401767209692,1
4774461ddc845b145045d1eadc21b9d14fcafeb1,1
235664bc8f4f3a5f1891ca69fe838006c5be409f,1
0b20085977158f36b33341949b2819471c688880,0
a9890824d800ec3fa82e17541e683a2394d73b14,1
920d34c6231cb336e4c0da926270fc3ecc2e89ee,0
fa83db3f86c3d84e71b569569b3d39be892d8d3d,0
911bb9973553e2213205843301380682c51b3a1b,1
ac40cebdc43f0a1053f693dfd2a3f0595ceb06f8,1
2f870e8c42719af936d13a692b4ddde91fe8faf0,0
0d8a2b6fb33311e92bb5b3ec9874e0dcc4e08dce,0
19df6474b04954ee8ec010082127f3019427ad0b,0
b5f6066e830ac82da0b2be88d3e8ee6ffad51adf,1
52783b553031ee694d9fa579a0ff39d3333e448e,0
f4038613d0fa5cc8f7c3679d1bc2bb34fd9b4bae,1
c52a89ced438459f8549de33a3a2a0519e4f5502,1
84d0aae46b808e812e9e15460fbc863c491323af,0
f866b8ef7405e396c6c121d0cde0110a9726d4f6,1
72c629a47920f623a53d66e770abc89347d69694,0
d45c4310de71056fa9ff9ad13b746554c8b745e2,1
ec51339faddcfb62221cb07e8afdd84d369f084a,1
e8110b5a48c0d7ab4b1aa3b2dca2695e0462a076,0
5829ba12786a333b56b45115c560beee19d9b8ab,0
ec4cd07fda845d2c42281253fb1df9824680a8cf,0
58fda981061a9aa827c56d1c98e838706836da1b,0
e2027bf5b90020ff11e40a98400d7f77b32d0ca8,0
95dbb40ae54bba5757178a47daddf8224d4cec1a,1
ff611e3986313bc14c0890a9a9ec6bdc19909b7d,0
8a53e6a6e2e2c80abf459424913bb3a2f7aaded7,1
91f3d50c6f33011003d8bea88f511ea9ffa4d80c,1
f4e7e53dfca928ace042adf3836fce1ce08272ce,0
b083ae2a42c20e0c379865963e9a42aa633bccc5,1
bf27729fb7b6d766cf006791231e4eff6f6628a2,0
9de9e2ef56d397f32158f777a2e3d602b99257a8,1
8d335934638aaf8bcdd049c8a6289310bfd2fdc9,1
c2c27073c8c10dfc7c61c7f014a2d3f5e88766f1,1
d0af7995460da07b005ce35a36450b12c19fbfeb,1
77cb03f3427b69303a2291abfa439e6dee95a2d9,0
a3d52f8ea9ee49df8db9ee3281b52e8eee4487e6,0
8db2e8f22a0a6ff8ecae165ba1159a7156942844,0
fe0bb6dd92cc47197792e7a46d1415a54f222080,0
7209437b828fe9ac2bb07df86325b721374fbf01,0
78cc69d22806a451933986c58069d206648a18b3,1
24a3d3fce532ace9868704a3d318c41f624e771c,1
e4a28f3b465c8a3872b39445a52f75a74c7abb4e,1
37e96d38a5a556b4fc419c6d2b8ebe591faf4007,0
0732c5d8b6162b41570da0259b6efc03352598e6,0
fc8c11d547a71695363b2d32276220480c87a2e4,1
a2cbe7118d8df287c491d6241d0f0cc5cb0f66cb,1
f74f47833746aaff7e63cff6a099d7bc164c4511,1
cd67623fe7b7ab07dcd9f0d2611ce6a8113ac3c4,0
2ce92c67eda62cc17bd3a70963db70fbb5696b4c,1
d35034d9e35f96f7070f0b980e8faede41a72534,1
32f4b80cba84379c74d261f6b64fd2c759bb6053,1
6dfa35222430f98db5e9d339e38b5f5f582fcd94,0
8828b8360e5a668d004e7025b47a98b9b3fe25be,0
3844f8f564097aa9dd257c191b8e0e760ec6c4cf,0
e0b53dc9a28be4eb13b4c93af2f2136ccb365272,1
ccb8321f7d21b588a5c1f1c88983ea03a2e989ea,0
a8d0948c6a85ee1dacfd8f08a4ecd8f22b5ccd69,0
d8f4edb0cf63692e01bdf326ecc63b7f805fde1b,1
38f34ed1cee9479bc452f7c9224fbeeab12e0290,0
fdc9a156e4a45c5db3dc38256d935d99ccca4863,0
30d4499c878854f8815a5aabcd05ef9a5703f0c3,1
cc6ae3a488265464a4a2e4a45d736aaaa656383a,1
7aceb32c6e5e851155c54f17722090057247b1ab,0
47efec93fa16270e76c32d0d3100bcadfcb825fa,0
e50b194df402bd687b32efe609e4c648af2ef929,1
8bc7ba2e09e78dc57c9d71b9ea08e64f2bce1704,1
5d93ddf2f436834f5f614beaea50c75b39514a39,1
1955e3467165c5cd7f7079c425fc3ca8c77fa00b,1
aaf689db1ad63aa3ad3e08a205343fb4054ea3fd,1
a2c2955726001751796b13ca15341e28121529d5,0
922653ce0f62c1aeb340ba6ffdc7f5023b84fb84,0
2be268ddf95883bb2733a0833c78df8d3a88a0e8,1
1275c31dd62c36ca7727496e60d455907d0a2116,0
d8f97b43202d92ca1cc163f355e5d88b0c6668b2,0
baa823a6b866c84073429dbcfb968f8b6e2e601c,1
55a1f49df1ba6b586ac2a94d6825c2847e6f0774,1
1732519a7b08e221f3ee1732ec4a04425f308061,0
79dd463edf04bd654d416a894ab664113296395f,0
5dd88b94c83e3748b9bb0a42aec5c97c9c3f442b,0
b212b4b4c4d63d725d1f511aae4c03b105e22d0c,1
ae086468624a26990d03a45423dd0753881d9c1c,0
c8ef2c1bda34fabffa231d46d9124e78d11aff29,0
f53196c44c20b73dfac3347a04775e3190c08cb9,1
5c7cc3af80c6fbcd5b5b5cf7269829721ce24962,0
8336eb1a19c7b449ac8b0733e6b3e9610b299cb0,0
2729fe15373384dfb132bee62b8fe7e0aaca6f6a,1
7cb04f75e7a1119be74916976afe1fce476aba68,0
3d59bbc11c5cf7f9937d8461f697fe89c4f8e181,1
0200ffeb1555344b9225b7792469d42a5b094c71,1
6ee3fdf9109b7d6ee19f0ff8ebb19a64b6c0b11e,1
23be5cb2a079f7b8e741d2caaf0db721da97291d,0
805841bd2de625fd08b7ae41d503a459f59eaea9,1
6f95afd02867523d938470319efb1d1cb77bbe9a,0
9d15d91a5eca005afb65a55d89ed0ed66e98de1d,0
86dd3e8d34de27158ad20a4dcceac7b855cbf873,1
324e77c1df495f4685c4d16e39cd6169a56869e6,0
77b75435ae29de99e2c013477a044588facfeafb,0
08923d925a74475934ef2ac89709ed1c59aeee4e,1
b757a90a564a4c1d13e9f1d5d43c1e9f2715d518,1
9c49ccc381f9600fea659839b08c3a43ebc5a101,0
5feee6aa7b0aa05d5184e9d57fc18c60c2757f5d,1
9a2a6e6429f992078339d292b240fa73b3697bf5,1
688b66daf1e73ae3600b388b2c3490ce4e0e88dd,0
afd0f7132eea97b65f3b7b3dc605867cf3d1c8a9,0
8042c7291e8ffb8838516290490bd7c1d8155476,0
a35e2950f196cafa12104a4e13ebc39a670b071b,1
0b057da0bea53038485fa9ced63c7dbf9ead12e5,1
1744e3d5c757517ad7baf01dad8f124bacde36c8,1
ae5dec73a3917d201fca723d0d29623611239798,1
9fd7ce9c9643662cead23122eafe9109e3e67f80,0
c246da2dc6080a2632542811d0dab581f6ac37c9,1
2b2c71da4f548ee06ceb53bf390c7179dddef4c4,1
42f19fac47706f951977919cd01bac359ed15ded,0
a8bb2471181df6279fc95a84b570fa81c585acc3,0
fffb7bdd4a08e7822edcb52ccb19695e339e920d,1
40210a8cae86a14758d520165cfbb8783e2ee1f1,1
9fe6010611ea5a85d16e84ca4f8aa326df7797e2,1
c90fc14217d1fe62575b864cca360acacd6f6b07,0
02f2c8b76f09834080f9e7a8d427c9b6bcae13a7,1
1cb3cebf7fec5afc2ede721e8db5b0b770e4c53c,1
399d44d2b5a3663069573e8d85ea0a18ccb7d221,1
05d0d4ebd4d8bf8a46a2ce043df4671d14aa0a6f,1
524092574c6777e307bd0e40c5a81027e80e6069,0
a0766210df3c940838b0f4689686e82e4c64d635,0
1417708b576693958816599658f6d65a1b9c4e50,1
6a0685deeb9cff271d997cd77abf1782154f038b,0
7b19e9e2e927ea48b21139817ab5a96541a777ec,0
6b5d6d084320aae3c3ac5cbefb1a75820f58b7df,1
531b883c216751495ec2138ca88021d2645dc135,1
b964c26831e828b75ffb0d5acff6517f21af0248,1
d31d1e83d3db514648267e4c48bc04359d45fc38,0
a2eac1faaf67e065234dcc622d230f046ba7f4fc,0
55d4c59a0bec7a26fc7f5392505e3a50d3ed5736,1
3c1a30b991a6fc409a7a0eb3a66c5a6c0278caca,0
d92995a7e74e9e7466182de98df3f9201dd248c4,1
20685000752cf374434fbfa118af88859b77a549,1
6cc2cfcf65b450a0c8017e564734c9183b8cb367,0
9488754a20f6f25fecc13739ef24129de578b9a2,0
0c188d7c685b6129a8adc2e29e17b213153fa04d,0
eefc5b99544c66eb207c332f801560cc853f8263,0
a23d10b49b51cc80483babcfb3186b760e5532ed,1
0525a46bcc5a904f9b857e5c5142fbc60a22eb0f,0
21946a23e4c1c9e76aa6c8008425958da36ece08,0
1fc50216236b2b38f2ced4fa0357fbda169d37f4,0
0bb1a346c04329e741424a40bc4cbdc0cc52bdfe,1
ca2309c840da6567baa0b89c67f7c8be52ff4729,1
d89f0327c8afcb01ca8e25f2491a804e2507de76,0
43cca63ff0cc7dce22b06aa610c7b1c5c26244e9,1
a6e81a11422df4b09b77973412d2810c9e59c3a4,0
a02f3db07ccc53cd02a9c4ab3e891ab4afa09634,1
45b85f44012ed81dcc3e7ecdea71316d7a530985,0
92b24ca3b9e4252ed4252060f5d08b2cb1d9e45e,0
f6b826e18d3ecc2c139471ea97b62755944c6b3c,0
89fc7103c814a5fbb3a5104171c249071f2f0c60,0
de750285f88214bb12279b05716649bd388271ac,0
bee9db22ffbb4ae53868e22ead9a0da8a23a92f4,0
478cb61ee075930ad7948c0facc625daeb51299b,0
fb0460439924177dfec40716633f510825609b6c,1
8dad1bdb9c9026ffe5b8026db2ed00a72af1c067,0
7a0edc53ec5854f0a47f22aa7431b55907e8a030,0
fc67d79a93ba5b2c0bd1e51a23569433ff1ca1cc,0
bb04c380df55090421dc9587bc121c916eb720db,0
f5fdcc209003aea53c11764c255075a2ace5ca67,1
b85d30002e15c82f6acc3453bb1a2842f63a8060,1
b68878de7f09757bb684447d7c88286a164ec5a3,0
1ca739c75bc10c3f108d92ab47b160af9884d723,1
a1f7ea027d561467d34536a3e05bcf26e3a514dc,1
e7f33c4c4a4993217f26ffa3280ad355b6501337,0
3ceb6ac155283c880f9f8497037b8119b89939a8,1
c4508aa9f0bc55b050d4a9b27c1fd3876dfccbf4,1
d73ddcb9d8329c6ab1f553d5c878db812d4098df,0
08192235d826b60823d7dfcf430ecfde2118d0f6,0
0fdceb1d909a82081d856d271dfe698f06f0cf5f,1
a8ff6e8fba3f1b543e99523f2ba370a66767705c,0
d2ae8cd1a1c5e8f999650e340ae3f810b191d705,0
41f91f2e55b37704a5efeed4b03cf8666757ccc2,0
70624e05040f2f6630da6e0e958eeaa3d50d0701,0
872a0ad6bc1ee6ff812eb5bb51d7fe171b863f67,0
a6232acc7e9b15138ebfe460aa6b17904481d239,0
5946d7769c827a9882d7c927c8a76739ef0d7c5e,0
a36371517329e4d80d67fd61a2349fb08f1d228c,0
f420357ac4d2323b7c89c433a7a43f6136b6c545,1
2a0c65ae7c93cfc0d07ed87a2ac6ab4ae6afd925,1
a96b80b36858dcaafc0164fc81f0a3e65abfa264,0
3314a2690efd0c59992d3e9d72a82846710b90b1,1
c06c79cb504f3af5cba934336ad0fe3d44aaab2f,0
d57c722235088f6d8b35fbf593e8c18a6159f646,0
6e55e66f71fc1ba8fd01c407476da19e8dd18db6,0
f8126a7e24fcefca7e0ace38872c7b78a9fbbfed,1
ef1819ec23d4d9484cb1aad7d6f2dce343684079,0
4693f47f424da82748208aa630cc8ab930d18d89,0
400a2aafe0e25754e90976e26797fe1f33eac134,0
d36928b705caf602c744f7c468fca0a3b3198b39,1
a70dcd33b934d3de7cc927080dba024b63c8bd19,1
228cca05b38bd9fc62e9a32e2ed37fb0b002358a,1
2b3336f4d7bf536117dc076728385c5572cb61c6,0
bf7898df8b80a9d91fd94af38d33542eecdab075,1
b0462aa065de861bd1a9abf514fb12bf45ee839a,0
8ead73a2ac42650f421c0ec2fa3be5df7cdf2630,0
b58501680e9e166e13771094d2d272f2c1717274,0
8caf5794e31be8a60fa21d4e8297635a7dea8131,0
470624611752e5b258ec6f3bc47f623a3ab7521e,0
0a71f5f23bfdeba7540aef73747e2729c2636da8,0
ce409dbe00d62022f68eaa7bad0970d53be03f8b,1
5db0f1cfdcc1133dbf3e70afa709a4af34f9b06f,0
ad49a7bb583a43fe588a08f6dbbf1bc7040762a7,0
0fcc29b8fb41dcf53d2d88783633497dcb7667a2,0
b1b343b301d92628827c673e24a53a024a06ec6e,1
d689c926afa34ac2571f1581019b558756e03e76,0
61c2fd5b1950667d8698bcea780a250810f839ae,0
401ed2905877a6bb7c411408187cb36324c8a1ab,1
031662d38ccfcf90cff9a777df9cc679de187910,0
e182b69c3eb4b9bc1d9bba1603a9190da2592228,0
acf4056a9158e9dc8779b4aa75337dc08b9d3638,0
dcc7d8a28a9c055b884e68509ac96a8316ac4a41,0
b73ec5b3eb40d62f721de0a23a6a541ed36ffd94,1
fe4d41b5db6a0f1e9b9357bc7b748523c28ddf0f,1
18c7726829c3457ec570fb9fdcc1cec02b16b008,0
b45857521d5529ca71294797dd71ccb946e86a16,0
b9452cfe1f85f8b1a026868ad6933a50f224cfae,0
d69278ad1124c30b938069b892fc9fa90e85b5d7,1
729142b03e354989b44a82f7c29ace57be5f84b6,1
64aa2d239ad8882e8d96a010d1184679d2800ce8,0
f26158e16cc7772b603e34ad2d51f22432521051,0
79115d6874f19143e0a13205c6e90d2a49c3c4c5,1
f60880c8d2c31c88b53e6590663d8fcd24b1d5c8,0
975ccce51a6b91d78ad5e7d599c88ceb266af242,0
5e360678dbf20bc5b224e1bd3fddd212f166a352,1
e36cac08da169fdaa3afb5a247185dd722c51507,1
6cf3061f311bf166072a7175bc6e6dc714620804,0
5ed21e0abb3d697493359370ecb257ae71e29401,1
c62ec93c2b518232eaa7ab819cd99926b0f8478c,0
6b0f407bfc40c581a089ecca9da0eeb76fb1b017,1
86f31a88814b8344dba2c50ca203d84175ce9578,0
c8b8659dac9fdb09baed072e1321648f914905f6,0
96ce753fea3050cba7a73e634116fbcba7cec118,1
2c0385c07d808b828fdb86d1cb6f30a3d06bc9ad,1
5d6f456f5bc24fa4dac4e3cbe4980ecfbb2d0d7c,0
c275c7f9907cb4b2263c04d6ef27d79ed915f403,0
3111625177fb8389f16d1e38e8ceb99a73c60ebd,0
7257844a72cf45244b3b98568d14c72c57fbe524,1
2072ae2f1e88e3df00cac3b72f61d5bba4f9b410,0
7b68dedf4c86baeffd2f1e401cfc8bc917bca852,0
4d741edec40c0e6cf628e772c9667037d923b32f,1
f8785af112d6bbbbe51f82bd339af3583f36830b,1
84cd3d3e8da2e5fcaef118de47eb8c418ae1e72c,0
e9a6a3a2532ef385956fdd521ed350ef1b454827,0
865592d848b8c0c9a34a7d98a901ca670fd1f60e,1
e4fd483f1d22963b7988f726d2f85e2eff0c63fb,1
1d1273ad3b3bd99a75b60dc19c4acfd14ff82d28,1
6e500fc98b583a94081e803b076e34f0e8797cab,0
06834e59f346f0d6c5e50543becbda41a4e14a62,1
6fab17e9ac53d8fba5e1c8afddabc4a493f3cad2,1
a7b02a7e4a82114cfada0167eeceff0956ff3bb4,0
aa5d565df8b04631df47416244503d29d85be18c,0
d29b05a1e58f961b6b12b0e53c13832b42ab76b3,0
de876138f071b55f986572a2aea0ce9df7f30f32,1
f4cd4d535ab975b3d9b0bb8566dfaf9498261d9e,1
50ab9c9f182bd46c203d93b5b00b4d4da631feae,0
e60af4c863c4cc94c05c28aa7855c3a313185a95,0
653fa29e4147556ab44adc4cf2e95fe20ff3044e,0
fadc61cee55bb533f398751ab5fdc9da63e4e297,0
acb9f4b7569ac656de4236c5da20c1b03b15ab40,1
997f010a971649f9a7939fd7517fce441b96ce56,0
ac273fc9c71ae2c04d38c837afcc038cefd4bf8c,1
08eea4b35a0a99569fbf71b428a2e52c2ddba95d,1
76083dae91f9a93c49061692a01039b57b9ec0e1,1
a9e887da46913fcce5a7a93e15aa7dd80951cd14,1
3b36ed5cf403ffcad0789c7bc70db7b84fea28e1,0
b53d6be4cffa9821f114345e656475ae1b79b44d,0
852d5c2d4cdbf983e7f1db040ca9dc23b45e1ee1,0
01f59ca1c807bd2a2be7911b9af1716688038270,1
e2391c6e06478c35ebf547f8dfe5fab03c2f60e1,1
21473b1bd253368c3754624cbf5f1246e52184bd,0
7c5d73c6165581a5b515c905f3eda6dda0140962,0
e34d5f158c9e8aa86558b5da3c36cf180034f242,0
fae5d7f543c7864c1187c0af19e74c9e2655e4e0,0
6c28ba150dd09c18f52a86221177ae436c78363e,0
0380a20bc55de0f09001aaa45ed79d0ddb8b275e,0
084ef50915813e4854661dcc71089b2d79734e98,1
b49151eb308d05e296b44a813a50acdec7782bfa,1
87304559c9cc6ed817bf5269871659c5f292df50,1
9df00bbc6b78850db8dbb1629ccd63b95af3dcae,0
a746035fb658f1aaac2f8352789f59247f9445d9,0
d7aea0cd2185914ea5c85f298a3f452272255449,0
f645cb233527df832deee540247fe475752a00b7,1
c4096f0e359ea6e96c52287bc1e48623e901dc24,0
256ce4652c713375fe65330c7d242ab55aed79c6,0
ca2d4150b1d1345d1cf01b49204d523d9c80bd0f,1
4cc1ffa759cea73ba93612c8aa24131bf1dc6126,1
03b130508c90078a7861caebae87929acb3ae17d,1
4a5dc789a7439a7e702fab74c12f3dceac91c720,0
b2d1a2e14cfc6bc1b6fa65056187861749652597,1
add2844e1bf8fc0bbbbaacc961458f5b3e34dc93,1
8fa10e7a51b3da8d0fcf7481aa44ce7c1ca9a76f,0
bd18edb23a983a4223bed9606e953ebb49d9fb40,0
bf40b37bde42747d8e35bfc0d0815fcc5e9b9e70,1
9f082ccf1284f979c6e524e7938f9c3f1ae53f75,1
0530f2219df7c1510ae6dbdd54ec6f729d3226cd,0
1ca6d3281019e7e10069712c0153f09bbdc5e932,0
3da275c6c75e7ce2d9cd7d1cbfe5d260cff30975,1
c51908aa9293442376eb68ef25d628fbc0fc46ea,0
dd453ab25a19c9bfaabfe7ad2bd2ffdc1aeec60c,0
63f47e1ec07f71df56227f2f12959f7e7f527052,1
1583e353975cedad7f315fff0c3411969020d14a,1
9acca83699e789828a618b4d73a59649bb52df38,1
5de9184b3b7fbb84a87c8164e5a7e3c916074b1d,0
7a433ed7b68fe14f4ef79cda2b7c04c96f76b7a9,1
161669745c165387371b094ee749fea0105491c0,0
0ddb1e5723d5bf94cc5128df47d5cabb9e321bcb,0
d7b9569457f2da2b72d70559278c9529e4d06be5,1
ba26e1eb510bbd9489502646a44e88c1a5bf51d5,1
e5f2fa9349b9cf3b1695444a72e7768221db08b3,0
032b85e0734a769ee4be06f7dd93928d7c9aa442,0
ace9ff667c642884872fd2bc48cd1ead5b4396ed,0
a5fe9f51802785fd4c9544c094b32ccf72f81561,0
57f574606fdd3363c17563a18ffb6253bfe95c68,0
1579de3c679cd08e67b0246a3e35265b5cff056c,0
3096b19cc903d6438e888a8d772c77a151e41166,0
854ed1a48d55f17b674cbb5a87bf41bf8dd51342,0
0c51c16419f8b633a3070de8904b047eacdce25e,0
95466c10d340cc60a3526a2630fd802890fcaf2e,0
00febb5af5d3a7a6947ef144402643aed8ceedf1,0
2230d3dc2c0c23ced207e98180d43916f145d827,1
132e250291c953915df5ecc76db60436803fb6c2,0
7005c3acdf8c56feb93ef126d2813e966fb61383,0
4278451736716bd22fd8881c6fd17b7401d517c8,0
5ba2467228d7ea74228fa53c4d49ab6b803e835f,1
eb596dd76b641504912e981250872789aca907c2,0
add96bb7f373ec2ceff26e43eab895f9f32620fc,0
88155b5b0e44d85c75e60194ad961faad62c4c3c,1
4435107a2e4dd5d0bede0213059d1443074d36f2,0
00c37bfd185781b2495d84f4fd0c716fe7dcaabf,0
85ac784b1d60a4c65b3fe95e52c4601e209a64e4,1
0ea1150d2ae1b3de534d6d41d2a3e29f6617a636,1
0ff6323d997ef7857ee75b300e877ab635ae71d0,0
d42d4966a0dd23b52e5bd53a3b32477c76309662,0
13fa079dfa655d2eed993dfb7bb0be0b8f911018,1
8b4a292def8131cac0ec8a1ab9437e17e2544e52,0
a8039c4b14b8559d75785680563dc2a2fa9bdf5e,1
76397693bec417a4abaa75f7795ef6d9a05b8a9a,0
5868ccda74e51363ead1698210f50e3a4cc2ce67,1
b712cc2eaa5222ecd1964ed1034d785c7ff47da4,0
c4c69ec540cd16193980e7bff8ff7bbea5298a39,0
395a8eaa750e106c498e13f0685a0f8bad2a30f8,0
3494e27d259bf0837da79f2272713158736502db,1
d53ff720995abf29505340843f034d24f2c45604,1
eb87316c727366bebf5a5f28f98d13cdcd493b18,0
921b8eb2bb34bd1775bea9fae05b9313719f13b3,1
75fbfc4507cc8cc793db2c76c1dbce27ccca842f,1
96c001699d1be7562d56630aa2b29541af83e1eb,1
b8cf93c7c07c22c04476d61c4da73451ba3c7e65,1
fc066a63903ec44c5d4c270cc1104cde2f364251,1
7fe926450c73292a3c9aa9214e03c84c44d08800,1
bf39e2d04292cdece5fd9578436b2c5334fcba13,1
e2d7a0edd9baf5b898c3be5f2fe43be317184a05,1
8e0616578fe45d98f55822d9fa83c3cdfdb20eb1,1
608392ad88b8b2737ba9ac312e9d0b2f9b5b5a90,0
19414ce7ef935ab81b08f6324a89a17ad602d519,0
321be10138d8452c54a8dba037863ba470654e59,0
c4f754a6d26156040054333a40fb0baeb89a72bf,0
c7bcdfbb310eaf2f64c359d2e98f4ea75ee110fd,1
c52a31b6d3b420b29ea24e102a307c4836320b41,0
51751facf173b0ebec55b664a5ac07f4bf32e53d,0
1ab73fba0fd1cd4855413b563091638824aedbb2,0
c96a062e2cbc11c1f37d5e66a084ae980a98993b,1
5f4375fbfcab68e770e1337d908334170c21aa56,0
49446ee1ca7796754812415dc9ac098a5d55d0ca,1
615f48b2487d668056d6eb96cbad17385d34c02e,0
4923cd835b0694899011ff910f2f30108851fbcf,1
89639c1bf1282eb7629494a193fdd6c42ad24053,0
862d31c8d81fe2f86fc43a8ad4a522e36dda1268,1
6a1bf33ff3fb499cc4470e9db373b3d357869b89,0
b49764ac0cbc4ee5d4c9e383c5f3da75aecb8b35,0
cc25b229d8047f5d43a26c5305c9bb5b6c85cddc,0
60c3229bfc4dd33afd2957271da043bff5edd6ae,0
41f186a17c04163d20d2a7852e9582b9c9043ff4,0
60c38ecff7b498f93e405443f78bf7c7f3a6ba97,1
68598b3416cbbe0fc7692e5c52d58078d0355a20,0
21214515af7364e0df18e7fed947424892c4d52a,1
b2ce823579caa637ea2c2679419d4d105ce51e0e,1
c0789c59e922a6e04e9ed4c351cd0a778ba25572,0
4cb0996aa0bb98760261c98263afafd9cc2792f3,0
d3f4b5b25fc995f80257ba0e86643c50132ec2a4,0
4eb965124f651497c2ef8335171984da877923e6,1
96cc7cb08883d94fa66f0a945c1839a79038d579,1
dab97f6e850ea4786fe2bddc51f6068b91b2e8cf,0
11404a46849a15614522851215ea4e5dce406770,0
8fa0056c3e6aa672acf32e2ca26d1d1c0315b691,1
f7145c86f4b0f81b7cbca28d85ab82eddee80e79,0
80c9a33590d8eea2419f5afc95a0cd98de5ed06e,0
809652706cef249a81ed11b760315eb8d6745d5f,0
de4d698ebc6855564d6cb4485353e393459c527f,1
1182d726342f5e2054ab0926d2eb27f3f9a6d219,1
299ea7de30989db6c2b30f4853f9a9c3e198476e,1
df318bdd21a1c9cdec4b082e6dc5181f8ea97861,0
8a34352c905f0e750226551bc3dada6ed631e291,0
4ed0c185fe3a70e4d1b39efb4a68078cdaa969db,1
4fe3b87bf3831342b18c0eb19e9853b715f50d10,1
d45c2e4a10dc0fe6d9e43b6d3a466ec86de2ef81,0
28b409ac3aa458ec8ad29fa40c517e7fd90132cb,0
4494785aa8ea12860ee778d5fe60230ea335130d,1
854d6f7b76300540f39d636a710433017119a6e3,0
4f84520d46d0a7254161728f6535b641c63d9ce0,0
5339da1fb5f747f3f03b7c189df9983be457c04a,1
71ad737ba403a019655f65d3d340cde6b8410463,1
6e79294baa96e8d6a171e407f2f3fffaf480c9d4,1
bc2489fefcaa37266eace638a8e7fccb17b3cdec,0
cd5f54dd7031382db37332249b84d36132a1ab7c,0
452524f1b30ae756e2fd75154c8cc41d5e6891af,0
c68060eb43596efb3ec0574074dbcb1e3536f43a,1
9d5a174acfab6502e66863ce1c70c6fe180add42,1
bbbcca7851ca245f4112ca18439ff30630671d54,1
497f5300ab4d000a92fc7e0cd76a21c8e8f45ff6,1
ae67056008de791b0e0debc8019d9e7f6ccad4ef,1
e977cc42c67e77491189b9be2bc27e48a9fccfa4,0
9aadfe16520a6493f6e196146c0614d327b969fc,0
7e45b5541bcb860eb8e5791208fa2f3b8acf2db0,1
fd248d3febbd28794b6c6daab5a3f9563e1bbe91,0
42dd89101a2ca9601536ee1ebdd1d0248a3155e1,1
1989f58b7b2c18979fd26d301522abdeb559a635,1
a9d49ab89cd725df8720bd9ce25c286b3922264b,0
0cd880d49ad7aa53855b09742dc444099643e887,0
d725a56d44f926f605590626bc613fd97dd37342,0
6429bd93611227cb2a71f8210f1c7cba5bfbd5c1,1
5f92af844a5ed8413e5d832929d0d1c758245264,1
d5dd5e0dfecfc54fdbad3fcf1f7fac04fd110a5f,0
3ae5556a06da08c1975fd9a76d73f4d1abf92398,1
5551e234e82819b51708218ef88d8c752e1377b8,0
1063b31fd3fc199b64bd0723d7b560471f769d06,0
ba957dffe2d1b56e024b1fdb25ee216f3718d979,0
c38f6778bc8acfcd9dd9621de4b98552033b1ab3,0
61be022d945a341dad71952ec80534e176e4ef57,0
a9980a237cc5d8353de19c0836e7bf35b08e51bb,0
99ba022e79f012b385486483602795c59ea96321,1
b810c855ff615c07156352de434e04aee12587f7,1
94c9c9bf65ee61874feb91f8cc614232f3206c55,0
f8a8d8dec741cd38ef38f78a28d1c22a5f41aec3,1
ea56598d65b11e5d400cf8179abbaee43c8b497c,0
f43fc2d15cb8edeb1dad1c8215ae6d710f5dc65e,0
e4e01a5655081cff58a8d8ffad4d4d081de6f2ac,0
905e6c1e984280d6368bf6ca7320fe9d524cf298,1
077863dce258030a1fe490ece6715cd203c3f71b,0
54dba7a1747bd6c3d26c049b7a8ec2dfd83d4939,1
45a3d53284557841264792567bbf65ab1a05b70c,0
f2a7f3f81cd9a67e22a3f0248aef965f878ad2fa,1
717b1f1e91a5bc442cbc56f9a7c2096b1b368723,0
f02e747329d9de81b571264c3fa9d07366454f41,1
429267199ace5e7c206440699e7c09b642ba62d8,1
ca5e25699296f789f0a8c357d603b5211b4f18c5,0
deb65074c9b749d8efe4b992b4b5574bb46c8e40,1
f0bf721efe079642794bd385008adb4949b3c322,1
901a48518edfae1f85df55e91365a379f29bdc04,1
957b638d4a1a096cb43c192ca96259eb269177d7,1
84c0978a23a7fd2d116c322428a23cf1b3a22769,0
5b1a60e68e8016b57803741596c52b5bd480a36b,1
29953ab2f1b356c4089d1951360b31f08c316e63,0
92acf6d71b0ecd0c49b6b341fed0f8591f7484d9,0
99400e60cee0a8c9980e747793de3e6e2de67073,0
d1da23e8eee2b6fd834c10b23b9a9f9fe95823bd,0
811728782065ce3c1b1c7a678b048cfaa3cd60f2,1
006df044f1ed0ae00f82316a56afee4665bd93a7,0
9a5fccef4d7b382d32c9bd491b620a6cb92be8e0,0
8c2077976ef996b4545c6a36b114810d91623eac,0
07030603ab87998a42224f91db9828450ea414e1,0
72b78360379cc6a5ae5569fd0caae871a43c72bd,1
65de96147b42e4f2ae74df180d3817a75b6225f9,0
7a223ff432b3511d19b54e6c2097786c7b6f872f,0
f42dc1a114133887775d89a92c5572eedd151ce3,1
31e33007b3a05fd21969f9128883d68d6b48d594,0
9c59fb5c061a1874faf4d62b35a6ecf390a10830,1
520b121b7057f68eb674e11a9b420e2196ad0fa6,0
4fbbb94f316e29abae7cf16bf4077f2f650e4616,0
6c07caaae31d247f3b40c37a040ab0e820926d39,1
56c1aabe49a7f9536d05c6a683da607385b1af78,1
04faff8fd1bbef9af96999a05b22ed9835c71264,0
3d683094f603376a7fb25ed8c43d853b464ae816,0
e0c34beab165bc2c70e04c7c8d02b369c83416d4,1
4e875f8548db6016c7dcfc7093633dd7638aae70,1
32885119905493e0300d755390befbf3afe80be3,1
1e43878a64c51d4b85c85e0b1aa60044bd02eb3c,0
d1c47abb0aa7825ea5f06cb8d55dbdafac8bcf27,1
518e9de045c1cee9395be2241a8bfea689885072,0
a1091dc4027ac7fb5d6fdd96c6b3d3571c6adbdf,1
d7bf15d6679a5e164479f09f9c86726fc2898a42,1
2c156cd7e06d92a4b9f66271b2940d2c07897ba0,0
12f17a7d6ce22372a56339657f72822ffe8d24fb,0
e05925b4695be28ae293e6fede1736eb81189e67,1
51f2791983caeb04cbc3b1a5c458a231348420ba,0
f05c6ade8b7728a138b9488c06f5bc8c9ff0ff30,0
9e0728cc471dc1a6abafe5118f41adec81e3f70b,0
43b219e064926a0af5f5408d39613bb4126e9bd9,1
844b7b4e0a458c50b11277d63054c46c0397a32e,1
30251c3db62c5d05ef8af11302e1043935ea5910,1
ea51e1c2b43351959383c634e63b2aed175082fc,1
a356fb3db941f00ac33b275e9bd8b68ef564d833,0
bcdf98daf718d9d09bed01bad07361e1aa9822a5,0
f23a47c40920fb199a3b7318081b32f17c90212f,1
2663cb700fc6d1784469daa87d67aa4b062edc9a,1
f24f5a3cc34969a172969234aa6d70b3ff6bfdf6,0
a7a006ccdb9e041d58a77f5c9b17030c7f3b0a80,0
c2767681bf029f9094aabf74b067b696aa3036cf,0
7e1936d7049662b6a9426796e121e491ae524bb6,0
1b40db150c4af9c9e5e9c561bdd481a9f86a1e3a,0
56c132c580527adf02c7766821cdff2ffbe2891a,1
13186d4336def9659b972825403d50485cc18969,0
f8e1624c407a94a392eadcc61bdaaac87450723c,1
568a4a3e8906ab3f8b23177568f34774a28fc12a,0
4cb775b2f27447868047f08410f4f4d2ba304e35,0
8bc92605374bdfefa2f556f480359273eaa542bd,1
984202a1dc6985d901c531ab8cb8ad231c8a3cbe,0
ec49e0ac1fe827c3103c94f9b842486f5206a920,0
2e811b469cb3fdf240859d31caabaf6718a3461a,1
53a9475d52ed2be3653aad0f68a995ca4a3ed8d4,0
6bf92127acd80fc116ce3cd1d03c338428536176,0
d0083f03950734e2be5538988c5dcdc0f8ed8271,0
81c543c27446abc0ec41df7146a880d8421449bc,0
dc6f702740c6e332262fe2cc5b4e482aaba95a31,0
d5d611b50fb0abd8f11a880c37e5994a7eb3f266,0
d13fead1fc2c13bca52099a98db7d529edec73fd,0
301cf069b34f4c28f6becec4e16d35734539bbfb,0
8e6b63ab8b141ba938659925619502755fd10603,0
2d82090d5c25cbb099004fc8309786cc2e2a0838,0
63e074e68fe53467fb7494506a52a933914ecf77,0
da27c49f1776c74a70c728ad7e9ffc92669a180c,0
b383a660bf7622f75410952f9d735d03e6f8beee,0
7bf008c54fd26d60808b2cbe2be922c469efb10d,1
bf2d44425cb83b0771cd10d0c5511de32ec21bb9,0
806124217b1d9d8450d042b3545767c12b7dd136,1
847d57f08dd4fab2bece13bc8e45ea12329f995a,0
9aff05f93ce6800af877ebcf73cd7b6c2e815ebc,0
171ada31d62fc33e44ba1122039d14e789040ec8,0
4d5a746e0f74e2b5d747dd6706f7d8d2dd67d6eb,0
1becdd716f5cf4994f1ddb17ecb52d7d21a6fd23,1
a7e1de834f69496965dcecd8296fb736bb1fbc01,0
c7efc44ad5d0510a35bedc2b94fef64234ce3f10,0
c8cdb5929b3e843cfc0eeeee1f6b3c4144d682fe,0
064e51f05955e0919c97ba6d4bfe71f3b54ef25c,0
a12d3fac88463372cb199810ac23e9200eef7cd7,1
bc603b207a9a2bd4f08c7121d694df805ebed79d,1
6b292df3385c41d9dc27ca72cf5c33d1ed81734f,0
c17a1591737bd15bee5c3ab5581d094e9e1eba5f,0
b01ef3b299c0507536fa2a430367bcea1f0d5f19,0
f2ecd6016591de7fb76c7862eb85e1895f98e9d5,1
2303376d41332f47acd4fbf064a8b614a997cbe3,1
35d47b7c5884b213136b44f69ad4aab7f6d23a6b,0
cd500537a85c196f2014dcc2c897661bc2eaf4dc,0
53fd4770f1c05f1a275a19897b8c92cdef0ed7fc,0
e4c2a10a2f4ea9019f203690fc748f41a074458e,0
b73159e28fee765f214c500d1e65091fcb57d631,0
bbde1d67732463cb62735ad2c347bd02b5465116,1
4210dd648a8af06adf1da40ea2832b9b3760b4ea,0
df7bebacd34cc5ee8b6fb093ecfebe391056f528,1
6bac299ae3184ebb83d96b1b710f84b81bae69c0,1
41730e86f590bbc31763374cf8d92098cbf3efd6,0
9778a9076d62f96ea8c17213340791b2b6171514,0
cba862b76f83fcf0a5a18737aea8e0a2548e6a35,0
904de3c8eab2f30fc500495f2321c2897b14a01a,0
84be30b6bb27d027c88a5ae2df7eb1c988b1157f,0
221c83c90c93f67b101c7f79775b9dabeff7ea74,1
473785d5ecab567c1ead2a16b607074b2bbe93e7,1
d27e7eabc6f4597f082e32e0925cfee1e27cbe24,1
6763728ae44365f722c8c846676e42c30725459b,0
ee223c4db06ab3353ca209731e3f8a426ee6a8aa,0
da056a57e371e237e3b732da21044166439d545c,0
f9f8032b1da5b55476fa65fc45763ca23028f827,0
fe1accba2423ff98d24ff76052961eba84139593,0
886d2ba851051c29e79b824ccb685d6e4808fa2e,1
480e86984226515ad81704c6886b31a0f94f4beb,1
34b98fdd802762c9fd0c1b60b2fd9901954a7694,1
f60e572918fdd747232326d8b135729af19ea8a7,0
90aaea1854f724b93e4bdff5183cfd393cc2e179,1
2c496ba5a6e0fd081c8e323d2a5310dea68d6e12,1
eb57d2b92e1b100126669fd5aa92acee41240849,0
520a4d3849a323fe3c5636a660c41cafa6d027f1,1
d1ee7172a7f242e8f7f27fa0827700300ff0de67,0
1f0b4909652898f53aa313f657ab8f1a401e97c4,0
4a9c80f8e7c9535813e2384f56ea4824e6ba34bd,0
63a7fc9d1d7212243939a1f6f4ed8f45608f0709,0
60d3fa48217dc634b2efb8152f651d9589827c43,1
cf6046ef941327e55e41b5e5e8444b87d24034c8,1
a8bcb04d0c84780915bebbba53f07c366ab65e71,0
011273075f488bf43f8f7dc7c36234919f1c2e61,1
2c5b8533a06723a75eefe3c0ee0a4e1766d75026,0
58ad66ada8a0e68b828624f6696cee4b6c729daf,0
e92c4fbed44ecaa7efd35392bd7fff031d0d72ec,0
a73af34e3c389d1f252607bc282c051d2b0a0b2c,0
dbfa47303585ed1e2cc112fefc9df9eb1a4dd99f,1
1c1053bf0d237112f9e6eced2ff85180e99750fb,0
21005235080d2617018899299949e4ffae1ebf53,1
98772f8f75a7ae385bd70536cf411471a2f19cb8,1
1c76e53f98be498744e72243ceee54cd6e35437c,0
86d302cd9bcfb0d8cf3bccf8d883d8ed07d8d428,0
b3b7d2554e74d45b10241dfd4eb82c41be6a4cdc,0
073cfa45d2cdcb551e1a9023dba47581c9fe4ff9,1
f5a80c1fc564d3efd4edab03f999a05813cfb2c7,0
37fd719c55c5e39f77e3e55a6114e05929c4933d,1
2138def799b0a107afeec5c802473dfc4bc90634,0
11750bb741fd39629e2ab80a1dac4b8a67932344,0
3a93112fcf9a7fe65242c47c3f1a859832369218,1
f8a3bc42c436a7caf17faae0a3e9cfb427b68912,0
cdf1648fff9ddcab0b9a2f323cb2f4b40e56ee39,1
c3bc3843a3ef4a763b9c963f76223f74990ccc09,0
98381da9cba9cc1a2044e1d36ce586cf68e007b3,0
b9696d62d05ecdcd0f41a3518a50e4aee86db607,0
87d13b11d48ba5abe4b21295d450179d234f2af2,0
8eee6f0be77012ad02dd0e891c51589dc3048447,0
aef2f426366ffa829a451ce8f311c8e81a1ed10d,0
f8c8a41a0cb82934eb457f4321e57d7748161712,0
d9ca41c9fb1397010e1b1d7e19cfac24042fc4e2,0
d13497d0525aee4ca94805a4bd4441d137f14b3d,1
49c25a6b89d8abf692143c6cb6ce22b85ce87d6b,0
4189011a225a83173b4fb6cf70a1e6e742e4749e,0
a00c5baf79cc07552f27e24a3de160f970008aa2,0
1d8a33be6cec29688bfb9aaf1887e27df134cb9e,1
55f1a1227762e85c22dbb6f717bfcb75f5e88c02,1
190ab415e2b450833f9fe5fc3d5fbe02aef15bed,1
d2a20ee42aa0d6592a3833c3ae49386a1af0a5b5,0
ae2ab29bff1ff81306cfcbcaa715478ca67e8c4f,1
815e5912d367f33e619b3ce3379de0c5db4fd5ba,0
84975ec0a20486a7725ff1ede64507c3a3a101a7,0
121161a751c4f5ba17bfc7aaa859faa4843eceb2,0
f523b0ad10e9099f535dc6a0669b17be05e94e0c,0
8626081d26245f40a770cb4c9f83ab17a91adaf2,0
a34ce5c6282249d490bc67c3d7f36fa1051253c3,0
132273dffe30cb84a824e4056b185b202b464943,1
7ac3d3c54314830d15821626a7ebb3a0a761871b,0
488213203bdd97cfc4dd7a54ec612b7acfb4bcfa,1
2f3c23c85c4d80cdea3a052d72db51f0fea08123,0
65f0fb79e841bf8e81065f9c45d62c57fe5b63cd,0
3334656054bcd6c1229dab2af214cc4177b16c13,1
5d510f1abbbe0a814bcd325e2591fe1bd09263f0,1
c85e665bb047da38d2250b3f46a45070ff2845bc,0
4db5f69da0d355dd97ce5bff80d023d9039092a3,1
c57ef9ea0b0a6958a9da0b8868a9dc459cfa3114,1
b73242404f1cc1283184e19b870d485f6122feea,1
a861c14ccac61d0ea69fcd00dbd7abbad7d0e4d7,1
a7dd108de8ce6d90b51faf70d5bcdc2b15be7ab6,1
18e7b3a7ab23724e8bed9031dce755344f54e63e,1
9b4fcd811aba75ddcaf6d3b17633360ef78d80b4,0
cd845f67a37a96048ad850d0fe7a88e53ba1f089,0
4677658b1488a4969c544e3456c2b6968b56609b,0
57dcb07df8dce4a22e32d3f229a4445ba16c732f,0
d07ac28b8da817f5b9fd3e3b6a86be174a7dc426,1
e5eadbc2909c36ae6a8c5f86356deafc77c37d97,0
706ae19893658aae09688fdbb89807a53d793a33,0
694a83ef4e6cd4d36484c2bbfe2f945c94ee7ba9,0
f14c1d4bfd734d90f36792336465b98631413e17,0
5b8fff5e58bea8c1cced8e47facd09a78ac227f8,1
e00a36be6419dd56a29ef606b1690ad6e3a41717,0
8a9d8bdae371bd1132b7bf76b7bdac6ff82588e3,0
a43d72de445ead447cacdbb8bb596761a702e537,1
efbad331528774c0c753b7eb4f0413f075f07359,0
25a223b04ff5e7d884f7443a8db2239110632a06,0
c75f9600feb69d946bf5060fa181a50cbb24d7ba,0
5d61af2db297e51301c95307b12177d26fd5836a,0
0094f1baac2bf2c06c209555131bf978584d48c7,0
569966a094e6784373987a412ed9f5a030e78151,1
3a91952b836a52a8d0bf3ec49ab31541ce3b0a3d,0
61e9bf655408cc3a240c281659ccc39ade07cb41,1
0a642582ef62bc65fb7e7f10e51f9099289a3763,1
86292661f6312d54604b3f74a34314445402eb9e,1
d51e848cf60af3848dd723aca67b1bc9d69b8737,0
d0420d0c29df868fc4441cc5473d60309546baee,0
cc7a2fe3d91b69560d85a1c6de95f7719b382523,0
8d00fb30bcef3440b8541c9f1cb6b9ee999404a7,0
12e62217f59eff47761822a863677d613478c032,1
8c40d24a71efeefb8fe7453cd666515b5f2c74eb,0
921e9ff72ba9142f265774571e179f1aceacd61e,0
95d83a0c653af65264ee5c0083d98b73cb8edfa2,0
3005d408955b5826b864845be8aeb9a015bcd326,0
5f283daecfed14c784feb5ee38ab271258356042,1
c3e35a2372cac700e7493faa3e55e63d7705cc73,0
c930e58e057ea4098cdff07c078fbe2fe1fbf41f,0
de4badb533eda4b1f10a8a1c95ba3f2244bd0c90,1
85a90af8c2e0465fc0a5c393a3a73f41f3086a8e,1
ce1d435871444961134a54ccb8a3a695e1fb8ed0,0
0229a35d4dbca310395576e8aabf7fd2fa7bafed,0
2ca9c0eae4260a7e8dfbb5c664cb254b0c89baff,1
e5e7294b0660d6be10f4edf603dd604daaeaafc3,1
939c0056a4ad00cb2e4c2a3064fabb87435665b1,1
aa734cd345be21275155e237356e384d8de9f2b2,1
f09032ea4b55360de8d175a7923040ed4b50a5b9,0
0747245d41a6d190d3b0602e8afb316732ad4d9e,0
f5164ee0b6ae56bd8f2ae33b62c83b5e702d127d,0
13ae906f2b87a1314738f3e4aa184796788f5259,0
b753e57ef7fdb264263339cdecc8ce1f2c0bb388,0
6154313fc5fceaa64d271dfc168e487c015b0f5d,0
af3f0cc870d52536b18b0de19b7c81db646d2598,0
7fa3bf707b1ab441874e1413ca5f4c018cb37742,1
5104e0511b7938c3e19ed3d79b860f14cbcff91b,1
abc2308929d9164f5db66843c67004e5661f63ce,0
baa987103ffadd28e01a1638dd01f8a262675de0,0
ee2e03d14cb6c6cdb47bc6e11f276ec68011bdc0,1
cf48eff6cd9b134983f9ebcc30fea99e4ae68861,0
d1c50cc1ec38738a34c7a9c46911dc23c22c5bbc,1
a8113495b344a60bb64802928505bf523499ea3c,1
2cfff9f90aba9eb4ef94f30493759d5dfed50086,1
4ad654e18c2f6389186f9b7f26b2656a6ffb00eb,0
a044836cd68bb386aea53ca0408d2994161662fb,1
7663d4d61ac9ded7344d802f9394461e83d726e8,0
30bab74b76029cecbae295e787cb93407932bed3,1
de7ca5f9c20b0209c6de70fa57915ee98947010e,0
932176208e15c89de2db564dd2e52d169acf5394,0
4b9d2e945eb531c4be86d876cbc921b5474d3646,1
41c7b19e3e768b27cee1efcdf48b88ad6bc54d23,0
64e5e26c918de70b4fb0c302f1bcbc1595a8e710,0
e5316557212a22d471dbc2957a21c9a67c4e4ef8,1
341a4b73fc0ed17234de1ca24313fbefe79a1584,1
a37da7e82289d64ce33ef298a95c9ecce0fc8986,0
4d71dce87dbef0761cb060f9812a7013cdc525cf,1
b1bdf7fdd799c45f96b188b9044e239a733e0f78,0
8c57181b2197345e7d2a4bee4682f2f240b2ee5f,0
bad2abe64ccceca19c1556973573ffc38c5a8c02,0
625f7ddb8026a94844e132ecad398d043ecd7c7e,0
e45a71383e2cd651442a3da93103b53e32087a10,0
3b95cb29f8a930a1b013d47ef685f7c466536b76,0
bcfc340f736022201ed288c226925e2803863e65,1
1c461266613657382a0dba2ebd618fb904775f84,1
05372f8d5d8cb6b6a9c5ed8cf79c5a01a456c246,0
b1363c66fa22ee1a7d6e7e22529fac0f0949e985,0
a59c10ad86414f667964b09b7e5d967dbf15534a,0
cdb5e82b1ac9b4dc400d267d8e2acdd7fddbafaa,0
67c883df6ad049a0053fc1977dab64e9b011c30d,0
aa0b3ec2c5db1fafec8aaccf9cfab615ecf77044,0
b8153d3eadd6ddf25e2971c4d27141341a78803a,0
e19487159ab73170f3424f870cc0c821f628c3bd,1
a2aa2feb731faff9f6c6c17c3380949a714d93be,1
bc335af5279f155afb6d9a45f64c16fca3fbef97,0
f85dbafe977e7f2a616756a2313df350679394be,0
99725cdc62bc4cfa8d28bb43b6252aff54112a14,0
51b705b7711630f96612dd9866d1fafa5cef683d,0
5ca21869ccba7df6be91f1566c39f30e8ff48699,1
e3d50005d6e71a76b0f29f5f48b40f16fafc774f,0
d4a65c854fbdb418b2a014e178f6a71aa7d1922b,1
0f091d3c782642a6197fcab22d41c4593c43b69b,0
457dfce094d8979d027634dd0243657accb223d3,1
5cc60bc8a7213241dba0b73d4ef7106dedbd92dd,0
71dc2286f83ee6bb8e1c0d2abf9b632702e37e86,1
792df237d55c01330418d1b11ff78f3717b3efdf,0
26416f05445ecb016046cc8d8030b5207d0cfee9,1
b9986bd6a4c77632b2e7bbdddc5997d8ffbeaf02,1
f63b1f5c3917cea5464a81025a209b2b2b5755c5,0
0c2972856fecea2b66c56b8d1e179491509fe9cb,0
2df76ef497c066ebd22e094c0aacdf916dd55aa5,0
884db35169e63a1bca6815d1973a09f8fc12a6b5,0
61c35d68a96b659013c9d93e3c2f83c8dff7ce66,1
91288f990e761bbe9eb85217ef7e76f1e6b715e1,1
d780244168f8c6334b057b7499e55dec53e0d06a,1
d8200d76fd2f1c1e8e2faef7ee7e85c41e1fd785,1
16cac0231cfa0951f3c03665690ad03634a9d593,1
df7975d8a1b7a59ec53274cfa52f5ae93250a123,0
5076259ff7652004dd450003ab9beaaa8a31a2bf,0
b8feda5454a3a9d541640ee08b6ce388937658fc,1
4013cc3584dba34f196b81e030fa3156fdc7657a,1
5047c9db76aed551d1a6455af13b29f139bb4f94,0
2a1bee56580b45933a2cad3a261d10b832c7ff0c,0
e39e87e197790c352ef71d8667f557f1ac61f5a5,0
14f7f9e974b36a32de1d29ab262b064690e974dc,0
b0aa8fbccb15da693c13ce86fe7eb516f6ac0cb1,0
272444975066dfd873ff38b88b8232819cdb7063,1
ff07b018ad8eb7c4953ecce8db5c4da3b2534cf0,0
1258f0edd6faa26dc8e31da553890ca83fd1fa76,0
05f4b2f769170d0b1a359a673040ecbfc6cedb38,1
8c36c5bfdf7e6024a9083f126f2f6049db5fa0ee,0
a4a1c62fdda355551d9ee462c793e6ecc2264be5,0
4d2db353529afcbb8e7debe4abe0032ecb0fa1cb,1
9fb1313e59a144c80ee8a25c34deab1660b3c0ab,0
997c13a0330abd93b5845b53caa85195811b1bb3,0
c3ddba1eac59c9ce934484c24f7ceec18a1ebfc0,0
695572cb34b730b33c594700f0521de1705b5711,0
1c6368466eaa9e8d083e89711e946974e0a6be3a,0
e31c585930de372fde9b4b2e77fdc9859ee5a1e8,0
13ebb7b379c0bc4e68d845c4db56047ce791c6f7,0
6e0f0861d216b513e88508fe067ea00be2d7f73b,0
69f40fa26af178d6bfea780a8e4fa3ac9feb3407,0
1e6e2bd967dcee0018c108039a73f33e7326e336,0
7c01bb0313061c2c0773ea4702495a9dc1ff3045,0
ecc2af8bfc4deda9e5043834236010fbb21c29f0,0
c4442c2a2646da761ab34fda88ca120bcef6b772,0
4dde861e4a947ce2bb6a70efbae56ca6722e8e91,0
72b27362a306751562c2c3df3cc1c37da950d6c4,0
24e8ce6df47c6bd99ad9b1bc3181c984ed0114e3,0
ca8b39c8fdda8ca25a98fac7584209abbf9c969c,0
52e3aa2d6c4fa6b9e613078dd1e2846f38c32dde,1
049f907623ac85685fb245e5aa75ec8d82cf7290,0
f749ca6fe777f83ad7f6bc504fbd769c737d164f,1
2f23f55f145e3b5c85b2c670b12ac6bd5907937f,0
9644f5671402effa62fb1ca8fcd328a5727ac177,1
09aba4158644b03a2a2f99fc503b556599a9e7de,0
4f0302a68958be78c8bb34a994f029dea0ec0b0f,0
c252334c51aa7c3c2ba153f06583b94d12f1b0a5,0
f492542cb7172df20c699baf624ef6a76172fd79,1
4e20c324ab3252d86808c0272eaf11595984ce2c,0
58dc440fff351f21e83986e97e07d703e5dbe034,0
e193d43e05bf3fb4ffde7d423e5907821897a852,0
ee7a478021fae0d6bdb6d7a57bc709bd59fef095,0
1c10fcaade26a2b473d123df6f9d721f61dafddc,1
a0e4eda1cb8e1c17a08560b5bc6e0439c4f84360,0
454aaf34d639b0cf51f969ddea4a4b37edd79676,1
70a5123f1b70ef0ed68a55f1fd04248ee28805b5,1
a3b7d02c6745a1fc22f5ca0bfc15607e2fec74d8,0
c78fab746ff05cdca4bd06c0b3339a7831fb0038,0
b9e2892c343e26b943e7173d790597ce4c18fdde,1
b9f3109b3da8c8da1bea40d0051966e0c0539bfb,0
8b81695ec2912a8547fb4c68351a003702862677,0
87bf9c4788a4e31a07aed76b0728b6490c8d9276,0
800c8750b7582ef5575de4d8ee0b9f7b747a2a6d,0
cb4ae747fc82a002e0064e7b950674e0c00f9cdd,0
f2eb637834dc9b9110ab9378824540987545e885,1
81a107a331ad3d27c4f1e1bfba1f0a17abdd8711,0
c1dd4a3d7443d08bd9827bdcc1b961fb8303994f,0
a7120658d50323ec07ad716bd29fed88c69f8424,1
e7fc7498caf18de590d1e00f5db4803a5097b142,0
50b4b1c13c27b24e197c2caa84a2207d53b27c63,0
7b82ca4325e97eedea791f4db7a17ab6f6f20f77,0
550c772539dc753f7038f4db325162ad6f11d59f,1
e72ec5e4a75820d77fb26fdd2d437281fa4043ee,0
b377c3c307f6fb94ed9ce26bcbf15644fa95e111,1
a12aae327aca1f574b922dbff1c33012e022fd54,0
6a8bb3b6ee9edace0147434373862bc7d9a2a02b,0
c9c9ba5be96bfb9202f3149e9286e4eafc41067d,1
0b9398dcd42e23ade488b7ebb048c5c876ec4402,1
b6addb86cd9d128cd1d88fa42346784f936f76ea,0
000a2a35668f04edebc0b06d5d133ad90c93a044,1
16cf29c2ae0e164934230a8650526073edbd4eb0,0
e915c34f96345b69f4c46c8150d51206a2b49b49,0
4ffa4195fe421e4f19d5c81b1ef756c59476c6c0,0
272163ad7aa5ba30faeedbed66f777e69e3fc04d,0
4390e15f1da9546794ea0913df7aaaac26cc4683,1
4fbe62bc38e21d957ffdecf00a8e32bf7b5aee7a,1
defa7888a77000a1a6b46e25bf8aaf65678df3f4,0
4e72a903fc4736d2dc2a9e14ab870d32487ca744,0
c7cd6709aff62f37d5360737ed8e67e76e927e6c,0
0e3daa1115f4507874e7cfef162db4ea4d3137f2,0
ba83b5d409ed644d8c3f343112248872a4be8942,0
f5181e7f0dcdb4733be384eecd99793b9cba1298,1
1674695cdca01d91d205e7a755764bec4f7f41de,0
1a0574b83d38ba11720d0156a9a042daf23a6218,0
74b2d2a30957bfb262a2c7a87f1a29fd413d0e52,0
7dc34687a83e9facbc4685428dd373dfa2778b55,0
371bbaf23876193d55c63f05a3b57628acb16100,0
8399f2017f0419f0a22cf8a95e594ebf53837076,1
326a9ed097e5d0b403bf0344666bda6af7bbc743,0
e582e6ff28b0523cda215773743f595b30490393,1
5cf18d2e47f9de1b6541d18ad74e8aefee261ba0,1
4fe4f364b547b63157126e328337688d5a86fee0,1
c9b41b2af366c45e73c50a148b6c10594f582c8b,1
be8d0a12b6a2d9ef0ba003f1f2c51db2e07f6d84,0
fbfce30d2e0bdfa85711e01ec8672432bf148632,1
b217b5d7dc75fde75cb63080344c78f7c7e1cd77,0
4eb647888b56bde101b3a1426594d40c39cfe9ff,1
376cdbc4d4dbdcecfe442fc3204e7dffca793a0a,0
ff0551a9e3fdc4f5eb8a47af4e5d0e1140c403c1,1
278a11160594834ab11ded352b61d3b1f8207175,0
32b519aaf79a509607ad81ee0842c6d0a9b1b705,1
9fdd7c9ee01dd9845979da3092190f019ac564e2,0
8985c79cbca3de2a955f2faa6fdf32f129b87f9a,0
7043dbf622b2dfc0e5bf04e00d68090a52378d31,1
f4cb7991f15934afb88dc579eeaea00cb4899c6e,1
aa5b0663c4bc6011b6a4b89ca91105d88b4e46fa,1
f5ef0209f985ed3d1f3492dab7563421a6861c0b,0
e6be522df226dd4a174ed9956831f15ab06d9cb7,0
d2c315415624e859c8aa4e4ada5971414e1da78a,1
9695b3e8611c75902b506412855c19e370c9ca22,0
74660cb29a327cd2ed0b3c4a1b60c5b4d2a793f9,1
a86a79b9174377cc1d428604f244b08832a3016f,0
c628fd7dab2aa7148fad8f1ecb4434bc64dccaa4,0
b1d66b9a82cd67a584c44ebc83fdd46e128ea78d,1
18ae570b446536c92e0ba04838c50ee34c4c69a3,0
ecb77a611a59b4f0f1028b2982c5cc8ff388f5b1,1
48c8bb9a0bec7a4fefc2283e8f72fc8b46dc4edd,1
84df22a12f5dd0861b36feb3c54c9044a8e898ad,1
f7c8d12a6f2a90cc6fc8f82a37c43693e9788c53,0
f716d8105d92a0a74356c3e6f3c18533bdb3049b,0
45094b5f44e28702a5b2a0cd3da1c6cf4d9b4a57,0
1ee73f4cb25c0d007509794ba11f69431840a465,1
35df5efc30043cc468383fe7a430cd5661fbc388,1
387641ee211777c72e36f9f714d453c5958dd115,0
17fa445352fb0e62756be0707c512da696e60a66,0
906871fad065001b139d152381d7e891d293e51d,0
682f9c9573af89d6b71d49af3f18644578d05b0a,1
19c1dcaaacbb553e941bac103af58f558c289af2,1
ccf6247ea10b216d0663cfb94ae060125edd4672,0
1bda8cca045bf1c9efdb230c0347e9b5ba8d2384,0
e5b3fe3ac80d1f4c479704e6bd717c6122d2c9c0,0
00378803b945b044cbd74386a825dba2ccbb3ab7,0
da25aa449fbe9f2310279b9b1d760f2b91a1571a,1
b8e74dc963140ae4f5944c9ba8da68d6bf99a859,0
5975730ef65f4f3cc758eb1fcb3cce372f309b2d,1
7504c8606c113113cc7777d6c78a0eb72edfcc1e,0
3c3e5d9e7418af451bf07bc30eaa0413e07cf67a,1
1626c89d8f90665c03eb62526fa46f3845d60d2e,0
c6ec5105f969f628b0134ce338fafe3a1b7023bd,1
989193360a9170aa7737670e613f8c6b6c7157b2,0
bf47c417b1e401631a63ced8ea0a7061032b3a5b,0
318a2baaf9626db94b6f695ecbc3e08c4290fc51,0
6f0a77a5f058a3f1b1c80334a32843d29d24ca05,0
fc2aa499999e62190ce1cd1be7e4c673cc8cb423,1
12d1989d437b62441e8f018295234fa1efdc535e,0
95d447f1fbd6513659ac62e3e0760ccebd488b86,1
0dec969121321d020a9b21b1306c54fd44d7dbfe,1
48102b8d2014e16411b7cf76b5df19e6e00fd876,1
2608d94040fb3f19547ed574627fe94890f8f2da,0
7438ca664db04e3da9f876a24387eda65e1a9f92,0
33242d9702f5a29c87090e236c5f268e78e0716f,0
1c1e622b40d508baab993bbd828332aadc72a348,0
c5292de47caea48ec7df8b6d7311fabe8f5dd68c,0
bda8e3a11a226ee584f4a7240f1dc1b170c3bcf5,0
0ffa5403869b46578ae01010559d95f6fd8fe9ca,0
54e3efea6ac85ab2d387e1bd35ac4494bfd7f29f,0
9b92989a042125a0362d914d82b832ad28736219,0
bc36b9bd5d8aa4a42027132db92c4f81fff48754,0
86cd2268bebb39411d932d51b08c8f59be88a89a,0
bc76f2a26174ef9338c17f96581e22e49449bb52,0
2d74fa10f46e8f6b0df30d8d63c225101c2a101e,1
0392ed3b0acf24260f5732ed7cf9e67c5a0eb274,0
dcff49b34482ba7d0cfb113b0cf817b765ac9901,0
f23aa73029c3ffeac3a7ebb41cf3f218b0f3ca3c,1
7fb7e94f7abf358ae3f4f9005065d141f3b07663,0
0a657dc6d768e3145fe354effb3c7a7aa753747e,0
fcaa3367e376e52cafc214b4569af56507c20624,0
30f8535a9688e3a5ea2b4456d904f1cec296d591,1
567ed97ec89617af1fe6161fd0529c7ad42824c1,1
5d0e5c6729cbcf54bd4af7d5e7e264b8d40c54eb,1
9ce97335918c8a170156d0fdaa11062c088e55cf,0
6b2bdab31f9f08b6590e570428e063a38c6e1bf7,0
f7900149ae21b9353be54e0557f71577942b4ff3,1
67958a9d700e205c260f0a17c0faeba703c9c53e,0
0c529eb7999242a533e0efca8c333392dca4df7a,0
a00a407a174b3271bb9ead6bf03f0ff36f24c5da,0
ef3d3dbabf0f7f2cc99704a69b4e89733d57f534,0
7114cea97679360d1c2b64642831858df569b76c,1
127701f9d01c39e431126acdabdf2477eef1e713,0
70dd7ecdf2104244ede5f489463dc4e9886326cd,1
46ab411b187972c4f58ee9bd5e38fa651daf53df,0
918b0bd6916a1b966c25f4f30e6ee80a5a5754c3,0
37f0d8cc90045cfe381b8000b8fbc5637c564778,1
eda3aaed6ded8a6f211f84121a9eecf18afb39b2,1
34cd246dc1e8b6e864b2c6fb41f1b34b930630c9,1
68c83f60763687dde64a33bf9aaff770066fb248,1
cd8a003996f549d4f7001e378f738e087834e5d2,1
a72ec26cfb7c2b8c815b6fcfbdf52351b5c2cd1a,0
564d0eb3e1d4e21c36507d2a558cc1abcbbc76a3,0
58015f5a6c199aec8675543df786c49273469f98,1
2ff4eed4abea940d142f157a62d93e9d64f432af,0
84683073f9c94695f6cf761c1e6874f8a01add06,0
3d5900177c81333ec63aa34617aea346c95fb6df,0
7a68c72ed804d38a12681d29b6dad02cf87af63b,1
67ffba5ad45f7063f1e9c3161c0203e2b432a49c,0
d7f8777fc86e76a6c498fc10ff5ff896e807509a,0
6429509eb54899ca971a8692cfb64f2707e871f4,1
5eb9d31fa5074d46d45edb8c0d265126a6d98701,0
9836a6d5749e256f3e6275fc5acccc3e0a6fea6f,0
cb40201202158a289ce3dd83422192e601a39d1b,0
5e03552530dc801cc13b3b16acaee6a5354f1ea9,1
e8a5d6b8288a81d1fa1066ed71fa6b475c73fbe5,0
9705475b1a557b00b1ab2604a7dfa1be7a689002,0
2d40ac24d34ce63ea4ced0c747a877797099d683,0
30424bf9064e942c5e410b83fc31117025d5fb11,0
83c4400b73ab9496dfa0e140c248b49ebb401a53,1
64636ea7080db9cf6c6ec5dcf0e3f6655b5fc75c,0
a0a83bb562f24d281d48653576370ce2bdfd774e,1
e23a5bf6afe1539445e0dfd34a8e69f42e0b5b30,0
cf7622c147bf13051fcb6cd7fcfc43f258ebb1c8,0
4a0e6983ff300b4decff0ee0f273381a7d9b8aca,0
a5e2d0c77ce75477148987992cb31811cf077cbd,0
a8b99c0725a83a9a73ea2d44a5398edee09bd253,0
829ee991c14b2211b1d373db4eabd143c7d96680,1
500f8fc8986a59d6854bad79ef363bf9efac40c4,0
a6c24bfd2d1dcdb7096ce03a273eaf443b866d93,0
61aa09789645d0d19cc7fd15a9902307d13db24d,0
a3b3f1bad080bdace3bbb2f4f6a105916d680aed,1
7ee1dd58187ab849936140921e53079869158d6e,0
0c4405e2546eeffe3d8ddf760aa6aa324bcbaa84,1
00c4de1f6905064849f25267818e1671c6899742,0
c6bb07fe6ed4c754772c187dda7646550bbc9d79,0
abb4043f26e020ce486dbc22a07ae96610f680d6,1
3a15bc9b559952f47d277843b19a202c558108fe,0
1747255fd3bebf6b4889709e205e32ba415a0f99,0
ccb4976776a733dcd225fba850de84cef434af2e,0
ff4b4a9c1bd67c01f1c3a019a35bab4594c0a90a,0
b634cc7687cc61798f32cff597c4b6835f074d2f,0
3ef972dfb241eed06946378287d04f350572c185,0
ad14ebf33b7bf094563000aad45476a76ae5849a,0
0394b880cd84db36087195f707ca22a9bd214df3,0
5940289a565d2e41ca93e1ed60e272c92170e007,0
3f3d0efb877592b1ca371bd6c67d463322fd4c9e,0
571d7d25e2aa49744af2c177a14382efbafb9d36,1
22994d11094f43f3a55eb98a3c4ea3af44434cd2,1
01d050b0d9b86671bcf620550fdc9c7468782a4b,0
0cdd18eb189849509c6c6ad40bc2c7fe0f681662,0
07e0c4832804da80e93a673906600b027647dfea,0
e448e7c64d099111c73bc7d2854201b734df2b8d,0
7269f7bde4385af669ed2f953958d12c89637e19,0
ceccf268b70bea5b6cde952a703cc1fb26e3c7e0,1
73f2cb0b327cbe132b2764f60a58b6a72309d6aa,0
fb38fd05017b2d802c4c7c972275171661c49074,1
9c4cb30537d6d0afbc4d4c96a968ec0d90510f65,1
7debcb7547658681b66a7d67c9ec09327331d947,1
4d423da01a74b1e77c714381dd847ce519e0aab5,0
d9cdecf78f1ffdc4a7014facc0dc712d72d9780f,0
1b272fcc068f82f6078e70f0f5f4fe655a98f37f,1
e5ce51b4f208b032f396a6539831660bc962d04e,0
7dec5dbbfef6eec85b391adc430f54e9e9c9cdb6,0
89d42b1313482dac08e2fc40dcabe46dbbb834ca,0
362e8b062695ff58868efc395bba2d351c8b3a0f,0
53b189004b81efdb753ce29a5d7b1653ef55b297,0
5f2fe4a4fc562adfb46ae16584794d05c436d47c,0
16e982baf088467bdefc7276e6e4813faa809362,0
ebd7b3e5df2b1e06cb939711c0277a9667ece020,0
cbff499fd7312c6a07c6072298ab49d490f9d946,0
5b5a20f677e72cf8a43b337ee955bcc80ffb8de6,1
c91c4baa188915a79b3c3869e8bfaa556c23d045,0
576bb29fb1c2200c214c0003c1f9da84acf1a5da,1
7bfd54f871b29be980235762cd8212760dffd9ed,1
5edf728d7cc05850789903fe185a474ef21f9606,0
4bcc039dff5c9165091e29cb4a8aef03d9128315,0
7b97f60d0e2e14cbb9bd1862c630bcd1f224e1b4,1
e702ad6f78e55ff8d50df3f3ddf8f203365b53e2,1
18aca36001dd4e33860757955ddc095415a94c03,0
aca0a6cce260a8ec002a155a4db71c4505b6d276,0
e63a5ab03115777232c9b1406460522db33fcdfc,1
ab67e1db3739ff85bece9e1a90523636a49012fd,0
3ef3708b7fdcd1c844e9950bebbdb1520f148c81,1
e4c658c7f3387550e2222aebe294d27e617dfc25,0
a7db75492a2ae505afdcc618d18527077d73318a,1
3226e1bb282fd2fa2176b8660bd16c0e113f1bb3,1
65bc9e61eaed427e4c34ac1dae25c8f3567ccd64,0
7e4937563935b51e6e3f6d6703ddf4a3fae00d3b,1
0e59f159e2c2ce11f78a5efe65b93c76c9900891,0
5acb5fe206982286a3d8c329ef2a1c64f93d9956,0
cc2556fbf62f2cca6223eb0b648ed56d92636c7e,0
105bbd72780ad65783d9e64ddee3480bf9ace9dd,1
94827e65ed3b7c57edd2c6f4f4e8b9e7f3c40616,0
c6e75bdcc23e3db291e683841276a615b0f0177c,0
92d7df924b8d62bab353b99f7403d52771a026ac,1
ee3a0617cd6da650c721629d5e9882d8ce5fd8eb,0
214daa3ff0ee1e85919303906c15c2f8aa940e16,1
83c33b48a04fde2ea55e02af6e49ff4bee111cb4,0
160685026be580d235950ac2da500cde1fa06568,1
57f6bc312c165a260d02bb907ce55a6279df8a82,1
bbe1176d09203314aa788317ab01564acfba1c5a,1
6faf67937d64371d330ad2a955574f38d83e0420,0
f961a4a5b152ad7896040cf78e8d003363840fbb,1
94697090f4f5bb2e82ec19d34a565380b900b406,1
28905586f10185d245954082bf9ad0f5d163b87c,1
5e5461dd89158cd8877c73015cee2092a7641c5e,0
4e448d73f9e1903820fd527ba97768819dbe48a6,0
537801f58768534960c9f027cda8a711b222c923,0
293698c623de83ab6539748671cbb8f0b5673d3b,1
82b9a251024f4933dbed2aa0f1bd96ce00a8a662,0
d866b61569b597f5462d1adc8f18aa4f3a1fa868,1
bfe469b4106ff7f476bfef8ae8dbb8925b214b98,0
b286f316676123d30b859ad773289008a9290024,0
dfa08fba3c2f594856fc65b2f42754c1abf77f76,1
1e17da020cb03a05d1ef200dc2dd4b9a9382537f,0
2ab1263ac216ad49ed19ae9d0049f7b272fab7e3,0
520434550a839d6a3d7a5fd024d985a9dd679523,1
77687975b5d6d7c04f1791ff6da9da9db8011a47,0
878d64c042700eb2d83c89a1b9bc6f2ea1c2a01a,1
faf4097ac6b01c0edd8ee35ad02f3f0c9b9d7970,1
974f56109a75d2ea4ec02875fd1f8ee318cd3d82,1
4da9c4a3072c70582e839401165f2a42cc8ba0cc,0
3fc3b73d71c09188547d5554bca0fa65c3e8d1ce,0
c8d4ee230136d2930c71914bbfe09c6c44faa69b,1
674c60d7a80d06ce82b5935e1d0c14c933719f90,1
35b133812da3c99da3d581d47f666f23ec0fcecc,1
f653556df35ee90bc3f2ca30de7613536a9f731a,0
af38905120f39f2954a4a2a366468a48e33a7c16,0
1a527748c0284ab1b5248de6347cbdc7fa647495,0
d4a9ab7b90073eff7851f31b9e27b7485a9c615a,0
b31c1b0f5f37e09a96696152e18c36eafaeb2c6d,0
07e544ca06ca381349900b7ec665570d0bbebcf2,0
10122020e3eec3a178ae936770e2608a6e743ba3,0
be9c0680ebcfb934e64536fe8ff92d8d93a02b17,0
bfbaa883bda5aad61f72775f6f261e3f265bc762,1
f26c5360277abdcc9634535b6170f0a8fb677085,0
582d6c7e6b8f38be34811d6482fa8221f5c82e8a,1
6ce44f3b54334b4f35646f83d0781b160750a2a9,0
dac73960669f3cb4105f776faf9bb73280bc8e12,0
0ddd4d3685934bebcd36a2775536101bac300ac7,0
9d632ee25ac2e1c0b63309f049e015a07930aeb3,1
adffe2f3bccb759af84cb07f6c80fe2a9d7e9a7d,0
664e9eb9761a70d2fa90b49533a444dfc32c8847,0
589c46b6b28b01d73bdb312252ce031ded6de381,1
757f147cc32f7bb58834c871fdab5ca3b154c9a5,1
59050cad124f621e0dd8d532feb445c3575cbee7,0
aa235deeaa53993f55842d637126b7f31a735bfd,1
db82e21342e9089bac91b14cb8f55491f7d9312e,1
efc41a564e4cf9c602afb1416d02e601cf57fd69,0
671f007910f3f1f422c98dcb6adff40d8a2ac0d2,1
8aafd702d05b9eafd587cd18df5b411df70ac8c5,0
b85270e1c3f0122d58a36a169dd64bf83e89d9d9,1
f1983fafa37a42b539a79a4a11d2124a341f865a,0
5f67827239fc04d0189f17e0fd063184058e8baa,0
f6e6ee87487f88ef3756cf5f586c2f1c18079d15,1
afa565f868ebdd51729430bfce090337502402f0,0
988c360a9c3ac90659f98ccc065604030e2f6d8f,1
cb4e54b95672ce49d4040c1aabec1b8f44199832,0
370029808c44f117192690ccad651bf1d9e2306f,1
ef2eb14b9943d255138f4dc49adb6d2fde024953,1
c00d5a4ed3d694971d2f6ca0be989abdd0c8a982,1
f63fcfc09a33d85f6204b108efd0934ec661621c,1
07ffb4725c28682ae162259aff8586bcdb33f491,1
c381666695565062f5e72d84ada65db8efbbf02a,0
d56cc1a4c58396683d57683218f822b2c5a82d2a,0
8f2f8d8b43f6400f61c752e0e5691f927974202c,1
77d34ec37d4d1f7b3d0cd8d021b3a6ef097a158a,0
5f977b8b9e5fb32171a8a722b77d0f515274c69d,1
add5acd7e5022b8964fa4059a96cf9b839e63682,0
f8ffe2bd8a21f398bc462a13965b0a4c03b86f59,0
04c0f7bff1e10c246b0823328ab4d8e2246b9da0,0
7bc51a1c117573bb7c79955ca18ac053d2ba9239,0
27a7bea185f5214b3477fca168df9af2d44f1550,1
9daf55e151dddc6f7eb8021062fdaa39ee046554,1
43c80b5e35b91933eed9b6ba2b444ebe715ce6c1,1
6d42bcd3e1fb7ecdc4663f75d27fc6afd34061be,0
062570eed03594dbe30404b1f3574cc6d8a9a48e,0
23b26a8aefb666d13d45d4402a1ba52caefa2276,0
18ea7756283fc540c88d1c8390e8367f60db168e,1
1088f5d5d21cb7453888c9b80b5cfd14509097fd,0
d956799d9a1657e6f6b9353c4552c7c174819f76,0
708162b773cf3ac830d511769d8e67c1d5e9d5ed,1
d8e82544dc61de02d6588cc292cc355d4d2657dc,1
a2107f6445e4ffe26b78283ba8839ec207b8ae24,0
4b96e40cd1355da7b514d6a4357b075f14bf1b40,0
e6bb1c6590d7e27269906e51608d1ea9ad3faf20,0
d0dc23cdce905e3b27a9e75f338ce9a1a408b4c5,1
168184cd409fd4d97e173adcc41ced109c81d3a8,1
9a11e02f9c5b2bfd86679410e61c993bd319935d,0
b897546ff90c7839a1ce2b692a6bbde4f1295bff,1
8529206b94fd6b2353ca059dc43ac235b1851f98,1
cf8769408625fb92e9f2ac833b35c1452100a199,0
76cb057df2e32c310809fef76c025e9b3988e4a4,0
e6adb7d699b9c67726e45c3619bf8b93beb7f805,0
806c3cc1fba818d67c83b28d2268d1e9f401a7d1,1
c8750127e87312acf0da52874be4c5a2e391af88,0
fe8dc072389ed3d6f61bc147488cc3727a66ea12,0
a559656468faa24a254977ce6fdbc75f43760dea,1
a426fb1d2525376c49b4fae459ab9bc29fb199da,1
7e600a82dbdd6d474857a9a76f10090e511e5c42,0
a7e4edd379fc5e6386bc6b0dc47284cb405f0f63,1
628daad55f1f04ecb6ef42d2a7471a6b59c2c41f,0
3ad3ce25b45b2c4a379e37e131dfc5c0a92dee51,0
c5e479befd01d00bdc5ef819bca143346633a5ff,0
b7b4396c2c22eccbbc786cb6a05b62df47f55bf5,1
5f26ed4b17992099bea0eb4018ff37c968ec6672,0
ff9a684c480d0fb1e4962ee85774a8fb54c7e666,0
6587484b4817d5ccb4df028dd2a006a8e0ea579a,0
5b9706a2397193df4dd3520ae8e93a2b76276db4,1
b07b824579c60952d059cb88314d1585aa1c3e78,0
5c4a5db7964a6c1295f2f479b52a68127e1d13f9,0
62e8a8e26ea3432164eb4c0b62ba472fa3ede307,0
6cbc29cfc0f882e5d0f995f43948baac046c92e6,1
3fa6503d9c32d58ae98032068e04b29aa1209c11,1
4c77cb313e4faa3f6de663e98728ef30cf8f1b26,1
16efcbdf578c1b8ac94a23de5fcb2e9de4be7208,0
b4d87064477a003efc45311922b33c45ea697fd0,0
3ceab94c423caecd6ccfce426059782e581f0168,1
856b9f38e95b3514ab6b88bfae0f4cfe98cfda62,0
063e9321c0848207d3449887ef0a5af38c7a8fb4,1
d11acae115b6d19130482ce512eb6407042e7a9d,1
202dad71e16a121c9488c664656116ef1a7cf83c,1
00aa78f05a342349734a337389a52f720d146b8b,0
8f274026fa0dd2687f1001969d6a74b4e1e9edfd,1
596526df3e6f7605db24b368cda7dc8675915d3a,1
0762f0f50482a74f611b9b99cb56eae40f66c4f5,1
afa769dc80cc4f0d198b2460ebe0780620da2e31,0
3d028bf5eb667f33b5c182979e1f38d4a68bfda3,1
53092a57a10c71c57b0470c2ea19ea196d329571,0
d9c2254a3eeee8b1af3fbcc5908f8b87f6c9cee8,1
720f115f5f6bdb3e0d8709edae66a204f473ec43,1
75a6982e2fe94f0ac4759efed91019eef70e8b70,0
16e24f625e7b9aa2429ab38cc29518a325f3257e,0
c2fc2ee83be4a3958e2596b28513e5fe40d4a676,0
a7455d8d6a063c1f7d38ba4805d1b573971f2cfd,1
6a3aa70fe08cf0b115ed42957c712e848e2d6041,0
9e8bce0c69290c7b51bd12fc7839e185a90fbb12,0
603e9da54be1fc3f105c0b55ba981feb122b0d5f,0
308a7fa8042fecffb6f53ec0f22b86fa38cca96a,0
c06dca4f5595b7e0fa268e69663079694c536f6c,0
29f94fc7ba46fbe71b9481dfc7614b57bf9bc6a4,0
0fd78017ede5642acb29a498ea3534ee2e19f08b,1
eab6599d12174ebd91d7e3627ea100eaab5a8cbb,0
ba28578287f9e3b26d3aebbc31b46392d94c0f5b,0
83e4932898be20d81823dad05df71b5f38e056b7,1
0ca049cd78038edd06dc1dad764d57c0a65c72db,1
832143b629fa93d938c4a4a7d511ef1fba75eb34,1
137568229582ed8d500155c1127eecbc62ce6752,0
c040d820e064054abbaa430f980df5ac7cf03c8f,0
6e5d9b0b5655bde4d6091a87ca60d3da59e6d9a4,1
ddd265c9eb8eec4dc7f713795529b2ba85252d42,1
a68b2947bf2c2ba86cf57e2722672f13800d9d27,1
55b9b89f16f8404633907a297dfa3d3cdf4b7f3e,1
9be8c1bfc70b1af350b8beb12cdbf24b53a9b5bf,1
881e3a9dd1a999c2a67e440dcc5cd1d732096a7e,0
a2bd9b019558338a6795021796b4b43af0138391,0
dfe549c0eaba0da82677bfdfe6cdcf64ac2653ff,1
e0f1e6173d0ca0885a33d6fb4e61fb7020009ad4,1
ba530119dfbf036d4b4555467a59996659197832,0
94bcb3934ad4ef01b043fbfc5ecf6028a08892cb,0
021c7766a76588f5ce3cd2c122eddf81d964f6b7,1
e8300e8571b50b86e0ae6a13787626381624d52e,1
39a86e39ebc498eefc630d905c5ce54d7f7f027c,0
d563d45fe6f717978dd3d15783bbbae911a959a5,0
4ebc209d7f7c80869cdafe77f8dea696f6e9f69f,1
6f326e201f4e7c95240576f24516ae56499312a5,1
8410160140f567860e182dacd3d48b862bba2545,0
c0d04a4355ba66d87c6c683c6b4084025aae4e20,0
645dd0dfca81b6210dfbee1a7e07ff9ae359c44b,0
abf5f80c943de1070363b1ac3a1a1b9a3020d1e7,0
adf3246b3d0ef3e74e56ccf0b258632cb0e97efb,1
7dc48abf1e4ef496e4092b90fa50d336269d40ad,0
0f2f6b7d3d4c4f169eb4077bb1260501c12302d7,0
c6aa0c34b5321a4fb6ce2ec9943e42e04dd1d4c8,1
3f3ffb219fa021def28a06b6b4be08e886f2a797,1
e95848092edc4d82d3c0242530ba5167d52af081,0
d54ffe21a28a0e36418a68aa4a4df54b3e3e36a3,1
8c4423598a4aee0e2251ad534ee6a9ded00d8154,1
2bc4b509db50352fbb1710a4571a7190f02705a6,1
ec2ee8fe1d9f1847a4d19e1c2c671911fc93e970,1
e105db339c5aefd22177648f6a0f1e80f75010e7,1
0bf167f9bd1acb1a2f8f0321e3fbb56d5addc9f0,0
36c6033b2db8da0c62268b5638446beb37249ab9,0
09409587877d1b27a871e70f270dc6812f276c85,0
3c229787dadcd71b9635ceac8f42165a43b57d16,1
6b0bb946709f4b4291aa5dfb4585ac67f691fcf7,0
c12b040fa06e26e33894387dcc734c86d5888bfd,0
9777be6a4f204abacb5239c5174ac92bd3ec5f2c,0
f3e6c713c1f20a80347c9a665484462c7ac287fd,0
4e19fc596dba3f345f7fcc5b11885bca748981e4,1
fe7623e4d3f3e6af89547add8dfe0b9ca1f8947b,0
4c0e87e48af72908b6b103ac158db9c0b9b31dd2,1
6080075a47b05c1695363363762673bf9c1b289e,1
f69601a8e4fb7b3f20d7bd4d45d302ee2227bc0c,1
e8557a12a9e60a50dd7825465ff103eb2f96e898,1
2fbed96b92198894ab591de4c5c80cf4f027477f,1
d2313be73cec41893f95085033af8daf77cad079,0
cf3123c81d642fe91eac3a6d97c5c4c8db1733a5,0
a2c784a2e4490483cde199c7b5daf927ff014645,1
2442e6de650aff267e113e4b3641564ddf6f5ed2,1
d2a3db9902a950bdda5d02ced48bb0001d9b65df,1
95714ff412959c22c07f3cf70ffe1e79b5a7c1b6,1
855128949e8e80e109ed9b1f44335374a9121a6a,0
3fa4fbd958b73785b1b98a017c26c60d83bb898d,1
143458340af72e93460d4516f8fb2ecfdc95f19e,1
331f4474e0be70901bf828173e89f4084c9ddb8f,0
bc85c5075a81af113337e7516a1c7496871df674,0
e8d8f8871bdb1923d81343ae4b7478c301aab937,0
c46c1f3bc2b5c67e102792bba2e711eac7a20373,1
154b9985a1119872e70dbaced37cf2609ae6aa16,1
f32b159bd9f045f2d5d6293ce491154bfe809324,0
96ae5e5c6b43aa02ad79bbd79636285a567bc09f,1
3c75b30b41437ef8d42cd1ea1626694048cd4876,1
7ad9ecab72e7452bfed1e0a6f85d078b9b35284a,1
5859ef9e222766a7412c80db45b2192c07d6eab6,0
b02bd22462118e82337eac791a0aed92d76bb7b6,1
6ccc94624e3505856e1db4e95ece5421a8b27a42,0
9f631ac12dcd30d53384e67f0f505da95393798e,0
dbd46c7cfa8e84efb307d5637a40ba7a81a3d0a0,0
d8f24d4bfd48981b0d83d5d411a7331349520d28,0
15efd171b7e80413d184db3f557ae4c012bc6152,1
b7c20c6029184858720f5f883fb5aedfd26980e9,1
ce218efe1614566b352af8ec9623b2389315ace1,0
04eeb5f8290ee285986590df8984a81cb7092935,0
2d0162927720dba4020d1d16409b109008cd53b8,0
054b39d4b22407474f6cdca4e5618b70ff76954f,1
27e4d833caf0c8e5e2a1d0223a601564a137cc8e,0
281f92fe52e6df8b8f3c27a9b9352c738c9d98bc,0
b8996bfb27fad2c96595744a2aa6b576e1c0a572,0
9d85ee5949379e8a265ce011a6b2fafc56b6e431,0
1dc210b9783b8f10063d07314f44b314a3c13f8d,0
04f81eb013e99c8ce1cc507b9e70525905f9328d,0
a4424b954066d680f14092aecfa3d3d9ae036ac5,1
54754fcf81c7126ee62e1e5fc16b9eca13c0f4af,1
f3c247cbd7db4517f0647034aa999139d5d1d0ed,0
9b1ce5d3b2580e94f9ebda6b00e2677146addbc4,0
bc0d49f14a0f469065efb96739c92dd9535c6e04,0
680430a11e38a51672bdf5afe5615a1ad0a34c50,0
af0d64648dd36738d6f5484094f10dc618edfd06,0
1e26aa7fbf4e5e7209c8a33176e919984d946d0d,0
4cab601749d427331e917930c5e64a304408ae07,0
6ca19347553571d21bea3d14b81ac6ac66bab3f7,0
b8b95719b749f629a19956da46958eeb269f1b06,0
800d9727bfd25fa97009e7c13a4f2ed32cc0ddb4,1
c1444648d3e983011ee50338653c7e7825671542,1
fb09c37e2f08a1c51e0616d851ffc2761f7319b1,1
07386a30fce07d221e912b357f63361bb2045b5c,0
dd5bbe10cf9a19d3ec611b37c031ef246b19d0ae,0
a013bd630786305b6c6aeb12d6a24f4e18aa7e03,1
e527e79b5e7af57ae747cbb69599676a98e1eaa9,1
ff06376cb87ab150c113404303f2dcb8d0b9a082,1
81c6d72fcbe2e1f4099d063d49e9e104e05cc48c,0
24113c68bdf463956ecd6ea948eb12d7df5a3a0e,0
537627e0d74668002be3cc9b332b81bebf6cd72e,1
5ce3181a3debf145e30991b12288d8c4856acf0c,0
58b1216bcf8aef8f14e1b4b77032ac9ade85055f,0
211f4a101a18a2be144c1a8d8a73cf9016a05419,0
c1214620edba4d6dd88b14c98a35ade2a677e38d,0
7a7526c26598f2119a2049542b9e80ec308941a8,1
36da41000af7b0771d1adf9293662cc8f7852390,0
cbab140964bdc5ec976090137903a71fa3b03fda,0
73efb5ef596b6cd4faeb5b2ebb3fc8a16be2a31d,1
e4f6b274bf55d48fbe084a30ba65b66c82843bee,0
13e5c21aa52dfe3d8e5b223b7b9a6881fb281c47,0
fa06b2e81283469b2e255dfd65afb604590a625f,0
4bb6afe06eaa7a5f6c436b8de6c57d117e17ba68,1
35f6a86773711ea0ed74460b7f9b19c88e08e9f1,0
19039d1f5f9319059eca4e57e45a518f6b80c47c,1
b8fce74c00c954d9f19562bd251d220da577dd24,1
6fd02bd0f78bd931f5655b4dcb15dd731c9beaff,0
2819ac5292d42d2cba189ae6d1bbb89905992dcb,0
ad27e44ecc9bc37f63fd44cfb0b468cf5e692a5b,0
db9bd40a51abbd1585fe448e1ab14db2feba5a9e,0
5fa24e3dd0de1fe76046f011fdd6a53d324b24d5,0
c36ccddf4f457522d0bc545bc80bbb9e3e0a43a8,0
1122d3ff0ca3411bc907710da28eef98325f3441,0
b5ca01e73372213e56922d96160aeca9bac9446c,0
34578da0154d8bf3480d9a97cd65d7b47da01d12,0
66cab3527198b01a5b829dfaba794a689f0c3f84,0
13020de0c892256d2e9dacf78cb61f0f24e4ea74,0
adac3b5b221f00d2eda45f2ce026c6b3db4dd2f4,0
adbac2369f51b274319930cf7e6dcf29c32fc5ba,0
b9b7df914e15d78967f5b3c0f70bf742e1d0353e,1
afc1c133c9539aa06d14641295a0c969cef4e90e,0
778174ebde31b968ce0f9d7a62b41a0753c682a5,1
474b0751ee286fefd1abdd3a9fb3db38bbe4fb2a,0
42c5d81d37f3c60a1d3bbdb60daaa7da53f4cf45,0
43a50df5e686bf7db33c2c614cc459b817f972bc,0
1a58800fab5f1f3ef70292ebf3654f5185da97cb,0
a569ba62f8f906e832b35b851760429868ca71ad,0
38334aaa716d12e88b1588c047d34b5732ebff0a,0
880718ccdb242c5881a972f5a74c90d40ae9503d,0
3fc8f70df9baaa7929de12be6b4dfae51e8640d6,1
804a5fe1fbe63b905dbb858a7de87f1614407fc5,1
17fdb75ecce2ff99b776cb630ab8f89c01691569,1
42ef45bf52ecfec7e7abfd3dcd564e835f4283e1,1
cd7125396258d86ccc995390d2e7c9f20cf03565,1
e404902fb8f7839ffdd0e8105bc1aaf51e876417,1
ceafc72211de09a605602d4d5de218c31713dcf6,0
9ec84473d3903707cb603b1ff02c02b581fb0cf0,1
24e938d5e3038fbe9a4fae0e64590241b1ad6aeb,1
2b250fc79c76f9f4c7e078c39501cb4bdeba6186,0
5f77da46ad430aba775ba9f6092e073ac9bc0705,0
16492d05ebdbdda1362f7983e95b70b8775908ff,0
0ceb3aababdcfcf8d85d9aa5255c82a7313ecff0,1
6bb94f68a1cc3ec8de3c8a7bcd0c7b8c68058ec0,0
80ffebfcb779c5129e10520f61afcdcc0aba347a,0
5a44626f0c298545150d0b2e325bf3e4642ff687,0
5c8ab294bd4f5c5e9dfd10d7699f71ce11e25b89,0
536887f3507e63041695a8a13216d168cf805bb7,1
26ea182b2e21a68235461b3ecee141a03f4703b0,1
56494f494edcd534b5c936651da5edcb0d0cf398,0
6631c4b0961ea145380c7e1af7119a0d4498a088,0
43569d26d1cba3eede35c2cff6e5c948efc03b59,0
27107037196261459648e26a33202a18936e2a03,1
66f988f70ccb4121229aa89af87f2ce458417e40,1
ae962a1740ca8c9d7f697c548d01ce540a1aa730,0
34360013979ccaf155ef457dcf2e096b7907e8e0,1
35cc537f1aa38222a984f95070eb08d3047b1d83,0
cac86b18012ae785aa8866d60ea33a0883b0590d,1
f859b77e3fec6ac7804734822dbae1191b877bae,0
434e0df157fcd01bcf9536132a0b58f0295a0cc9,1
299c177ec537bc919c4df29369e5f83774f7811e,0
e435adc204a9643ec2100f34d657b68fa0587b76,0
70ba8e7d01670313653a94d4bf5c106a4447d9da,1
27f9b20e830efa53926076d17e84d26535dd1928,1
beee2d9bde10004e7896a35a4e288c2ffcc096b4,1
0bc0d29fc0f7b4f0aaa0c8fa94525c01401f1d0e,0
34e6028e1fe85e25db008f98b130d09bb63d62da,0
ebc010c9de1ebe24d491eede5e6ad32dfbd23c0f,0
e492d69f7addaf7694aa044207a670c38ef308a1,0
d3ed1552c248b3e6d058467fd11a6b9be98a515a,1
b01675495f5d4bbb87e9b921c71ed16a573cd867,0
4e0909f4f35d42b1815df4ed36921391e32cd6a6,0
dc24127d8cd93d582d0730800eb840354f4113c0,1
07e609316a2ca0520f22e0c91e0a32cf27bc8fe4,0
8a5b9bbc794bb0984f1c0aa9ac767f204d58a9e5,0
509ce7ff109cdc8580096affd08d7e953daea7c1,0
a53af575b5c5c052df92588ba2ab4d3e37f53241,0
a9fa92cee132e1e03c2dea8c639aa9f508b87b7c,0
a18c4c22b8640e73faeb6f2199bd3f29dcd110c2,1
0420fcecdfc68ac31bf0f50aae9dc291c352f4dc,0
959cf0bd68c8c8aa7f7b18946db8eddb253a260d,0
7989bbe2ea42cc83038da0461c78ff706a0bef1b,0
5aa3b5144656925aff3e397f4918bff53bf550b2,0
bb52113de7e7875166f86d20887a7cf07b2d2b72,1
b0d55b663160fd4b72ac39689032a5659b8782d4,0
19f0372120fad98916331242e227fd667971e1b1,0
c786ce87326ec634a4d0c65d95cc6bc4f4df48cc,0
1a8399b630933a1973290416058a3fc382e41694,0
3870e635b55bb086fb137469596d8e3223844ba6,0
1af62c266d44d8b760500b2e3987bab848024ea9,0
4e1dd8416f3c2f6cc6cb5be9571de02096ba7ffd,0
1f8148d405422237c375732b80db714ba9f37f70,0
fe1bb9c656ea80d9d0aebe27a2f08e754b720bb9,0
23ebac277fdfdc1d0cdc56ac97afa1a4c88a5205,0
5d2595f41d6833223088b9373af52647c62ea3a3,1
15d64a887a893f6e6d9291bed9eb8952ba3ebd6f,1
f07ba8d3d405ceb6fff71f7df8edf3cd4b7437db,1
cc02762a3dc6af957bd06e276175f751f64f1fc7,0
41e0b46f008c058adb5ad42f1c21de889dd41d58,0
55122d74b4298149bc811404f95d2631bf4448f3,0
5dff2fc75824d1cd4198c14ff891df13e5d6c270,0
4aafefa58a348a8067e222f673b610fb0a8eabb5,0
88356ad74736933198d20cbef313b52e8125ef7b,1
b4589862cd59214330ca6094f52b2a87306a2a20,1
bc4d8d731b685bb07f827ee5e92f9a43a97c5e1b,1
df0e9b75f2fad9aa563fa3e49df08e747bf34c57,1
ceb26380b57edaf2c6b3c1b41cdeedab6efc193f,0
98d96df40d32a414310492c4875953b19cd05ca5,0
063622e07daa467695c0503648c122c733b2b2de,1
e2eaae510bd36f53eefd1dec350ef59afdc79ea6,1
40315cff19ef426a6a3d2637c641d77b5cc60847,0
5c7f7117f9f9bbd2f2492c51b23b548ea900b858,0
2c2c69dabd1f74cffc3d6d2107b86bafa9653bf7,0
8fd2fbfe9f0898116d9e1083b7a77aeb5f2a2a37,1
fe80cd220a8f7696713fd495a41458a7eba5d91f,0
bf0f72c4848e6042478126ee7a8c5a744aad1ccb,0
5826cba3795776fb8cfa27bb8d73023ecae126be,1
11fcf0998b833231848099e8a2bb0146ba8804f2,0
3014277085665b058e61f25b9236b6818392854b,0
b25351b0c83037f714abe5aff4b4ff8cf3fd5733,1
dc92e7b4a057d670d449c5f23c6de9ac20066961,1
e7c5bf24a21edb60a14639877cef501f8f7f122b,0
7e58167c68f29b36b606b804116ab0b3538f5f03,1
4b15801906c6ccf1d5d507642b55c8fa43effaeb,0
832f61563808e7037c95b662891478d820bcd47a,0
4dca74cb37d6a77fa90bf3c17b89cd03bec2f918,0
e686834a4af9f1197795cffc8d3dcab34fad0a0d,0
9f0536ba5dc5e4172237255a3ef78c70bf2a07f2,0
9bd6ec7088c94bf74397f4eb5e0d0b532af5d4e0,0
355d8b8ef223761139a3cee2b709d4282ff666ac,1
42e6977e908f2f29767fc2a3c218b0148064ad40,0
dbad54adcb1818a951f19be41205c01a8098ae94,1
a7916b03a2838ecb87e20d270696be5460c014ae,1
a588cba5f5ede9d1347ee36c529debe0629237ca,1
7ecfb0c41a5ebcde4aae4fe32b6afe377dfe5ff1,1
904ead79e263f67e8976df133e2b67de9c0503f6,1
bcdb4cad4697661a7d2ccbd6e03a2ad7e580cad3,0
8c708dd219427cfecf858b8d1a8a8d2f8a0d8f2b,0
dcc00b5f7bc6e21c817278fa9c11c3d020eacb23,0
b3657b94779f7fa52e8b767385cd88fd427d966e,0
2ecc0762c823a72fbacabeab596e1b258182be4f,1
93d314ecc8c3b0ff2cb1ca1dd014406390bba5e3,0
ab8a12993f0f4e6f8730c68d9907d6dcff10a4ce,1
9b6a3aea81f5ec410503fd32b94fc932db1aab3b,1
0a4e3aa6727ff0e34d56bd9c4875d4bf84597125,0
f65357015f101600aac68837582fc9aadb29cbbd,0
6709692e9b1112b11094bbc1fd5562c41cb66907,0
a302410202f90c2bb1bc153707df760ace9a7267,0
141dc044dc6f22ace11c99e64f6916a1c707f40f,0
c98b93f89a4905759e375bdbfdf796d5e8c3c107,0
c075b1cf25c605ccea67110ebf881e879a76a991,1
cfbac4400393cd7d1dfaa0871f2335b176cc8162,1
d332481c9118ac18ba1fd574fa42d9eaff6b3f57,0
dacbf7d215cbbe722a1289ba40d37184e0ce5fb8,1
1daff4b94c34d13ec300c77bc106119bbd46ae54,0
80bb9c5ad78f13e62e90f03ea79e5f9c2d5a9b27,0
db80685f4f69a910cbf974ecf7638b0fcd88a430,1
0d275f44e9ea79b01d3949c327eaca1ac1b314a0,0
35f12e08301d06cfb24398eadcac6a249a72bc45,1
b898b56ebada09c9bb727dea1f94e3636123df4d,0
10cdefd722c3038b44c22fdf65af34944e7b45c0,0
b11f4c50927b011cb2d143461b36ed38913b3930,0
0a4884257ad7266949f161030ccb34ab761c7e40,0
a250167084926df319b255a355a6cee20d85c289,0
0a570d4ab413c658c4307c0527ff4e96fa35e33e,0
02279123ed7135b49e2d03da2a41c58f7c2222ea,1
3e6cc8e81afcb98902d5c19b11e984ac7b3968a0,0
55a0ba08a8c97f4f95b369aa9373f7ac425ab814,0
0385c225bdd76238478fab074e1da8f5f2fd7c03,1
b2c64bd577a52a91ea459dd947a69d894cc76f10,1
5930b7d9bc9561906b6baeb407e1f31fe50c44c4,0
988c07b78ff0d69c52ead0e8388be4662caddd75,1
a261f3ce2198354ebe16b624f04fe285502517f6,0
5a57636b736ff70a32768246650df05ba0bbbd27,0
4347e84e98ddd0a3c02d2bd61f5121dba1669273,0
0969ae1932a248647ea55063ae3cd66b1f108d8e,0
576218600797de6599be1999ec96049c08be1f54,1
1acc44a91edfea835a5988e9ca630ae7bd40330d,0
95cc210cf0d06b1e0e4df39f42b6e6e265da615a,1
c859d74b6d4f4345e4e8e403ed64c4434af608e9,1
888f647912b9b5264cd4cff507cfcba14bb280b7,1
b5e9701ecd5ab1968a4a1e54d0fcc66fd9cb9de8,1
7e8c56dd9e2ccbc5ae801160411d7ae1f8c4984a,0
1e0b9ccb6c56c133d10d8f6155f79cdb3d7231b8,1
cfccf45ca25491a17b33249e22aa9dd3ab193e4f,1
179b18283f03f3f4277e31f373dd416d9135ac59,0
aaf95468e41de18881c013a41671204aacd07af0,0
a1b5181b49adcc66ab49c590c6bd5b3bc9fe91b9,0
30b3e8844d02d1bfeabe9c232405760898fcdbfd,0
14db32f5346c384018904ed0bc3bad342cb7a6e6,1
b632ce97b27ce1f5e7cd1b2e2257b6012aa69b5e,1
6c0b6d07e5827abb51aff8c3c77ba2aa55058f85,1
86ffb727647b10aac18acfd01784c379d383c385,0
219932e33152822b21c069438195ce86beb1d4c5,1
b60a04be6844603a6f0b79730f630fe8e572050f,0
1da592f5610c7deddc8329a502874ed3959f87da,0
f69cce54320872e3a594a2eeb4769625773a4f55,0
f1cf6d59a254d7700faf460ea02b3d15a5c33bea,0
41560003e260d2bb57deb9a2039321170da8b5ed,0
d641e0ff9359cc274bd798938cf28d8bc485911c,1
6276a23e1a8b89995f762c5331e4af475a1da472,1
2678d17bec8869a05b1e5f66cae2ec0adf401303,1
2573080073d90284a7b65175771220f22794646d,0
1fa72298a288dd24804a4971b138990d8dd4bc5d,0
54f773cd86c2e5e765ad6b6d9424df8dc0da610b,0
3d46992715302291e8ef31b5d02f2e9bcd083b5f,0
7b7e7f87b3d584b9a195cbe6d99eca803254485f,0
e3aa3e14ebd955f4aff0d528290ba53223807a13,0
30da915862e3b31fd3228686699bcb1860de23d1,0
233b795b4be44d78035e2487936754d09825f5bf,1
6a5554904818bbabe23af40bebd9f19b3c755926,0
eeb421249da3290d32957943367202ce0023b474,0
f22ecb3c631d1176c5693be05a5ad0cc0decb757,0
e542603dc8de1ab87b80b441b4992d4c276bb00c,0
d985c5f665b78c444513145fb8d8c220a9fb1e3f,1
7f71e4827d4c23e925219577da3b3961320d9088,0
1b088d82fc9086e4beece51f2ceed2cb4ac32a67,0
43ca32990bc6b214dd573b46f02ac977d5d26a58,1
bbfd493657f2e4b3161dd1f2afe96ab830a7f528,0
4be05ad39913425128e8e3a1c8597546dbbdcaa2,1
9948dc1385798d392278cd7e21eddab8c7f43c17,0
1283d7f27061a605bae97669a73f4e6c95fd5e95,0
98d57f626d300d053691bb97bdff063a88780b8a,1
d6874f8d9591453e2f1db43fdd331e5cdce5a8ec,0
f6eb5653a38ff820d69af2ad2597cbe1888e0dd8,1
719c2c85b87ae3b11812f330a7874709afce9693,0
d46d0a8c7406f3442ec85d00a46ca111ce591757,0
18222f7e8f0d8929ca31a05d431d0e4aaa676a83,1
cf854ff09f6cb49a1b2471a76ab5ffe327a4fbe1,0
199ae965a5dae4775168c8b55de1e18f3ca27601,1
e1fd4618bea5e7fc10a3cef4878feea9994b9137,0
8a7006a03240fd4a630f7c836d3bcf0702a9cc07,0
758163f819cc25e0ecbb11f4186d9bb9a051dc56,0
fa2c657eff58b6802cb32843caa2fac25b67c2c9,1
7a74a23dfcdd8fa48b196c6926bc5400a674548d,1
c2659c16088120b9191daa5db7fefd44bb3f7494,0
e88a237c68b7b042c4611109349d38187a5139c5,0
72096c61421324ba0ee27d2440c74b01c33bf642,1
1b77be9a83b2d66fa3c35adc85b33fef60826e1f,0
26de1adfc7f0975959be602665e1b75d34fb6a13,0
8b0b18a6572935ebb4dc5dc39c8ce009e4a5dff3,0
83a225b4d4a7b0876352c893366eac0b61f92553,0
d32b2f38be2f77275a5afa8ac8bbd1920fde9ba9,1
f0cee2ff2e485a70c9e862214d6d5efa7b0eaef1,0
a39dca5bc7e1c2d0d804b11f7bd40bc0e394e86e,0
a5673820b2a7ef2d7dba5e397c8f941ecfb6d5a5,1
a6cc295e83976b0898cff3923a73798526959a6e,0
d1d6d9c1ddea6fee217ee85293e2e905fc6a5140,0
5ff5981fcfdd3681a01fe4dccd268d14398b43f4,1
4e612995ef43b98665631235a25f9842e44922b8,1
a90d3676d990cc571f22c54d1a6b1923f9da0d61,0
93a66dccf1fcb63f5319211e6b7ae55f0b47df63,1
231c52e8716424b1905ae9915d98980e3e62e462,1
afeab7d7bb7f97c31ec8d33794bbdc8a190d00f0,1
0b234329dc4592ba7cea2a397712e9fc08f68f29,1
5ddafc041242038d4f8f378f1cd27dacf0f282c7,0
7d265f2066ed6749a5d928608c0c170852cfb611,0
4ae9f293a9150309cac6de7745a7b8697688ec5e,1
545fd4d18aeffff6ac7bf900628e34213d6a2f44,1
9942d475a75e813104cefa211b1fdb66fd3df835,1
1c9826bbb6cd7d88fd5ad71adc2d8a608e5c96cd,1
b4ed4ec974d8aeaca8a0dd475addd09be443d421,0
54e5971f3e9ae1047f8738d90089e2e5fe8cc302,0
b2d11faee38b9302b9428b179c0873fae12b55b1,0
355990725b4d682f480f67b4dadeeb046fe4b547,0
b23cb091fb5bd8c36ea8cbbaf72671e20033833b,1
d0bef6a0fd776ed6a03c32c3932de8dfc7e88f9a,0
c6c62572f07b953ec044064dd8f9deafe6bdd318,0
a4ec423e9f5529f50bfbf88f3fbbd5c25fce7973,1
d17dc6550409b14d0d06fec76411de21809bd88c,0
14d4209b4c02a7b630d62dccea5ad1999e75ff3b,0
c90b76ba1b959d76e19ba8420d7820945ee07718,1
104e2f9ddd8d839bfe3e734a485cd6f78611792f,1
dd74b0eaab426e247f9a5b51fa88172cd53a83c2,0
65b63c7c93ccb37a78c8a3b0e1ff26c40475d528,0
ceb778c93918f16f7af6b418e3a28617ac9c808c,0
062456164ec07bf0799634346630e487bf5907df,0
146059474687f42d976521640caf2f6b5bea938a,0
917087bbb7f1030d201b4e12d3e374f57b6e7850,1
014db00bb65068cdfb4ae3ffe61d45b62834be01,0
be4a72797bcfda827857ad802278a9c59d5139c4,1
7b7a276a5c4e824ad1453271638a33e52299adfc,1
52a887159f8c554b31515edc954424a4eba29119,1
49e3f2a784f068fa2739a7a49ee5369b45c081cd,0
bd200792a7b874adcfb58933531ff37490717786,0
62580aa973ec2d3c3de0c3b7bdb59c54ff626c5e,0
a67378e22cc3e053c015a987b8d8a157297f34d8,1
ae306e8ba20eb1f3404d2e45b083835b84cf70b2,0
4754968eea07149aedc9322b9b410871e9a2d6be,0
e4c46081a4e060f54e07dc74a971c77aa19e14c9,0
4e8dab4a56662ba026c60e4ab9f5c6265368b698,0
05d3a7b48c5a56ba0fd87e1327d0dfa2a94e8620,1
b05b1c9746e1f96da0add6288ed710883c61432e,1
289c3540287c0d91e71c54f24526db499306d8ee,0
22b8f1ebeabd1d34630cb531fa9611dddc2cdb8c,1
3fc1d094515ca7e9963fc72f308fa780ad607057,0
61a715229882daf8f556261b3c6d8e4a07953d79,1
9cbecead2e40001e0c22c3804c79ac8207f853c7,1
7c0780c4df5d3070e60fcd694f0488c0607b374f,1
f51e5ba87c9b2815daabdb298d659c7b2edc52f5,0
7b14b942e0c9465f0b88f545f44cf06d958d8751,0
48e4805b5df2d7eccd27d5856ed81ff66537dd7a,1
47ef09260ecd82ff9e17fb7e54b28726fa7503d9,1
b8bd2b064ea0620c6640ea2bf45c01c080f57cd3,1
95e3c384ebb985139fe4b8a62aa9e451206079e8,0
1318fe4f7d2413e385fc162404903f0d861f081e,0
68e77c58049bcc996d877036f936ec417a793d66,0
9af036530e2a9d664aa9444aa1dc00283a16efb9,0
52dac4de6e68cad84b64dc0f440f42d45579d8fb,1
2a6fcd19da416d7bbc6db1b5d2ea706cc48c8fcd,1
8c596d19c66a54d8cf3564400e3d2aceab36a6a7,0
21c3c6d37eb9ad647e1e6c4935ceeca7f0c5eaa7,1
44e0fba339c5d79249448d71773e2a2d8224021d,0
11104d9d18f4d89d91498fe0ef13d47b7fdda039,1
527e49681de318bcc335f28db0838196eebc1ede,0
c916db4894cb65a226a492218e206f811e1a303e,1
cc5c5e6c95c407593d6c1f695ccac674f5455e99,1
9123f69d643856a58f988a88358d82d9dae86145,0
9bbc6094027ed4debd1ba3aa2a4d5a3c126a5825,0
95fa6421a17d591b9fda8bcea7e71432abb53def,0
300831d128c0aac1dc04d73a5a9f142424782db1,1
423c40e5df5593dfc44505c56abcab957c640f10,1
3efea098a18ccb7a9e16265d2c74a109d40a5e9d,0
1eb0c82e99c4711f06ab66cb14abbf319d51b9c7,0
5ec8e10aeceed05d48ec1a51e2e11faec9895031,0
9231cbed5da32be058a534dd113ede7eeb911412,0
5bec3e0079c917b32b6461ab53701ba7a7eeb6d9,0
38eb3a106017be7974d2f40323e7fd038b121009,0
4a66f02bfcdc770b456a56bd51676cbafb4d01f7,0
87af0c3b48e72a6cdf38a220a0253d0d783d1a28,0
dabcb5372aea4ffbb064a473f0e3dd993ac03cc9,0
8ec6e0e08d3d1011462c105c463a63464cce3214,0
3de91a6733f5671621d2e65f07e019e5e016fc9e,1
c9207b3e3086f80e104c98a22bbc84290ddbdb75,0
43caaf6d3082831fd2be6d4f4c1fe807bfb5b0f8,1
b834ef55bf1c457e57124d53905623ab5e847b11,0
c3e8b29db3128d7e2009e2eea638fe2f6e64b6d2,0
e51c0c9e7b8a02b700dce113017f11b97bbbcad2,0
136774b1ee74d89c041feeed01647c8eb85e148b,0
5b6e00e2c1be6ebfdf393f545edddd14f72e0bde,1
274d0cbe3b77dbc88e93faca7dfa1ed0327a98f0,0
1cd95c831ed520ef33da29111d1333f1aa2062eb,1
f01581a7a1bb67fd0332a0a65379a6eabb40d5ea,0
cffbb0c071e0184218a029df000591ba7a199b3d,0
84516c341c7b4b9751cbd474b2a4d9b0f23b4086,0
947e986d1e8fa4c386c708b29edbc1357884df54,0
aec74f9e8c8112eee65a787f41ebbbf39b0a3615,0
3b01bea411a3826dc5c08f81f8765aac267e48a4,0
42cc0a0acf612ffcb7916519fcd702314e1c403b,0
1ee2fc0270f67ba2d204af44b852a1d01ef24e63,0
0744981728f52bc827ab2c399e7c0048e96e9aa3,1
0036c55a759e62b266d643fa76ad3229616d524f,0
07ea38aa25a3c5249fbec50baad35700425e27ac,1
7f11798404633392b08068055125bc04c7d52c98,1
565a993f374160cec6eb2a909ed5688a3f5f457b,0
711d6aab730da04070c3b23e4e867c658f01bfd9,0
20a95014a7cb7cac3995433ba6273f3402af55c8,0
135385e3b4af56d5d4268e10043cb27fc3596f30,0
6a3251eb0fe471250893a5155b553c24209aec5b,0
70f13303b972e1419ef729b20e3fd70efab81f8f,0
6ad15de71b16999645fc0fa883b890021bd4d29b,1
182b14e19f95ceac1f01f5b227c57b4f515c4f3b,1
747b74229a63b6e86859347be70f60486726473f,0
e90194dd5f3e253f7130406470fb56937d0c30f8,0
1f2c0d7b2697134e8cc0726b2bae97fe5adfb6b9,0
ae93417b8fcd5465816c044853498869b8131faa,0
7717b3e203041ddf493f68b9a760d5f3fa70be62,0
fde26b6c1b99333f9543752df63c212346287661,1
583c9796c187980d2b5b949112567de66631df8e,0
939d628cdd066d88cf7cfefcf9f4b41c7fd69f8f,1
4200056900670f5c0c7356e1c2450faa7a2b9376,1
e2ca057475f48d208f39abe88d466c74ce3ddc7a,0
26f23f6dbcaf8ba9731ee4a304f4c1314e46a857,0
5ab0f1e01977c90c8a565813be412ba94a1f6250,1
f473e5fa1de33360dae3394e9109de38720bd5dc,0
daf532f862ff4dcf9930b19bb907d8c51476f28a,0
0d40a830c7e0c4709a7bdbabf28317c79f915c6c,0
c0267fa6c4574b9cc8d9b01996e993eb1e4ef1b1,1
9dfa2237ccf1db9f835e8bd223d5f4cab19de992,0
e0b2329a64e4c4311f1927a528eac195b9d9c8ff,0
2d11cc7eb8b2a23dbb2df8f20f980e12a8aa37d8,0
15e154d1d245dcec8fba318135a01c2d0a0d7ae0,1
5194cb68827b75a0a13a2fb70dc502371da93955,1
baf3135fd33373193631ba0ac0343edac115ad71,1
d4065e1f3b3d923b05941e8b3f83adc83b86a50d,0
314214adb2d1c5e6e18aa1e325564c249a9152ce,0
6fc6ab8e9ae5b5a5a5c94216d564ce360240462c,0
3367c78de249c25453b39f3bd5d3bd5730442f9c,0
facb569bd40c5a17eed1ef86c2459ad7d3d1d2d4,1
5ec832a7e63be8230f86638882fd58439141617f,1
b7916226905744abb9ca2ec3a61481a27c6dbb7a,1
ab9b4c269178705763952d8884c98b6d30e15863,1
2bb0c4fe24899c7cf1703af6d9e91ad0945aec83,1
84ec939f3fcf0a8666f9401415df1bfbafebef2d,0
7c55c729d4f4400470b0d146030b6e9289837ac2,1
836b2171417da27f68be363c80fd53e0319f875f,1
bd30aa21e2151b2c8c21174450b693875b575a48,0
a8ed7b0a9a0a87d039eee2acfed96ef1d700a270,1
ca148932e6ab9a700561b5801a4714d3418c4ec2,1
f335b2fee1ec5974a49c7f0a7f492863a1d89639,1
9bcbf30dece69437fdc15c88f32b49cad5c6cdc2,0
c8eb80d8bf2150e5ccb3bd5fa274b1f83fd924df,0
78263030cce53f1f062b4e3296efd2ad8ff18663,1
9c4b2c87d3caa1df970e9af4a8e11b5d3f6ab358,0
adb27298482ecc2623aa1fb27c6a9b484d9e51d0,0
97842fb6a32882ee6498d98b047a6c2b598427df,1
13d6059d99b17e73c1c4760f7295d7c5e0bfbd5e,1
08ecba401d725864992d9007801d437b4990ec22,1
c66dfb27f30e34fcedbb7e51ffefb1048782d561,0
e2744ef6d672d2b77a09c88bb4a4e8e721031ed1,0
44f1f39490273ea5b666a1fe5b370ec4f0071c51,1
b7a26fbfcef047d0abdbcdea74e3d32571f1fc44,1
8a5fd6a630e609629732208ac6400dc3b4642b1c,1
09d71eb5270e92b250d7886a53096382ec814f31,1
262299f7d554458836c02a07d6d1244a0a33d1d6,1
08a7cf3fe619641eecb8c06e33bce024d385808a,1
a8417cb6a0aeb389503f21c87ed5cf91c3eb37d0,0
69bf468740a3b4170ec2dba61455c866ea69aaea,0
ad4e92704ba8d9c600d717705b6012ab5105a539,0
3de1bbdbd8c68460897ecc87938842075aad2b56,1
e55302c278ac735745df91fc1b31b54b06d76691,0
bcb276137c81811aca8a9e1540c6c9f48347fddd,1
d5050e6e4428f02364159aa78f8e6dfa2f567ffe,0
cac0308b4056f25e90d9b94b9b214fc35e46311a,0
50763b2863df6d08fbddf88b53009b9aba624b84,1
2ea909d86aaafaa1169ba8ee82dcc057ebd03d6f,0
c95677049f76c834fde88717c7f30dc9e16026f8,1
b146ddf4a50f785d4ed9eabe458bcc7722a7ec11,1
32ed38374cc817574ffba397f9afa1b1dfedad3b,1
b6415d4fdeff6d94dce80302dd5a137f166b165b,0
20da4854805926536fb3b8ff9299ae03b136f3d3,0
2fa46e774f8d06c837df423678d32785d904f590,1
f6631629846e750457102f3ec8cdd1e5033c1551,1
118f4170e8ee28344637310d2a2be5c1ad7d35ec,0
ed32f93416d626c0b2c1c6bf65a2ce09e8299435,1
e455b8a213b0b1af0549dc4112f61c707cf1b827,0
e3a2b0e7e4aecbe22f2e43acbee4f70d37d0808f,0
3ce0e0644bbf68d8beafbf3b1247c4ef8631a354,1
6cf1a0c0c5568e9fdce31e8ed7ca2c846e5bad73,1
bf78d8e3069715c269cb7e3ffbf1a378cfa1cb55,0
2635b58a3371bb2ccbe3eee543f3ac2a5a5cd70f,0
d8837f62025f40d2094a0059d0d13e3784e7d928,0
ddebe4096d0ef43a5b535627a260d84dd1043753,0
b57f7d3b28a9ba232c9897283747bd81b58f7cb5,0
46a698f11c84a823e0e4faf6e13042f0589f7d73,1
0ce9627098482152954e081338e699f9902fc56c,1
d87f1d2cff51148e64812a86f92a87fd51654302,1
6a90cb0d1de9e94da94319999f46407ab8d9abcf,0
d2b659143da0ad7f577af73d6580ba23f96d4cc4,1
0e47eb4deb190fa191498d28e92100cf6bfd2d7e,1
1bd71ae74bea3c1e1df3287c5bf28d2bd5a0479d,0
77835d929f2d89d5189dd91a0a56dcea58d5c33b,1
64ff7e9410fef2072409fec3aa8fdb875ad3d985,0
94c313cc6668e90eaaa662a676c80284e354333d,1
f7f1f931627c1c685a78fc4ca70196713faf8d72,1
5bd0373022c6c298e3371d645ee623441b8a58e2,1
a427bc6cebfea96f468d0fc16516d39a58421abb,1
6a6881d57e078bf1cca402d050f3a97eb549bc08,1
705298d69d7df0846c723e0aecbc04c7eeea7da8,0
e0d9589d1451b82819b1a2c0430619e1b1f9d4b5,0
f7983dd25bb20c9094318550237de86dad21ca64,1
e11f9ddcfd8995f928998c34d4f92d3e3ec21c09,0
bc03288ba50a8085af8449592312c0631c0f1328,1
8bba4e78f1a150ddc7b5d863045d51713244a86f,1
bd6743a4d6c716ee1ab0bf4ea3f1f7f28ec49d46,1
ebda45d0a4a4b4b045deb2f22053c379d102b0c2,0
2fe8c46fadb65d9cab9194b8a900f1995d1b18aa,0
1950a6e58fcd0f2b913873ad2c4cd3863136bdb0,0
74cd49a29b43a73fe0a20978eab43892864ab1b6,0
28a3e1dc7650354b7e1e24810337afa0a96743d6,0
31610212c096edbd220a7775654f2e94383da67f,0
81686b8e2f371fa3cdbcefa1c2342b0ddaeb5db6,0
a08225fd9242173f6c94cf65eed36745108ddc91,0
6b11d627e04da4549f06328b4425b54855bc8a11,0
3c2489e8bb302edabfbf3a442c64b39fffda339e,0
44d9854741904388ad7fbc7429cc66cde4579e9b,1
f9d6552e7b57dbaa485ea075183cfdfaaf1c1d41,0
311ab14b09ebba29f473f0338d29d4151a62f36d,0
874b366986a205e569a6b347e16e0be09866b1b6,0
ccf0019af3757943e6d8f80fb16f77989a729d19,0
1326c7d0cecfeaf912a4606d178a7aa6b80a19d7,0
4f843e3e657cb47921a8bdd21f4c3a07e094393e,0
e97d148bf35f18a64a0bc19b20982069e5086f19,0
7d2190dcedc12faf5598f960e3435f95aa563ca0,0
5a79e734d2bbe9b33ca5426ec37bfebffac85fd1,1
f521f650a5314b67f99c279da965cdcf5bfd0d7c,1
71e7bce1495f95d9916801ff1f5836bbaa6a3539,0
1693f21cfdf98974ce43fbb2f6e231bec1ba8dd1,1
932f3ba6a3612e5af8d6c22abfa046e92e377064,1
c4a233a6343d6889289ccdeab81c8899d689a1b8,0
be199c7e40875d4f3102da7b32bafa1a59a72713,1
e29335f2fbdcd872bab36f2a2ded47e6614f3dc5,1
52ef6ebcf5140d1229d1abf77703d7626aa32f19,0
f05437000884434c496000f18db2ead6d7408e95,1
54bc0c2ba592e4e44b36ad0aa2786c3c4b2dbd6f,0
6938f0c4ad72867c823aea08d724f62be64fe590,0
1d3d2559f59ba3521da85721eaeae7df0262b97f,0
c254fcaff41d107e53fbdcfd52501c7744846617,0
a541c362d1b1992d07a4a18f51217d6cbd00fcfa,1
78eab45c67f9ba8f39c5f975739fa8d458dea9a2,0
ab7fc75410587886d0e50d3d173f9c2fd3f10334,0
3cbbc7a030cc0984a3aa7192a41ec0f4ddb9843e,1
6da115c0225aa6cf5b539ca30d98437e9b815f92,1
ef1fe060ea90cd48a8da9906ca888b0a112b5daf,0
1b2d45126f45372a58ea24950ba4451e3ef41ed7,0
13c7723ff4efb72c4d198a75d9c1a8b094053ebd,1
627bd1607279c1c66a3895d7289c2619b90c3c2a,1
35696bb408872a6ae52fb2f0ce9092818edec28c,0
7490f5b747514273d945157656220e1b0224d924,1
5a77402c72ed3e7f6b7a7def2c12c2e2323881d0,0
3945532137c9ae6f44f0c133825dddd3d52281bf,0
1a2d97b923ef56fee1dbcb609aa88cfb35e14fbf,1
a672529f704f56ae5def3b55c46801dd65288fcb,1
b5a55754a11207446bfd6dfa94300010c89dc7ab,0
7e841717646f5aa46f1b4bf4a24ff9f2ab673a1d,0
24323ab1221a6baa73e1552780988dbb9e99e0b4,1
e564ae42294365e5494c6ab686a8841858c1897a,1
a5b4c460ebb1b6dcc5284f7fac1caf5d1f541cd2,0
e6a9fa5b3e3f70dad686b31d0feb62c3bdcfc78e,1
1b38ede38e474a488265dbf5f3d0c8050c6d0f26,0
ec372ce6bdcbe988bb04064dad353cdd03fdf6db,1
a45f6b596619195e49b604eef95dcfad03f06150,1
4c62b251cc0822300af6b171e06521a7f2768b2b,0
50d47190eb8dbbf0134d9fa28a12f9d93f93e0a3,1
6981e545850eb5431ccd1c2d0619552549d41023,1
7e8dcfca2cb483bf3ae4f721ac03def31fc8dfb1,0
bb85bef4c26322b019c23265578505957e0df279,0
0d9883c1096a447717e4af01579039b4c7c36817,0
b7b87d329656ee73f2b7d157a2b3791981b0fb5d,0
53e6042bbcc18c5b3952e2d9a495d56780ddca0d,0
82055c2ddd0f8556cbb3a670c1f9a4136e8ed0a9,1
f605f704e4268d94d22c0efb2218046e4aaa6aca,0
eb62636bd4372ef89c083c423febe59c0a58ed0d,1
d8ea7a1860f6ebd44c1838da185a7b993089a751,0
93a04a62476ca68e55626e8d58887cdf6ba531d7,0
8c3771cd32bb5cf52c24339e425675fd1f86cb1c,1
db6e4e9cad334e04bb0f933e240ffe13a6a80332,0
486dda1a7084f845075b5194285cbc3d5a757fab,0
ec361c78003472ba8a5edb29f0a21ed85f35f646,1
98d4bee465f011abfb74620c25d77c07ea338db0,0
d69e7cac4dd0771115cd5fa7a61b47c2873470d4,0
80e5b7f14b1a197f30aadb183a5e54b3723bb3e7,1
4f4a905814af909da0acc42edcedceb5a6608854,1
8c4f922b29fdd98f504c08f0bf8d1675324c97da,0
7b1f8a292ca7ffebf3fc9f8d7f9f6a3b1f22fd0f,0
fee01df3c3132ed0d5c88bf1ab28a2e6fb81bf66,1
51d96eeb0d72edf9f90c5247dd19210199aab852,0
76a9c692092c2782880af91f6b582642a3e165ec,1
538b78c94dd8fb2970e5a73a1f6c935891778d28,1
9a78ed3fb3abcf78445e538053a8d0a79cb8a8cf,0
e4ae0027c4b2b4f8586f1a481612c1a5839b83f1,0
aea4ba19e5fa55cd4c8e13abbfe7bd9e7f6b9228,0
af603861b180291fe13e31420d7d21b80d7d0983,0
33b95763e2c9ffabe2f36ad4dbd5c2cd80e28256,0
cde8a2c57fc7a103f9fb06f9836199d3df1a8345,0
ce1d354759cb02817d9df855853be488a1b293f5,0
cec2765c8ecf8b407becfc9c1255c9c6f00a7376,0
7f2593bb4242083bb940bba8a3a2ee70647f00bc,1
0c34da3356c34c3ed931552f3eb3c58ca9e0c421,1
458ca80495da327e80f2c9a2256ae2fa41fa84a6,0
f9574b93d670abb17df317454c6e137c8a30938e,1
3f2132ea22b9458cd66d4a6d1e4450f768ab3381,0
cde66d6662b4ae44c7799787441a511054cd2b05,1
3df58e50583308d44ec7a666781fbaf93f8dcb85,0
e07e5a831fe13d039dc5f454d32e1164c1b7496d,1
7167a84723647a6ad63c5f923a586af25df94e59,0
31bf729abbdd24bf91f373d62a771ed0ad8594a0,1
7894080360ce08a8aeac105ff573d6afc20466e9,0
8f3a423b17308c909e0a5585dee4b2c055638df0,0
12c868066789ef89ae46651b903524b444028db9,1
f6648967bc618d8622f7826cc0df3c782381e82a,1
66d3b82746701f79493dc2fa58da82a8804c23a2,0
d969969bb49de6f93ee5d4ce2788a056ed8f1074,0
c9db3a816cf9a6e6298a30c4384b076a92d7609c,1
204b26999386a6ca8bc4373885c2ed395c09d71e,0
bf0ce3f7233ca9fd66edff27bc8c26b6b695b63c,0
1ceba28d52c284eee5939ccd75282ae3b0679009,0
253cec17ec590163989df38eacdf9af70de6778c,1
80488b46d15e13f82aea7368a76c53826444b857,0
e93cd77ece098807fd84b228bd97c8b4f40ab86f,0
12563bace0cf7a5afefc90bcc3dcc4f6739a40a4,1
025427fc9743354111cbbc60cab9be094465602b,0
e9d7019a9886a1f8f1dc055d4ca4bc057225ba67,0
834248e0e55d427f15f918c01a91263bf3879b75,1
01d2bbc21b3664edcb7ca2da29ae99bd3342048a,0
e04522a4b1823a27c01f7b71f550c54c827cde16,1
02df5020717cb077a45fb38487f5a620113f58cb,1
23ea06659c4ab41ff9b60de1c826d3820be418f4,0
2bd28aa93e00c08ac143d0ddf2a2c8de9446b606,0
e41b32f2cd068a6676dac4d6d06001ed9f3f31fd,1
3d32162d4f4a7b312ec63b21f5090b8f5553f034,0
f1b338ec97b05c85d1299a98ecf74984f7fae4d1,0
22f6c715396bcc960a231a0c767dce77bb14a269,1
72f77b3059baa7b3e2ca5d5e5cfd93947bd0bd6b,0
df86a2a45dc2ee5181cfd533cba9a831643c0ef0,0
be09bb5235cd3b41fe7d5030edbb3b5c4e5f09ac,1
d749f02d07e2aaf32ab2775a23b023d1e782c5e8,0
438bb00f8413d8634f782f087135b090f9189282,1
5a7bdf634157f2bdb97aec90e92a6c25a40f2124,0
41b29405f75e57c3f84bd4f0405c8042cc4f9b2f,0
ed4a3bb772425f200f8a6284b411c082ccb4ec7c,1
851f15b412862546f2c67fa0ac68e686e5cd6c41,1
f77ca8bd6bcfbc23013201533dffbbcccde2a58c,0
4ca43783e36a274bc7236c77f9e1c72259ab38b3,0
bd601f7dcd6a50f5a4eee2727839c8f5a12487f1,0
479e6fce45509a43228e8a7383035207c9ed6db8,0
bf171890fb9b9e6c2a2082b18d5e6f4314ff1bc0,0
9a689a9ef8beebafc3a3e40c6d2936aff5037b8d,1
223f7d7e15759c01db0ddf5756b8f001c052ac6f,0
54e87f904bba022a0ede06cf9d72875aa2ff91b0,1
e1396418a968337aafa0def034532c4683caf3bd,0
dab63864ad4d9234e779a33db6381ba4f9a8f606,1
8b6b1333670a96880c7f723571f5d1081fcbe8c3,0
86b852ce9fb4146db3fdb5e2043a2213f13ef08a,0
15b41633010acba14ebbacc217d8c26b98e1ccad,0
2ee8c85d10c1a3afbb9495115dc4d86120e44fdc,0
e98b0497b13d4b54d7402d319ed0460d7c17f18c,0
6210c62abb7a2e351fc58ae6eb2194bc0efc93aa,0
57b3d6a605ad42d3ab5df9da2dec92f966157ee2,1
f35bfbf431bded9a6aabe7aa06da1be302df5586,1
7785958d47686074c67e7a44329729a96758bb66,0
856194898a537c15731b24b6d7ab1ad77813ff79,0
5179c58fbfdab5f00b3c2fc0e1028cfaa316449b,1
eff38c649e6ee1f991b1859f4f962473fb9e7ffb,1
389f95568d0b9231d94fa001c52b2c3202552200,0
714e9c263871eef5977a30f520e20b1a2370c03d,1
dc624e03707e1ee8529d52bacb52b4b0e5325628,1
429ff91332989ba659fca57254bfc8d346cb6bbf,0
b2957fbabe67f749c1d57792607e8f88b622195a,1
5da281cb664b4a17396cf2044593c7549b17e1fa,0
80fee65d32e3d89ff8812a94b68e336babf4128b,1
369c6b9a8a17414fe9070e99360c2ce30ce2ccbf,1
cd4215ca5e490427753c8d4b39458cc0ed0da053,1
21bf61b8ba8b48b334caf3a99b102a225e6b41d8,0
fbacd6ff572d9d6cfc52880e89c741f9cca6c2c5,1
b36ae99a5db374b9ac1b57ef36d53b6258fa33c4,0
8b78c50404c4590ec696f1f6206e37adcda8e95f,0
1d5893074531080fa9c8f79b7d6a58fa757dc3f5,0
8f8843c1e5e6c312ec198b423da52d89ecb44c77,0
ab4055d87a89df02ee318d3943d3a9b8920aa314,1
61e4fa3bbfa0263202eeb9ef7c24e5c8d76c0e32,1
c29a01cdda798bfdb0f65d0b21a03f4ff7edb3dc,1
9279bd1faa0e8c6c0840e2da3c33c7227324aab7,0
c37aa6744b34188a8fcf8827f304b7cb3614d844,1
880c1f4048bb80c9bc9200f35e869d228cc60bd2,0
6485b0930117e34f3c36a08725aad26e1d717d05,0
76bc9c87ed929af56f0d90aa24d11efbfcabb2f6,0
c0661892c97fd1d85b11fea1a246bc9880fcef5d,0
369a366706741c7827cc6cf0aeb3bded867f7972,1
e1013f0461f588e35a3687de36967454f4f060c2,1
e754acea5e195bcfda6040b580bb638206e907dc,1
ec98c5c84450ed62bfa5fa4b6e2453dabc6a3634,1
54ed7db283a1ea22180a336fedc159741926a135,0
762944df0615fda18682cac0fed0d59c89627559,0
9f1430d22993fcbd441361598ad395b40298ce85,1
294dc9b6a819998ceb950992ec426e35ebc1ea3c,0
59e7ab6a66afbb6497e0b8a60de8f7fdd564331c,1
8a56c223099c731a101ec3fedae27fd0975b21c5,1
894107c6a66222e871ddeeaeba85b77baaa774e6,0
f54273f88c9aa40884a07793a5eae7ef75f8c813,0
b6f548026cd5b185c6517052a635d8db2cd9bd16,1
36909f3a64113aee5dc0319ee4f9959bd5add91b,1
39cc9796b08c63530b8127df405ac34ddd286ffe,0
884bf36af3bbffc86ae337219932f48019c8a728,0
27e665a4925b7207caa40efbbb5b9a7b7181121f,0
00b35a718a47f97ec93f4b8765542a39fd4c0fcd,0
7b4521e962bd91441b5eb41449dc1a5aca4db465,0
30786c12519eaf6b4f5e7c8400f8a1a1df776f0a,0
7790bc692139b22547bde4901e1183aae6449f1d,0
1b9b194b91ab720d2f1e4e2c1067680f98a4a434,1
d5c74b37bef3943603f4ef40bd7f1125acb9e43a,0
26d00198dab989e30ceacbc7a55e6981f7ba61fd,0
d6897373ce72681ce23872b7a79b966840986bfd,0
58a9a6328e85b07094a44a2ed4ddf1ed3aa43da9,0
50a241fc5ecad95a29417fde5c52a5dfc305441d,0
b722165dde47f02c7b108bd77b136954685a50fb,1
56a331d5018f6d28947805043b478b4151b66101,1
b3e5ad9e6fc5cf56ac708aece30c57dac30cc101,1
4229ab4cc064f595819468a1ff04e72b4ce97092,1
171f6061de895c9408846e92f318ff1feaf9272a,1
a852462b1952462d5236c0d328ec30e2aba9b865,0
61ba80da5cc16a3681737bb58d1c507d6e19cc21,0
404bcf92ca7ec306080fe65b4cf09a34bef8da54,0
98b3c7b08d35ad7355eef7d5ff9e3fae4d863a9d,1
cbe654bb7f47f199a646a7370f2be6e6dfe7de64,1
f214ca81202d2c69618cf09adf77fea4c3f3858f,0
ef403b29cc957c69ade8f222b4eb0ef78fa5b0c1,0
10bc8f223f3e9db344758183f070d28dd35e36e0,1
8e2587aa3d1ad57b5bc78d959c241143a1682468,0
b4ec4ad45452e62776d917f72291ceb94ba02331,0
e8500af390a2544566514557fe3435da2fe9e2f8,1
ad07cf2f9c72a234491eb9751e56b2633d90d15e,0
1b12cf5764679a4aa21f14fbd484ad2590af4add,1
a2f8be8dfeaba4811c526164ba7d81213ceab104,1
5088ba5935c8f038f94e5703059ac32678882a3b,0
9a7a293ef712a7dc31fd22eef9b728ee0612c10a,0
13c4448aa8839edad280f6bc9db551496662c583,1
c4e096638761af5958857189918c6c4c416f8a8e,1
2e8aa46d326d5f77a34d0fa13ec21fbc0900fa28,1
654c9379c51291f78974bdc8eeec496d9ae7e77f,0
c1a5d605cc6ed3f4f8e649245d619266c775da76,0
15a27989668302fde203a66ced86818766001810,0
94a36466ac426f75309b75da1bce02cab3a25c06,1
217900d24d42da670237783cf4f62f44c8731302,1
65422d816574c2a8c9996a77548627be516a12ce,0
4e4ba4cb407864cfac3410ba428c7f5f2f5e7918,0
f1a54929859145b9813acb884d8687e5dccde2ea,0
3eee03f2e7198cf15cd5d896c4f058c539d6c9b8,0
1274c970ecf83b9bf5fe851ed0475ee270f1fd05,0
f3ca776c74237c88241de7837db32c181234d686,1
c87a19d079d69778df1bdb5e30f58dea804b893a,0
d0479526ce7433c9b90ad00737588908f6d4d923,1
751f2d6a2c410a78a522a7ed1f379dceb6422b6d,1
fb18eef9b581be538075f67a212740471ca1e5a4,0
03569f5da5728bf923dd85b93cdd13c34cb1cee2,1
48137ee9a2e267ab25e9250183063a32f4b66617,0
716c9fe9875e4c530e1040168000ce458e1fb8e9,0
e6ba29922d88455ae5dc125439c008e05940cdcd,1
64746a7adf7c168ff3a92a004fb3215aa0bc08a3,1
8e2e68e0abd9e130a2d52f31a0d46092350dad4d,0
26f607c0807aac2b487d682356c00866abce66f6,1
c3f2ba52f9ef01dbeae111b23a348f2fcb904205,0
fa3e44470c624cf2e31de2a9d7ce639e31c86dcd,0
c90b9fd1c25747e2fc5a6637da16a6b992cb37f6,1
583e227aab4e0c68c5a3192b336bb83a3c614635,0
763f2d108bff60b6915c4460fd8938ab73333f0a,1
b63d1add148899fca4e2be08935e863bf256157a,1
dbbe0df46d071ace10b5ae230f438e2e74a8c099,0
33781f34105e049609eba77280df2ee21721b41a,0
71139fddc89d475fb84efb3b8d28113d764b951c,0
c981cffd96f8565866a7b8ddea819675fba98b64,1
37b49cab873e498f1576113b44057979e5e88108,1
3868793c83c9fa268a8e836e3a3e69e2d535a532,0
4becb3da24fa6d977b3d37292884551da4cfb45c,0
485e742d5327e0f5dd94a95156980c7228f7f253,0
ddd8a5d565af778a6841938cc84da47bf9207bf5,0
88a7300970098fd0ebc6096b56e6f6259e2de423,1
186e3918514cdb8a300a7a2395c6834230801877,1
599aa5b31c064e75640af7f6a3c4c393a537d92a,1
32ed49ca3dc251a4173c68b4b7bd485e49c2ba51,0
7321ae435ce67b0b652f1282a0a5f36420568ecb,0
cce5b32f469eecb8cd11307082994030ed9b5f76,0
ededb7113f7dcc37a6cada27489a802848bcfe9f,1
14aa013a031693be330b255d5994a2f27ac4d27a,0
de32e709fe742ffe6dffbcfdaf8e033ddd406c57,1
31e6dd298fa5dd08d94c4584a66b318c24566839,0
086156e491eed515011167cec8fca3be144fcb6b,0
bfd0fa8d82d9127b0e46b23a05129b92860bb43e,1
646ebf62f7983489eb7adff6b19a2a6d03e876fa,1
85ac27c8100fdf28a2bf72b00eb5f7e30c7bf420,1
ca7d4fbde7afaa4c18c8eedb2c6de73c9daf92c9,1
ad6bdb806eef62effa48b06701b2e33be2ec35e2,1
94457fbc00eb5d9ea5da9d18a931f8994fb98a0c,1
5d61b0c0c213ddf455ed3482c363719d991f250c,0
b086560ef0cf8a52b49c7a52365eb65aa01664fb,0
e3643c896da1ef43edc4c38f54ca49adad9556be,0
813eda6750ce1879a58af8696876a6b62db4ecfe,0
28756b69b9ab01a20684bd5cf6759035657f0c3d,1
2d8757396cfcfdd5b169162f161267f8fd50188b,1
2b525f91b63c60b80ebafb749ada791e97db6a26,1
9293b0c9fd223f68e89a81cfcc02faa0d46ec7d9,0
969268722035e996d528da9c1e432ba95108dfa4,0
2ea7990c385a3039bed787e4c0e4525cd542f51c,1
c4cba9bfd10ddfdd8d3dabf006e2572bf6a12878,0
cf8dfb3396dcc5c34e60d3a74a0a7bfab0a8ec42,1
5bb1d2f3ccb0bf01583dfd3dcbfe6e60b6ade103,1
470437c393458d0d5328e3db8690ebca2882fcfe,0
e5c1e80f75001d3cb20f0a95af6df0e909f9aee8,1
21e84d9d7f1d3cf325640a42042b99df81e5ff75,1
846cbf5ea63ebdd24e7479fd973c384008abf4f0,0
c9beb0029b5ab7b8f51a5d4977bd38ffea965641,0
a7db755d746482ff7c31903de67aaf199948b186,0
1c658719ffbb8c18096447128d1080d5bd851c9b,0
c3a9c9121b293c0c3f22b81aeeded8ea3c4c7538,1
44e7c7793a172ce68d9cdc74da07035739ce483a,0
a547b64d6aa0529f097865683c9f546f7ee19169,1
4004403ac24cff2e6147e8677acfcbb385bd9155,1
838fe16708ad558ec2461689e1f5137f247062fa,0
12409f324cbb94432c44601b787dca1896a8df54,0
b4f9b71ebfb1c287f0077d65f2236b1c30ba9763,0
eba422d214161bf5bbce8b8c19d9407301e6496d,0
2e6ca0a755ce3eba825a9ce7e54859d909deb694,0
0322c55b88ef223ba208e11611786a794e19b787,0
7b505c70d0c35cf408cf6176624486ccbfd8d7ab,1
ff56e4cd211b5481f00f86ae82aa2dec1fd41eb2,0
c1c664b3759300c864b793e3e47cf0abade5b666,0
7ac78a716a653652037dd891a783e3e814be6fdf,0
818a8d21fbef930bc8b156cb81b2eafc3fafa2d0,1
1f26bd54507e366f7acaa86e21e3c8b5a8fb90a9,1
3c11f3f8162b31ef10184e0692f0ffe8782c8653,0
99fcb9c8a9d507fb91f5bcea7ecd3bef5c7a521c,0
bca7940c7e849baf0811efc8ac680944ac179803,1
8c83584ca20754a0b9165e180eb62258c28e80ce,0
50ee8c2d7b0147ff6e713649c62272d87eb7111e,0
a4bd4cf248b77de8422f1cdb33a2e7c8d6db86aa,0
ba090a776d7aa2d83a2d2dcaa4ca6cfefd02d0dd,0
a861b86261035b4ef6f686c2a0aa2d8b85486d7c,0
a38990ba19f009be4235819547d3cfaaf3ab9cb9,1
1139cb7c93406f8343aae0eb930944aa95479cef,1
c284f2c869cd8622326b849cb5efed86429a63e3,1
b51ded83077acc68b0507ce722509447cddf2533,1
fef67464eaaf75b9d801ec0ef6b5b7454b424ad6,1
05b637ddb01eaf27e6044d27a946b7d62f3eea15,0
49f3c7175e7bf741f6053f010ea43c1bd45c18e5,0
9ba5841572caf2ec813056995b97b201590dcfeb,1
016e0a1108e138a4b3dd96c2db5cd46f1acb6d18,0
3c2d6265f8b48d535f99c6bbe58051d59a9df363,0
abcab3e8652691b3ba79564beb87fad809b22684,0
51937c92cd9d117dea81aab0f92a40c682946168,0
1cfdb94869471eacdf6b96a96cd9068bdcb4cd40,0
bb6b31da25caf7bb6b124fe3d6a27b8be91994b6,1
bcc86858083649cf21f87e8a81af73585246be4f,0
b528475433ec67273078b8c76b32627a5b076f92,1
ea1aa07751fe952fb40f2c9fce965c97adbda52c,1
99a23f282dfaee912414d763e1b12ea4236137dd,0
97520f5a848b613c63423d794a2b45518f7f5c5b,0
266fd5812453d71e8a80ee7913c3e242cd2f2126,0
82e950be05a90b6711fda389669918645eb858c3,1
2bcce89cf86c7ea1b33f1d7dc705246b96084cc0,1
26fbb9bacdf9c1389502b82b0522f7906fbd3586,1
7037558187b7f8a1899884f78188b2011a94d142,0
88df79a1b77bd2728ec7025391cf350e895197ad,0
f9d8da9939ab893ccde1ba86cf51339641a03139,1
e4f44989e20739b8ef9e65d4b6932f1a1807c0f8,0
4c77e426f904f2f41f38d23332c909e7d3f56e40,1
e7253705e7ce4c9104c24c471c4beb6172913808,0
537d5276fb090d8f3b4540adaf9d894d948d2359,1
e9c76bfe9e6410e885071e23964fff1dbfe54659,0
12228510a0aa3b4780d3a363e810df5f250736e8,0
3d3f77857782ff1424266382b6d206d0f0474c1f,0
d6373c7b046d5639d0459cd203defc34dfd725bd,0
120f7309e943ed3b00a8337aebd8fd711c59c362,1
eb24b52667f673f4fc3805564053416f1994c185,0
f03c5c06326aa1f0a8adce4a349556b4963ef078,0
3590bac48db1d739910a2ae39caf98da7d1584d2,0
4b3ccd51e7dc60e144064becd25038377d2734b0,1
174cfcee23fbac0fb953aec444b78943c274b421,1
7831b142c3826e48f2d33f12285a7a291a6d9294,1
b41bad765243cc70af48cf5771f9e1d97b7a75cf,0
af10f8b673207af7b9eed74911de1326e585c70f,1
75b806ec895343cd16bb974ed580bf84cfa5758d,0
6f998217dd75952b0d479738e79caabf2a36123c,1
312fa2c44bd9e41ab677f02396822b8260c493c2,1
3b9b399a0b9f1a83ac870e437c10ff2486155c5a,0
fbf0fb4f0dd3ee981778d7b0e8956838ef2a3774,0
ed305a3a1a6547eb478339a19e653241436df130,1
0b9a29ca29fb9eb5d0e09b42473fa100d844dd20,0
a87e228e4aa01cd7a9b00652b8ba1d6c49bd4135,1
94bff66c60ca5d826739206ef8a26a873c4d559a,0
c2b28f989e623f7715e72daccee826413447430a,1
f930676862438fafde9b00f539beab2f4fd058f6,0
a89435a99cc046d2b354ff40ce334e0248ca40ff,0
ccf89f37e18b1d9a3d83838f5c8e6c034c064081,1
10a953d3921a3efa9bdbc762b05be709bfe6c021,0
eccb9253ef11d260b4eb9bd72a7842086548adc9,0
457e80a7398bfe45db1b3d5eaa90b5c3f1927957,1
d9bb9f1afb8690be2f65912e4d3cc4f4c6015538,1
124a38d9d2783f96d79f1813f87599e95fb30247,1
ba844bdcb1dfe63b7895ed28df06ce7580edcde9,0
22a4b8df71d2126fb26364813cddf88932cefad9,0
ce63f14d142451a6649f274408a9ae844668c9de,0
a0a9f6a1e7d2e32d7b84db78318c4b8764158ca0,1
9c8c33aa7f4f845b0f28f35744c046ce5bec51c2,0
72718cfa41df33f9deff6b0babd33f108d012664,1
f0d9a54395234217c4388da21b810e66608b38ab,0
8ec2f6d6c4d5368dbfcd8bd746ece3eb887ed77a,0
da6a55a5bc3f2c6371bd0ee68d6c7ad489d1d5ce,0
5ff20f6ad35111d542d2e968f10356bd13cf6da9,0
c513f68054bc9605d9cfc6b6ff98ee6e873aa116,1
360167ff90866f38ddcfdaed3e1d50f448ef00df,1
51ed81cfcad6b834b2ac8d05337a989e8db07920,0
a38695e12adf047cd06acc3f3852a6e2388573f4,1
1dbedb3772d8d3763d801df15449987d4b33e5a3,1
78c3fe384e96d5e7ce646b5e317ea77625e430d3,0
b24550dc0d903fe93d163f54639c140a1c70781f,0
3b28dda4049399ad5e60d59a8d055495fb476324,1
334e1dde12a26a5389a1b4a039da6b70202691e7,0
3719f80db6e36066410ae3147eea705a13ad0bda,1
73e26a04cd52220ea4ad712b495f83666c00a509,0
05f096c42f6be1df35f915b29b428f7033035d05,1
bb851d44feda1400632154859db01de0841af744,0
f9a2444c7b3bddaf0ae4baf244befe8839c8b42a,1
9453f48512f913bbb2fb73723faf0fe6f3c66057,1
e37cd4f5fc0337bf6282e03ba0a9cf82dcdb1dfa,0
80aa5ea7965f4707e5a0aa881dd80ddaa1213bd5,0
6765630fc89e477fb849b45b38ec742f04bb4eba,1
3afdb7fd1d408d1a6b7011dd7645bd43d7955c2d,0
6ff3eb3f7a709ae12d9e2db5e647831668877700,0
7211e730ba1bf60697701501d95b70059b99eb11,0
86aa505631a69ba810d7030aaf74f66e0d53dbd6,0
127d08642721784242062c483a31565c8761e92f,0
405afa2412abb8f5b5569cfc425dc568421b3ed6,0
7f3f26deb066db96fec9d1ee8c9151c69a6c3146,1
84ee2e5fdb7676b1ee1c69ec056d5197d348ac26,1
52315d2b4072fc18d09e35c7529d468778927cac,0
b62480c61c5621cbb3421a956fd4ef88864e7bb5,0
7d18847bb7f825758a303bcbcfec4588fc6e23ce,1
44c22f571d16888d7aa6284e1d98b0db4384cc37,1
3d75d36ce704dcf70d3a44ba5e412ec91ffbd106,1
a8628644cb288d1e2eb1050cbbccf8d7f69014e1,1
95526bd37cd6b620c678ee1c47a576395e7a3264,1
883528af0b662fa57df1beeb7a5a9aadee2a5bfc,0
a08f388cdd145c4cc110e9de53f749034cd17536,1
306674e1a862de371d172f5b0b01e3c2aa576858,0
b14bb5db49600215c7b2ee4fc32e9b1252e7f495,0
f505b48b0b9be048888477c5d4f4d1a898124af1,1
df5a0e6dfd32a195c7a4cc81c1afd42ac5501221,0
4a72016a1867f0f8df95b42f27d3f0a99e2d202f,0
584a5ee12cfe62168557468955fc3fce87a3836d,0
39ace1cda5f9a62e6166c05c4bcfb2a93b7674af,0
4210339c308f6505024293746acae9caf4594bad,0
607998f468da3b02882a06df6cc5dfcc97e8e423,0
9d50d1a9c1b5af3149ac618bc598f5206a3f35cd,0
a9586f990773d92638599c8e3a41694bf2e62846,1
b74a2ae0af45bed9aeed7c4b88703f7c3c45adb1,0
beecdd11243027ffaf19da603f2f72f60776b9c8,1
f39181dd6c3b6bc55fb7177610c83e30220bdff7,0
7fc81f8be6ccc7c9371dd2868c528ff1991ab74f,0
6de2f614ea36f54e908c2395c773c1a5c312c569,0
3f934814165c54c387e8f2cc50aab3ec870a4473,1
d552e87bb177ab369d87650d8b0d9f9b0a1db686,0
a842c6f9d977544f2bf58c1345f04aa18c46cae1,0
b6905784b01c9cbbc704b2afa1bd79251cbc3346,0
6348ba5d324234625950f580251b71c6cf7654e6,0
8c348f29de62507eac3eb714f282a4a50dd90644,1
7ef37f1f2f807f3424db5f49d71e57fddd104095,0
16c714a00c1ef93a95e6c37337edb77d742b3e7e,0
f5fc5c8b8f0228d5d36d14553e7d092f8fcf2786,1
d36a59e57bbb36274a68b2419b15aa8724a56b09,1
ce1124fbae1121fa791cc644067e70685c65566a,0
e7666875da5863cd6cef8475f095bc9a8dd465c0,0
7ea510c8f5cf39621e21293dfaeede2e10a7f1ef,0
2af346e8649f0c3e38a51c93075277462e20a80e,1
ec50197f7080fbd365041af2b2599a46797bb526,1
8b3e3f9c01854b9a8f8f1deb131e9a5685667af4,1
ab726ab4df2cfade8617203b1f5f2d3777433363,1
6c256453d4641f947be6f30dbad89ccac78a0006,1
e33653c0544a99e7ced1c0f6feea160bc08e0bb7,0
722973ea452d980d67c3c7e4173a4274dd2ce815,1
e07197a4f2f4f94ac8ea5872334b64f5b3d3f5a4,0
2b192e39e2a2742aae4ac7bcdcd43e8419bbde71,1
34ee283ab58df8a7a1b3e0733733413e77429ecb,0
b33ab6a7b4edc21134851a03e88d459ad4f4146d,0
1941551d502737ba5eeb24fcc32316b4717604ac,0
6b1339a967c4dd1cad93922b546a384c3f6ec8a4,1
170d3c42f94bb8d33f8933139ca87fae9721bfdb,1
87c758a867e9f4d1832981a8bb8443985dc2bbb9,0
c25268c966c1d3da2d853c85f8cc3afc6605c8f3,1
26f14ce8ee6885a0bc3659036fd000eb42093d9b,0
bd5a8e2aa8549a095f25a82648ee230b7f015ff6,0
4a506fb3a7624c52ee8761c00bb65514eb369f7e,1
414cf76644191ff1b36f01fe58151eaa6a21941b,0
c461e79b9114990dbb1b17bc72d3c1d971df0e97,1
21b48861b5a9edfc2c11c833a762b7b44f2a841a,1
589966641f368437e80ed53fce141a290655af78,0
105f1f289596e6739d3fc58420055f49c6d9f17c,0
af07ffa2f76744f63f2d9c139915b113d7b81abe,1
78f8b0360840152ee06b9fc0add5926e85cd5e1a,0
e4e25dc48ff7d3f14cb94d6b615c7fa13d218671,1
f85ad633033f6f1327c797bc26eb0e761022b0c7,1
2f4ab8c52351df38fb20b3f05f15f332850ef00d,0
b36504f9c389da1b525605c64d4670bef932e42b,0
c06cefd5aff33ce52f702c02e70f66dc228861d4,0
9eb656773cbf460d5ebf56662fef2c91935298b4,1
dd0c1e11c8a2464346037a97fcbbe07768ad708f,0
5e097c4fc6d3e2199aeaf4edd4d0d25cd120086d,0
b5415f96a82d10ca903834f8c3f50ffd98f6f75a,0
c882efd2715965c7b3b6923fe8c504c89f0f3f4d,1
7374f9923f28337eca952964a3dc2dc4908126ac,0
984c0be13c01f4a206fc5012ac553445cf1476f7,0
4b6a4bd5ab96852ab23bf6135fba65c1bd8f8137,1
c2b5871cc2b9df1ae4211567671dcc731570b895,0
d7ad19b89cb9a9ba034143dce52e74ed503b6107,0
80ab80683d39eb0efacd66bcc50a1ccb6b7e3356,0
a01de812035917fa631258a2fd17cdd2740dfcdc,0
6710a42396dd2218ed28949f8a4ee66cd6f31305,0
0ef3fb6518890146c4a49c433bc97d5693d5b9e1,0
df1045bc00b27aa8306fc5f248c41f3e71d5a068,0
68f17225b4df2df50f5841dcb2768f1c6970beb7,0
d5b03742c8732b4717e86837d9ea8972cc29f215,0
9dff8db957a24e0a96106100fc404b748e70e1af,1
f1f7a11265c00f89a5905fd2e54fb4e0e8eed91b,0
49fb550a6cb075fb24f29f0f93bf5c2fe172b9d0,1
c050fc05e8041dab085c08ce95552f3c10004d50,0
07cb704816d06400c936faec1309f52e32f968e9,1
19b9037dd5022dcab2eac301dcb81c1a2b14151d,0
059cb2ab29a9f15ae1c2f69e21ec6984ad43e292,0
e502638bfe74bb563f7e8126d7a1d2081796004e,1
10679e6850add7338c0fb16ebdaad949e2ec6f78,0
68866d195a8f34d0f1c396049cacf129c0a2ae84,0
aebb20691957fa87c7a7a7b81ab95888cf3b992f,1
ff2149fd3de76ea15052b3a27f4c0b6c841f472b,1
189a8feb62975a6932f3f32368e017bda16c9910,0
8cef0119c0826f7b59e2380685f6dd496276f14b,1
cd50346740c76afaeb6c06ceb67da2591f13ee46,0
bcfd4c2b86bab734d9e46d30c5f6bba13b08c2bd,0
7e19b99ac8ff5f4574d6b90810027b2e7bc65b6e,0
cd83ccfe9cf8fcb42c092fca362f48ccce316f78,0
4117665a758bde9fafa4f00e020914002918b6cc,1
939c4055b9f57d4511dbf2a2f636dea8dc26078d,0
ae0edeafb5b6c4498e988a8127b7a1fcc421f9ce,1
dd47a2be6cf4039c87bef1918272f45a078acd35,0
d58cfabe79a6ae837bf9c64ad7874e8ea4a8ea25,1
f0dee9535619f37f5a5dbe1a172797d8a494e87b,0
0ea8f2faeb7163e9eda36ddd6700f7068611e706,0
97bcaebdfe32e3e1838cefc756b6f9b946a591b0,1
28d7bed2b1918f35c859de575b40d07b1350e98c,1
f8b135aca8072af64f0ecdcc1e4332960d199176,1
2cff4073e36e5e2662ae49d468984e34b791253b,1
ac515bc07c3fbf29b77631b61ae33ab58c038eb8,0
5b88352dc5572715167d4ecc71c5b45bb9a030a4,1
0978d0b26289823317906b1f6df2fdaaf100677a,0
7433507d97df07f1a11097a04e89dcb410315e74,1
f5462465799f4455c5d4f92ecf913adf5020b5d9,1
fabcfbc2b1ec99901168a3527d5a559abf40fa36,1
b4b1543900443ff9678295df523ebc16b92be351,1
7fd715b6069fe8a6521cc2f433482fbd9e40c9cb,0
739fb55756b637bddbd33150e5218839b67f2641,1
6ef648399239f1ff50a51039ebd834a0dc578ceb,1
ce997923c78101c6e2e0dfbff7f888a250ebba57,0
f118cf79441bd36911d974cb2a6de4355b009f54,1
ecd474a86a5ebe111ad954331d13e02e3dabdd33,0
4914584ab2443316753e844ba90ab1a78110395f,0
b061dd0409b76a445f60ddae1955c172cfff4d3f,1
65630e99f90f46b0b50bc6bed5f6de1456e286d1,1
c872322e7f80abd85d05f98ac8ef5f1b7c57fc73,0
eee898d950fef4a4529ffbd5d1e0ed82b4b06227,0
b2c48a5b82921a9057ee7cd50cea7ed39334f032,0
9ba52d7efc5b14512600cea51d8383de412faa25,1
865778916a45629c4a03d08bbac53f1f3f4f905d,0
3ebe9223a6b7cc63a2af0622b3577bd779ea0794,1
f54b9ca5ba2fff32286e276fce06ce02c0991264,1
9d2ab2b2e2d9048c45d0c476e739fca3e9e4e39e,1
561a278fb8af55baabbc8731b25ef75eaed5b0b1,1
c7a87431cfcd94e0633313355e879831ec1188e8,1
8cefa15b84cfc1ceb44d4033046b0a67e5ff6ae1,0
12850efff81152e93c066107f0216c872a6ce0f2,0
d6f2c6f8f56a953999f5e3f9507177c7db205147,0
43d59b5e9138366f8079f9fb99af0d153583ea18,0
160424ef644faac47b70bfb133113280c48eaebf,0
e2fbfc565dd9810ef0341d9db0057b8a7cf37aa9,1
4cea14eb1df47681e0dca070f8edfc501efe541a,1
9c187f62aa387b654bef57515d98c376417728ae,0
e76fa96631166de3e363b2e564cce81872301b85,0
e5a6b7812727c93621b3ed6daee3c150d9f078d4,1
40210a2afa8511246201222b83dbf699121217cb,0
fc66f2356dc921d85d974f29db3649730685fcef,0
c3f91261072d3643bce9dd24a1dd8c0c9b7351d7,0
c5aa145d13f83962d3fc8089a181bf2e80767ebb,1
ecc34bdcd642048c430e6f201c6c7540a0f1a46f,0
a512d98c5b76a359984ab6a8d5de7856779964aa,0
92fbc037d98241ae38e0088ce1f33bb5301d6f85,0
2a5a9c456366107e05f453de2e9e364af9fd824d,0
0fcdc4bf04d015b13b9c6a7f9d1d86581c9acc8e,0
a33f59abf9b7a9d20fe08889a77409eb0021a6c1,0
27789cb7b62d47fe54dc45056559663fcdadc872,0
7c25a1131492328ca26c655dc7c75429e21c03f9,1
bf33b9e49194f28143cd0263421e37fdacd618d0,1
7c9c15177ed31561f71e6ce99ee1ecfb7a975768,0
3189c667e49b478e616a9cb6e6caa0f393defc04,1
86c2d4c05ac78ed5e49e0656e15d16bd6bcef3db,1
1e1d6ba18b93a8b01b4771bbf3abe4911c470d7d,0
d4b18ea4db2fbc8f822c95ca2463248a3ebf05d5,0
e2144550e473a9e073654127a9a877632e603ccd,0
511540d6ab2c925fafcde89f30cd6747c463d6e6,1
10767af051c36e48d4ec73598f2746d641d1212d,0
858bf03d35b975064c82834cd9274ceaff249230,0
fdf9ee73dd3b6c9f3fd0c50faf0a86a463ce9714,1
923964822c3e5452f899309c4763fc7aa9e731a1,1
967b2e01a0ab0dbd40e17f8d192ca3b853385437,0
41a70cb5ae88a9327875b2a0535c1c024f43466e,1
41fbebb3abe8e2f8a4a3e3d9289593eb7f5314a7,0
de3c3609f88ecd510a7fc7c2d2d926a92bb81d8c,0
c8820cfa53fc3075070078c94ab16bd5a8224383,1
d03e6f03122468f2b1ef20a52ae56d7da2ffca32,0
b0af549a08297284493cf638a8718294df3307b8,1
ac87c25ea3e5d25912117c5821e9fc7aa064ee97,1
f15840e28d9ee2211979bac2bfb05ea249cc609c,1
6f1d60e4e4e589b2a47908bfbd64a9ce120849ff,0
857dea5805b7de153088a57e1ab48b4909bdf305,1
a0453adb76dda4c551291988fd684215a102b1d0,1
f9d682ddd6035da3b684051c1476262f68fd8b16,1
a4d5b9fca74c0c90c2f562a62c989e0a6ba210b1,0
2c446ab6c645729ae6160b9719adf542684213a5,0
744c2cd562afdeaaf0cea93c1e9b67a92c342910,1
59febcf82ddfd64db78bfbf8154faf3af05e427b,0
dfd8c8396e10614583211ed4581457fdbbd79734,0
d6da4f4d078e937095008ad5660c72c5be3a5c04,0
a0bbc25e2e6b6590e13d7d44c9eb6f5ea3b33c16,0
2598ef6d5bb3212af2cbf8d6a3095680d58acc6e,1
fc74c8cc22fcb238a81021d84f37831bea95aac8,0
58dc20d232ab4f732f6be943c6eeccd0fff393d8,1
7420f34d7535e78e9ead6ad6e41f2b4276b20cee,0
ab3f12852c6d0199457697be7226413536e8d51f,0
ebcf0e3dc6bf9463ffba94b93224879fc0d3ca23,0
6e674ca9ddf7711379b2fdffe9814a3ffe69abda,0
ee7619a7b1ba61e824eda0775437e6c41ee83d10,1
9b7b853cdf06cf150976be224a12857e10d12620,0
a920a996739ff7c1b57a57353a13c430f0f411e5,1
2a337ac0a837a53e3fbbfa75c4870f1f43910980,1
84f78a4fd1ea4398bea0281291febe08f968f3bc,0
959a6f550fde6a86e9f82d22b760246ba55a5197,1
7cdec66b2d3120ad53c4f683dab5893cbd2dd29e,1
8cdcec542705869f1be9d705560c0e004c7e8d01,0
a426fe4736da793bb06d82ee602edde1ea94d08a,1
dd7b2ff4a98d97350d855c9466e63fe21075b000,1
96352d5c9bcd796ccf10a5a7856f25b337b6de4f,0
a22da8993e1b4bbab2ac7de3f5892fb879178a65,0
048325cf60d4a2f1319d1d95e25ce08765ac7610,0
3d5ff168049186329958c26405148ef8f40ef548,0
a0dbfaec236d245f7067e2f7de2313b030a2d517,0
2ed9aa8f639514b43a43a429a7c59ad19db6f6e0,1
a595521dd514806a22d395056809ef2115f7ea81,1
18fb6698d06b042bb9ecdbfa59ab80bf753d27bb,1
09f9617f4093e32d00d2b2049bb45a449dc5dbe9,0
d8ff5aa6979851a48d3d4193ae8fb0d46f55b8a3,1
0e13c1e8aef8bd13bec16ea16a64e744cac28f9f,0
9836a634de44dc48f2592cc750a6a19b248d0bb1,0
9e2a66875ebf81cf48d5380c43f7c37da156ba3b,1
4c253287abd2c794f6f5bcffc85947d1acefc139,1
8217248f350f45dce150c1a9c168be923958641a,1
64d174fa2a88b1de6dff9a891d24b83cd15710a4,0
f6bb6185ef7ebe7da2a3bf576693ea52210cc36b,1
2b615f883ad5a8530ff0ae18df0d58dfda3c4ab9,0
f6fcf01e95dfe4e67e0e37cc772c1a7aca3fe01b,1
119db4eed17e4e888330effa977f82d8deb24402,0
4f8154ed0f58e8f238ff48915181f4c49d6f7d70,0
63c840d298fb7dabafc4802ae07be09212bb85c4,1
b1394a11c1e07a5cfa4bce7296fa748fae314492,0
32efc9a936cc14ec34bbd85e4dd3759c3996e994,0
1001d747d3eb30e5c4b44e62ae90de02343505b2,0
8c71d417fe0f79464d01016a2c75ed3572c1e41b,0
218699f9104fbe137052d714caca96cd942a5bd3,0
0cb391ec6c26f839cfd834871003317afa2a7fe5,0
f27cea8952e3b02cd6e9d679a17602792bb16357,0
76499f8fdeef5b16b0ffbbe8d9a5ccec6320d9f4,0
3a9e85b4c3ea35690d08948c4b6e43685c926e09,0
d583c8d0b6adf6f93bec2983ed0ae70c1aee27f0,0
f0f4255bbdb507b74182347a5aff232d657ac25e,0
d3c50528dd964593e049f4783578af5a3ebf05dc,1
812979de1035b20e83015ed10f77852abf475c0a,0
f16fe11b7f9dd5def510e06aa3d2417d790e3405,0
e9ddc8439d365a2ee4156131a2b3523475aa2a39,1
f439b69a92d242634fe622545572fa277537f3c3,0
4b28d4ae8708495d2922bb6a7d4e4e10cfd2f808,1
fed12bf95ee7b38df31c36131448df619c040517,0
0802583cd401a4e65bb60fdc465434390bea989f,1
955a6b3381a50b553d332309f94659b22766ca97,0
ffa6784e988918c8a279eff48e13b11e81741a37,0
fc817643bb629f17927cf064288614893d66aabf,0
ea2147cbf94261805933f81db89d6664d5da943b,0
9a05881c247e7fd3ffc162ff45e6a090f2c58811,0
cb620c2ce1489c1ecfdbfb673e1f4d533a06f44f,1
abc023dbcf3e84f94c15fda49e4286890c131ff7,0
28f75f207b96720b81d29728dcacc5a6dac4356a,0
7f12105b333ff4f191310e46cbe4a767c15d3f9b,0
9169fc176937e324e8e141d060aafb757afeecd7,0
5ba7eddb71953bf00f3e9eabc3c197c2124db781,0
4903159f33c935b96f265f581a013702ff30de06,0
caf68eeb22e444841458b66ff3607dddb3d0caf0,1
94473ecd0a144f6805f3af34cfeff158c9606c60,1
1bae8c7ece37127ae6e2d384c5cc1ed41c47b854,0
7018fde1e58a4a031409304e5169e47864e67a58,1
e1b8de2b062626f09a7d9f0e74f762e66ea56eb9,0
947f6d4b016fa71ec10c70ae7095504f4d54708d,1
6765e7b44865c3823ba1df152cd492854df2fa35,0
81552519b4d537b246ef94fe0650be3102b4d39b,1
78782c294aaeff99e8ed99aff2b6f56f123602f0,0
c3f3ea74d9e0024c609efb878be2d670f4b69770,1
8b6de0f89602d991c745127aaf639506066189a0,0
739447f6c9c89a9c32b57b19234b4b539be3b2d7,0
a2c9dcdbeb71867ffb5d9af0863130af1dc248fe,1
253b9cee7f48b87757af38e6f961e7ae2ca603c1,0
864719778477e5f9ffec3808f5e21d40a32d7458,1
8ee4f9d8914e0bf493cc6d4d6fc79868b9836315,1
44ebcc71dcabbc1f8f9af3551f16d72fd446d63f,1
dac5b2afe704e0183dd2db8e67711d707678af57,1
ca0ed535671f71617227ea187207d821af4fca60,0
a2dd7822e2dc36f16fc5adfd619dc27cc7ba25b9,0
8394847730f1df0df9b7c24992a2921996a22b18,0
13b12715dc14334262ae268c7d4970e9c599eb1a,1
58ee56128afcc1d223445892d9008592b3d75d97,0
553173257f1e0a459a471e007bdd9e5de977b3d0,0
a4f23689ebb7c1014c9dfc7eeec3e5fe048b0937,1
296754d5b5f266abb482dca677bc5b322768c5af,1
8b0ac180a541e57e8af3cfa3bb73f706d1855975,1
499fa1d4f0b910e56bde87ecd2df9b9ee7567e7e,0
6231a6e5c96f43d73fff8cd6428469b09edfdb1a,0
af603b3d64f3f50465f26df063608a74a948f56c,0
54772e392f8b8cd35f8bc3220ae6d7dd73b6dd1a,0
70a4518b4f330b860207950df3b26e64286a36ca,0
f2cf6a4e3a55d24c23f89da954125e918f26d549,0
3e9fc248a2b70c4576dd5959711b3e99f262b13d,0
1388121f3a07162d0a60e4edebcea75f096290dc,0
38995baf34c7a7abc540675b70dfdf642dbe958e,1
8a7f8389579468fe7996ae9aa062f25068a16a60,0
6541be38aa952992198e84d22c13c46f6a75e808,1
d079fc15a22506f8bc163d26dc3d9dec2c6d4709,1
2a49d50bac771220ccee431f1e7b6ab749454e47,0
cca13c56cec10bc91728981812157459f3dc55aa,0
cc395303d0727ecdb708179c7c0452473eb661d3,0
318fae0ee0c60939cc2eff278564535d51ae50af,0
4bacbd5fc54e45e0c632c35c306d4a1e7d71572d,1
64254e635f9a8f80e6593348b00fbf1bfe7f76b6,0
656e37903c412609bcba248fa7cab24f1e078f92,0
79120ce6601de1caa7deaf9f5b0e795c2a6c5731,1
32d9aff1af7ca3ef7c0ca96fd972afc593133521,0
c3292292233a14c0484c89c78a1f24903048f1a7,0
bea911d2adec87054c33a8628149c3a4639011a5,1
cf655951c87c5cc86c5436c8029a061c2aef70e9,1
7c1de390a88adca770ec5b1c3e44925e974642aa,0
2cbd0a9e5863ff9cf401fcbbbfef14996493e61e,0
c294d409fcd5317da72cb3d24af53deb1c68c419,0
0d38120ac782606f5975eb20b3ade809c9cf79e3,0
08f3976120da71e87cae7dab4369acee05d1b373,1
0a5492e918adcf07419df41d47e9c58292f88488,0
e18f25a05ea874cca8740c7ee3600586192ad4a7,1
0c75d5624f093e18c46780e9d257d64b62fd7e89,0
e68059b57c3836344cd58b31622c17e80040551d,1
0e431f52b66d10b75427ea9afd362b16f0188e3e,0
11d01fac6a86db37611d932740eec96965daecee,1
37a4c6fe1007c1e648d755a2788625c81b198c6b,0
556f3aff0fb22cb311498d08db0a3dbb1e864377,0
7df226d504fccc954e0e6c30ac4214c01dd848dd,0
d3b6baee302ee65f9c5976586bac8987556831f3,0
ccc92d361393b2106d9750a5351db753cc6fc8a9,1
7b2413332eda3b0e354f6c104da83623a4f3e246,1
501ff5d524f971558c6c907aff36584b98e412f2,0
f9f25b2b957b9414b44444e256f6ad0de27a2ebc,0
d3022d8f8bcd89db6a1abbf5409b285f74e482ff,1
13c5470301dbe2d82a3793b7dde767595566a575,1
02929b0bb3a9a79e1a9b36282bd9735e39db6baa,1
90616ad21bb1341160a421e5831cda7d50ec29de,0
24473e0ea675b9760e45a213f3c0a7715daf9e8d,0
9eb7a636d908b5a963457fcb84e7a79745dbfba2,0
6843e5ad15d5e565a679b75211464876a3c27dc1,1
a2c4e3d3168cc839232fafd2a8dbf3e2135e9f36,1
021b9bd7a371bc706af328debaaeb158cf4e6405,1
aea909bbb5c4968f70efa48421141cfda7418589,1
239d2f81d286910dee00850952d5d406578889af,1
2277baeecebddb06157dcd916288bf4443c6e67e,0
98382ad0392b10684eb939ee9cf17e0f41d0ac58,0
d1e9f6a683289d3536da4287d3baee0859c23a9b,0
1675bc877b00f42585d0bc01e8798ca3f6cfa5aa,0
62e0ff6e7ba061d78651d50d6fc38c8f4c44881c,1
89ffddb7742769a9b3d6aa3cef3a145239795d4e,0
879ab397b0c86b622fadf0fdddf9859c783608ad,0
3275f18c5f7cd5e43a1a08a646a6fbd4ab50a577,1
f621b8cf781431031e5eef1087e553e2c5e0acf5,0
363c754f290f833a8f4100daff3395e5cf3942fb,0
0cc80c3e3ba3b4dbe420ea1149b6d4fd6fade4e3,0
70accfb1aaf432959415ffad844ad534422c7c96,0
231347ec8fb12673b65b64f86ef5a50cc169aa81,0
0984f55a23ac4731adcc5d94fe38682d48caea4d,0
a2f15a854f7b16646a856297d0f5e2916439b29e,1
660507e2e74128f5985b753881a2ca99e5d90b9e,0
1e4056b27d27b0ffb116389037ae49d393114aa9,1
bef935ddbb4fcbbb7d966b893ebb175d098efbc4,0
9f1a1048d55af79a343865a294225e5f609be96d,0
8cb6a9acdcbd090685e5b047372a60560391e6cf,0
cbd50084bced9f25d1190f4a19e223eaa0d76cf9,1
acce8b1bcdb04629f2b4ca73015569941d229d11,1
7fcf6c84e618764da5891433952a0530e8d5a02b,0
ffa02cc4395eb89add0ea76e70f46fccbbc68ed9,0
7199f73e3673e8963645ddbb652e85aead41fb0c,0
372c9ad8523484ef25437043da12f996f153359c,1
e106319d030f9a97a864d62f590b4131686ebd90,0
d5402d209ff18eb8971084312d100fd77e6ff647,0
f01d517fe04d3ef99ae3f3a4d02168fc76699661,1
36189f79ee4a222a56a89e972ef354f921080f52,0
5577cad688f92eebee087f447059b279967f6fc7,0
c1824f6aa7b949b88bcf994e7177337c1c3be899,1
4e63247e1c3b7b70f748567899b9825afe49d838,0
64ef61caf652ff5f31e63b712ef6842e6e80babf,0
4f89faef68f543a0f83d65f95d14b2f108567f1e,0
42eca91060ddaee814223c8fd5be0b5329cb0813,1
5881797e666c7ef3af9b623c64f71dae4c95b93a,1
a940d9ff6d97e40dfb6f5845e40f8678300a01f0,1
ec0bee864acb85965559e14282d13ef0c2542055,0
09c1a9998594440e4aacef5870c1f14f7a347f57,0
bb2618b858704c7803ec15e26aa6c193e825f329,0
2b49f71e1393d6ccc9ffe19bdf9d6960aa7310f5,0
199a9330e2211ab740e95f695d19eb308587118d,1
a077481722fb7b53652fce49c9341daf2cd05779,0
83937b187b67b1aeac9e8617d3f1ee24269e5664,0
e8f7c21148641e155edd1024b82629f015381767,0
af2ccc531a83aa9cc5765cba31e610274b7b486b,0
681aeb1b12a63eb3959855e001d2a5dd77c5cd51,0
407aec364fcef793a2f53669d5d29c8a3c23d41a,0
53103a82cfa13c95fbbfe5f14485ee742075e89f,1
54de49a7f1657b10784d64a2416454ce04b0bda9,1
1ded3e9dd82da5b56ac4c43cce78e0d673015a4d,1
e4f68788bb9860380cf51950304d9db75d2d88d1,1
b20c04e20f693b5d1cea7c73ff6a95d6a757f683,0
2ba03b2621fcf9cbb816f72b54d0e4d482e4c7c1,1
b515eab54ec431780d020520a3728a735c630dfa,1
d1a52300d66f724b7a83648c7a42125d7e5fa081,1
1c7f35f9618bbe5a8c7da48010801dbfd87a3896,0
2995e82101c8ea7d2f5899d3b8de935dc8d86709,1
c1d6e0d3d0c5686b9b79f08ec2b98645fcf67ad4,0
1a05aeb96567b80620522aa33af49cce17462ad6,0
619fca10de664f09a3f924ede5ff78c9c2d3b45c,1
5ae6ecd8d0f7271539f47fd8ed14c53da5c6bd5d,1
adce4d4469a2dc3cef16aa3abc196a2c56b43ee6,1
1b3c4482c7045021debbe8171982a315d5b1029c,0
87372d25911f98c04cc41aa8b7649309ab216fe2,0
23a056a56c5975907d7609183916e7c60cf70a77,0
c163d7aad6f79c685b62cec87ae54119bb1ada01,0
3940f0e8a63c9fb589bd61c058c2ac89ff8ef5e9,0
4c81dbe5e0d2ffeb4d1d4456580119ee2d033259,1
9d74feb751f32982334571c46097ab41aa1185cc,1
5a6627e1e8bad1d886e8f7fd52fc127cdcbb734d,0
37b9990047b45ce26831381ac4ecf05114989c88,0
01f7544c6c2dacf7ddecab31ef46aa1424a03bc8,0
37672cf2a13ed714764af2e5da8b0b0fcb995313,1
8972a8b91e43bec04c035f28bf8894287c1febb7,1
de29af2e0cfc18f224f9567793bb9f5dd9d79467,0
e63237dcad498b21202b1bc6a13ed7457d2c7226,0
97ad83a230a4529480b751d8b22c7cd23f715fb7,0
380e5f15c40ab68a895d6afc211cdca72acc688f,0
32d24fdf9e582c70aec924899a1955cf8451c919,0
81d63a49f1098fb4e43f9b14d4b99988a3f35658,0
6a1c2c008f6ebebad999d668c460ee9efb622efb,0
afaefeb3f86be550123cc59ad89906a0a6c990b8,0
0d6c4abb1351999708461910268ae2f0b52f0679,1
f55a7fd6b85dfc73a173b772fd2a7ac70a50abdb,0
29541f8579029457e6a68359886cfd2c550863a8,0
9fcd0e5a9f0f8a8c2cc0eea43194e7d5d08aa5b2,1
319b861c4c6c129c4c0654880d935899a3133014,1
283135b9af6f313a2c295af1942f7a70a6f1b36b,1
03eb7964c4e54d773cbc4b8ea260769ec2b1ba98,1
f8323f5468d27609b3bb53fa0fc1203c16d73a3c,0
25aa1a5e25793fc08a696730303c78f356dab04a,0
e2197e6ee3d1ed142762f3fb83e88c4ec6e3c83b,1
51377a5df775af5fe55795444881148ad6d37749,1
3a347be8f207aded423f5189d3d3c593123c6294,0
5f7ebbb4393e33780d36ef15c1fc335da305d6ea,0
aedacb46a4a82cfbf28369c4f4b1b700e4b4471d,1
053c3fce845dc2cde533533168ef9deffc372e87,0
b18e5a6b0dad2943985044b2ec09670830942d21,0
b3b4a22c2f5f53aac26aefe050434ad90f62dd47,1
0e8ea50716ba1613d576f59669224b673876aede,0
71fd8c8ae9a3535b4ad40bef17c8df69a8f6cccd,0
2d255bd2a608b4c5a0a8fbfe10d187471e3ffce4,0
f2d96096e39f75f79e9a7332a0b4366d80ccdf7d,1
71dd736203b702426c21237bb5998029b1d0aadc,0
b1e220e7a4e00728007d5303439196eb6ac06e71,0
64823ffc2fa2fbc65121452a34218eade402a721,0
289c2106701fedc19fad5cb15b08d8504c23eb1f,0
e2c5316e7f1d698380f926e1748fc19d59ab25fb,1
8f50d20fb3c8509a07b0dfad92ef630dd9c21ad2,1
cc3c21f6d5915d2bad715cc9a7092789b0865b03,0
599ca79701cacce15b40cdf9a487448feb1224ee,1
6b2eefca61332688fffad74cc5ac30e2e8c1a86a,1
9abd01816f80bf0668d6ec00bdc5c4f3e7b13e10,0
6cd3648113003d5c2edc47e6d3749df2df402719,0
45073c858c5cf35cf38e44d2b8fe547c6d7b3acb,1
8aca04567d72d64c97f3b81c216c4d8c54eb3f96,1
df8f9e0a2450516e92f6a184aafe4f3751e3bb60,0
7c5d2e7dc39f7995b627958b882397e809df19af,1
806213019db4eb74409d1cff7e8dfde88739d81b,1
cee801e095720d9b7f09a9241fca3381dac9f64b,1
4e0b25bd29e07d18d85df69815be4b1c85cbfab2,0
58839cf86bae4a669b8d5188509e7892363cc73b,0
9f0c59f5ec786514e51db39bf30e7d8bf8e2e1bb,0
fb5651f8666b315325042db3ca0c563f8b81a8de,0
08b79cf4694476f8b129c46884b4c25cd5d0392b,0
d0be6a3f28c54af84a1eb8b376a1dae88b919bdf,1
694240fa9af1417fcee8512dfc61be4f17c91ccf,0
bbeb74c83be0075507e59c2fe5c0a43901377bf6,0
84247a9c985eb98fa886c2e4f1902498a1748b8d,1
dbe553b2ab9a07d6c552782fa08ade6e437ff0f6,1
7ac60f10921a2d61cc938e584512cb2192232e3e,0
153db5a02443c5dff2d6fc36020dc4ac9ca2eb61,0
bbab587e049d4ff9ee16365d6f2c348a87dd8976,0
32e4ba41da56e0a240ac2ece2545bd284d7ad638,1
0df328ac2559ef312c1c7b63e84021c0c6c49349,0
ad435cae5b540d56c48368999f8ce448bc6a06e9,0
e2437f0561dd2c54f28e73cf2b6670162196ecc3,0
c4fb9f22415881070d37797c6dd6f6e67cf84a86,0
d80b5a21bdeb55053e3426fe01573d4088ffaf3c,0
5274dec2ccb58c3ff9e0f7eba6db8dd1b2ab4bec,0
61eaedee9f3b9b754e10652356dc00743f9bc84e,0
a328a77448f2c7f98afed4d3450d9cc760a337f9,0
1e98eebb201e01f0cb639ed66d6bc56af16ab080,0
ac21770ef02dcb91bd154d1a3a7847f46c951a4f,0
4645a070bd51a073dfa526557c01c327706c82bc,0
98f72fff243375834a3e181c1942bc81ab3c83fa,0
713010c7fb031ac8e2773de056a947057bbdcdc2,1
c4761bdee767291ed9d5732e1a6addaa7737f1a7,1
9af15a23a12ab971ef8a2b699a179cc5538384d9,1
a6cf1fd9b2a191188ea9a70b3a7fb9c5970d24e0,0
4c9a3b3d14d4799965aa551cd23a253b1e54f545,1
3753f3238be8cb0c08c9a01db1ffd77ae7511dae,1
bee58def0f31916d7b5d2dc4f0577be45e6591d8,0
0426e2921607bbd2da92291ba316b882bf955ee0,0
171a8fa3345d9f2980e0b01daf683ae2aa3e25cf,0
df37f68fb9ae7984039f02f2b41659240110d311,1
86e731235f407703c49f2a0197111e705cd6e94d,0
f22742b31938d88a19bb4c02a671bb49ba40b5b3,0
0671984cf5a4d7b492b7cff171eae090ceaf73e8,0
ec7e55d7ea80e9dbdb586343f25afd7b1c096531,0
e242c7f3ec117869b6388e957738ed90e1f04860,1
81dee0adc6db3b3760d8e5345d55fab08fe5f860,0
530cb2ff35af95b612595b190d6392494672703f,1
d61fe15377514d6e83a16d0d6bde56a6342d1c62,0
1f87846c6b1d1e901b6c709f44dfc7fcfbb3db7b,0
5f5bb9638f3f160a254bd26ce0d43f2dddde096d,0
2c9fe1dc64e0e5d3757928b4d3a0af0bc652734f,0
276c38071f720585954eae4d25b524dc8b7ac039,0
3673fb64cf1c222a2bd7ea5b72eea20ee2646d79,1
6a49d3bc00ed00089ae01aa16c4dd80738313836,1
651ad76045eb120d9101141fff3eb7958ffc446f,0
c5f252f6f6263205afe23320efac1a6c02f71246,0
16b9d0eef99caad2690d9728c2be18e1326bf7c9,1
d3cf5ca45232694f5df7330cbc296fcf9d1774fe,1
8409032accfe996a00198b57faff03971dca10ea,1
defe718f447916b217b84df25e917459a2b526df,0
f9b667f67ce973a27589298ce610141ffe27d012,1
d27ceb5418a80aa9c038ee0dc694403caa72afa8,0
f91953c7640e1b09f2dac73eeda37b7a660d395b,1
c088df0fb8bfd0a31276a5867507c367d02a4db7,1
6cb35a9c87363218348720e7ddc148a8c033b82b,0
977c56f1aa03cfbbf7a4e26d3a1f29f6f664970d,1
6b366cdb8f266844e00a567529753173b6898f11,1
5b39bcb4dbdc2827ef6b17008da010e77c41b6b7,1
09246e5edb459794733eb91aefadb773bfe7d0f4,0
b847e9176acf7f36f925c746d08536ba24c761bd,1
8ceec7409826a28e5bd1e275ac6fb55e21e0ef39,0
11b3115c0b3bac73a95275455c4a4c57572b41da,0
4c0df88cadd19a4453e072055c8f0974edb4726d,0
6f347ebb35bb843954e88037d7eb9513fb5bd75d,0
a5c622591d06b0c32c3b7aeb0d353df88688a61d,0
660ff23f1a0327eecc2db7231b5e43507aa06bd2,1
7863df3101c5023686e6db3bab8bfe990b06e558,1
fdea4e14eab4ed616b019fab06cc03fe5adaaaaf,1
3804760a84ace1953498fe1f24300f2d6ed3fd68,0
dfe1169d44026879268461c819c441b78f2c115b,0
b7ac5fce51318eec0d42e6ce5b35128aad11f934,0
4ad3b1c5c5220545de01f41fa57c0d542f976a07,1
01122d63902c24d56dca6694542237c16ace988a,1
a191061fa537921302cf4ceffcfebeec6aa7c0ea,0
45460067e1858ade698ce3d5970ee75265fef1de,0
128c6e1a22261a8b01b310714e6a151a0224e1f5,1
6712021866ca28af09302a2e11ae222fdb12dc0d,1
4e6ed938e8cb01aeb6cc290f9da8cdf0df678597,0
6aaae35da6582b2e314fddcac3a539f21bf1fe37,0
5be3320dd344bed16444c07572aa451d131d71b4,0
4740ea9a863c7127b9227198e8ac41b45ba204da,0
ac4cbdcf7db584f83d68606e8191e2946ee91ad7,1
eccdc05266034f2375653c138cfd7b756c87227f,1
0d8fa0c5255dce220bb74ce2ccd15615cfcc2a4d,1
457d6eee87a0aeb93ec0ec4077da3a3cb368e16f,0
1146653c0d2028d65acae72500b4ffa5a4b45f36,1
011c2ff45bba6226c20d5f4b9418797d25a6847e,0
183926f6daf611936b7fbbd29fe3cd38b818c268,0
7dbc6d0017dd15eb949ed34d526ac91e9dd41417,1
e0b86d66a79ee5fa0c1bdfef8f4fcc414244b63c,0
f0130673b336ff55de7d56759ee51f5b40f2ed35,1
5ca0658ab4c24d26384555be68d14ca1177581fc,0
a4c4881b7eebce779de3c830d19cdcccae2fdc21,0
3b99ec7fbb45a759d21011e52c3d3b6fa4a5add0,0
2da72ddfed23de7315c16f98f7110a9d00458882,1
835a238c412f49bb58d282fa234137b6d43e4106,0
d3d6741af8d902ec1fbaccdb134bf130ffcb7203,1
67be7823536fa87e983b3d198a612d01f1096df9,0
730d292e1835f9f527591c3a78282bbf9e009fe9,1
a775769f127534de22c5d95ff0925bc5f61e6b21,1
1b73650cd28157a887098665beb89dfa1fb564a6,0
3921341dcabd03dc16dfd373e8821e490a2479bd,0
889e9a2fba3b472759b2e34cdaed1e6dc65afcfa,0
77ba51e82feafa48a3fa2a585d0598f04409f4aa,1
edca1dd756f1fbb49a6601ac0c247b894a6356bf,0
32ecc14719da89b9ea25d3bb94d1a7f891dc1d90,1
2858ec0a9f8d25d4219343a5e0123e95275ab7c0,0
7f81fd024e44959537b87e76507c0f2a2c2a395b,1
ea3adf3696343a49136bdb009c6c41b82af50ca0,1
3517d1176e81b8b489a82795aa1b734a3a871d3d,1
8d7ca4b87354cf6fae7b0f2ccf9e8572bdb0b6ae,0
b896f7a2d3958fb413904aaa16bed436839eecb6,1
d0e19c246a617d856f5179d1c19008227ee47df0,1
f3c5532510f609d78cca05f514f8f89d365e2324,1
bd7b57fe7c7f30ace5b89ea35d4a1a1b2bf6fd0b,1
4342eb37e92573eb1f8e66f27e5537a9c8d72f45,0
1488937c596ef474942db8d8fd6afc6b55cb0bdf,0
8640c3d206b0af064dd1f6d8d176706405ebef15,0
11f861ce5fc037f779a252da27d318f994d871e3,0
ac6e6241b5daa2e6f43a25bba00319bc95210db5,0
d6fca2647864148ca49f1102ba0271e2d561a7d4,1
f97f9c5f98bcd2b23a5f618599aa9cc55edf925e,1
d11db2bfba638b918a83d0983a8a93d1db42a6b9,0
96f76eef79b26afbe2cf568110b3a623e72a7e28,0
6e29229f343740c92774d7f7da260ee03b6249ce,0
a354276212a74bc20c5b8b064a7ac2fc9356783f,0
c81c9ba88d995942d25e788288e47e7cb6158437,0
7d93bb97149e04b2077baa512cd9dbef1b1c80b6,0
1ea8e68ba2f7ff851a24d583298e37830e951c3a,0
0485e31cf75ec1e11824bdd99bce33b7ef789179,1
98f2afa67760cb8bbe822c37ba660cf35e3534cd,0
0d64912c9ee91d32022431d86b43c96948d7c0e6,0
087adb4db8ebfc4d446b482487b85feef6e3bba8,0
28cc46d9e3cfd1e72d8e05844d1969933e28951c,1
56f0782b248f6369c5a637b8ad62da0ea0bb9683,0
45e1da7d9af66de141e8c9e9514d974b81be81a2,0
52b901490e4bcbbe977d3516311500e61842ecb0,0
f59f487573d1d88667cc3148307f6c94a03ff14e,1
093e5e107c29021eeac2a7b6134b0d5476cd2db6,0
857c61f26f540232d94c34562294e30d3c6af426,1
0ba482d8b80c3ce2b6c024c4efcfd9b692c29e16,1
48f477a5bc80b1fd1b881b4fc5ef1d9c41ddabac,0
7ac5f4915d4b1d1c18e2a6f08688b07bb39ec27f,1
e1dbca24dcaa5bce721f810ce50770aeec58836a,1
0ea8d30c246a1c8866968c1613d20bd4941254c9,1
31236d76d0bacaa04032a0e96d7910dc74bee338,1
499638bce5fae04d65cb8cf7a396ce4cd542d4bd,1
767e71f8ad56d9e01cd98b436b153832936f536a,1
73ed49ac4529683e08d9848a607a887ec6f57e6c,0
d78068051f4df257df39d082b33450ca72b31238,1
dcc0f8fd17b8ce0f7c8d0ebfd03d5b83b232962a,1
277bd006b8cd2f9d7833a7148c8d676ac906bfcf,0
0ad8523ee83a26008ef3d3f7b14816c6cbddc003,0
be7a7654d1b268e4ad349c1b4f63efd7b34f35d7,0
a8e41858069d11c4423a1154337a42b09dbdf6b2,0
b589cf0bb54d4d0b0bed49f8a50ed4ee74b7cf64,1
45b6a31063c6bd7a18758a9dcbd1b722be8d0007,0
c6fa9999f207592acddc8c794e7d670c5cba292f,1
3837aad9d1f321c7bb68ab54a283d169e61beba8,1
8d7a33c84a286c33a4d43939ec3fdaf374e5ac39,0
22a79c9d9e2d2fec73ff409b5b68d54c8c51dcda,1
1006ef42b94ce34889f62403018ede7db35f6ccc,0
6cb5a4ac9f2f996f0e44165f7dc3b95a9ce7da16,1
b5df32f30312a5af52a99741e143492ec4874b41,1
db23e0c224f5febccda69b1ee6e7d2b7f69819b9,1
d60e414432482ae42be09ffbbd7cdb12f0106f7d,1
3dbe488656f302111d0de6a59b5b24dca09005eb,1
ec400401c0fabd1abf2a2b59c0d960b73bae06e3,0
c6fc26cafe5d6f84aaee0905e8cedc290d8412a2,1
269ca1e7dbc71d3e2d267b0dafc5a2eef1b82b04,1
0f745b86524ba4eb5ca86db919f9af65bcc37ff9,1
99859e2305b6275ae31fb4b43a8aa6cd5072e9c3,0
088d45fa462ee03f47c9078dbbe0a5dc2f71c1f5,1
da3e6b354f7a0b938053d5fed1b68f40294d67f4,0
14c7b03dfbc423eddf5f1f9c97ebea52f0fecbd3,0
d152cb97a17f5137a6d7f0c60bd4a99fa34447ec,0
f0f64ba827a4891f196c42c0151ddc48928d421b,0
b51cfb8ec44a713c8a957e6c2d7233bfbe4f520a,0
50af7e4157467e4bf99281e146aa381b4a8165a0,1
2af7f6805ab7fae42270d36b23d279f6a2a6f6e6,0
3bc4f81f839a6c6d1221efbc40c1cdfbf55a0beb,0
846fca0efde134467495841bf54fef20e43d089d,0
e9982ba8b0cbad5d6f46f69bcd0843ade682fc4b,1
814e1cb117d6db5a911ca632e869d9ce07bb7ca5,1
55be36ad311b3763909f3cdb890e1b51534c4599,0
4932753c15418bd896ba9f697e8e8f8d89d14046,0
b3bd2f697a0ef6b715c53158b4e9faa1ae8463ca,1
841b78ccaa74cabce061be311e4a7bc3d3e4c05c,1
4e696dd29a326e3f5a02e60d417655a3a9fd60e0,0
533210858bd23bce2f941c79bf4fd541901ffdb2,0
9ebc11405274d3276e4d164665ab8e684aaada3a,0
6d7b0a95aed89c0c68c638a9b7e12cb017c63f6a,0
0001b13d0d0f66d147a4167fca19fe22721556d4,0
20dd3d68a6d40008b71a3f5750c57cdbcc6c22e9,0
ed5ec99f1b836d2e7eb8e72c088f993453946fb1,0
5872762148dda76049a571e3c54a43174b401971,0
12c009fcd38fcb1a859011b7dd84581cba87995c,0
52d504f52c4ecc2036b1cb35a4e3d22a8a10cc75,1
5f82c7702cf3cb9dd4e3a4ad80a50e968ae45777,0
62d50cfa4e776972d7114edef690cdfcfe29ea25,1
82d309f40754bbab3201f76f688c29d8d5da31ba,1
0da1475aa9774e68f03c5e79d44c074efe0cec47,1
1698e105affe18bc4cf019079ba336c75421610a,0
311fbff18a75f004a8249b5fa749d8689143bb02,0
ab21f4b58d6faea75b869ba938a5823b837f3b02,0
285e1c558965eb11d5e1cc66b8ed7f9728b7ff55,0
7f31796fbed09526d10c8385db95f2bf6acac1bc,0
aa8979490436491ec6ead42917ccf225a07201c4,0
e8dc1d0932ab2d25a348f8b080a17f54a0e1234e,1
210a01e0e44751e57e8b719f3f7704ec4e0ac110,1
4ab20adc4266437d99ed9227509d717737337990,0
7b274737edae097bf38afa3ee5f57463dd57909e,1
4f9198cc21158260db87428c3dd57ae4c6976bbc,0
d1cf76c488f908c05d843b19ad11d570add6581b,1
392d133e46f950ec6642efede73c3c88890cd68f,0
29001f6c4e592a2aaa868d7fb9335598ebe04108,0
8a84f9709d2e7cfa1055bd16b5b55f539784fa47,0
8156581a71fc17d18a105bf69993c65b1aae665e,1
e2dca6ba96eab2357016ba67413453929934f8af,0
8585a13b0e1f84ffdebb2a3223b9426b92b6fb2d,1
3572727bf324c1d351715820dd5420278ec7895f,1
bd4b84b934b3b84c8eb2ae36544c5da303ca4a4c,0
9cea24fdd8a850371d47d72b6db228c048384db0,0
3e29b4f6e7d41a5c0d84a415f77d11a8b8a5e571,0
66357817d7b981db8f1658bdf3b0804777958861,0
7534b94ea7ff8a330a1537d5e87ddc8348082c92,0
dd101c99b40c06d205218e4067074287caeee435,1
d11b956961914fd7ec22698b07ccd809fa122a84,1
90c16fc2612c3b85389e70f95390d0b927e5db30,0
02541a28218f88a5119e61a2e1e486f0dbd871fc,0
66f14e961f87959d35821570877790c98e283e15,1
edd2e02a43130837b827ab02a33f959af8172d43,1
f197b10f00b108319e591e60ab76297848489fd4,1
25d482ddae28e01c59f8642ce9204e19578f2d92,0
88ab644bcb11b5a3e341ac94ec1007f28c75fe5f,1
6ec4cd4b5bd12a75c765027ef9ff119a1711209c,1
58fe282e767771cd38eb7a92d2d8b7ebd3251c8c,1
3f0c55530fe6fce87a8f3d729b103befa1675f2d,1
7b1278f5d5dea9ed9e9435dccbe9f8eaf7458ca6,0
ff7ab4d25643f09781fa73313744efb9e63c4751,0
829dfd6ab4606e047192a6323c2c263eff298cbb,0
ecaa84f88b4812f330b6c23060c7e12372a805a6,0
f51a3536057be3e44981dc20271c49aa717930c4,0
7762f6041861fbff1fb4b6a2563da07012421b06,0
1c5c7ffa87f4a68ef6fd4d78baccc9e975dc285c,1
b406e09fa6fa96e236910324f63fd0e8f89a19aa,0
50295f3afeb012536f87a7bf4d84c48d3409a32b,0
bc5122ed13d4f00cfa321bc5049f1adc705915bd,1
d77d9ee0dada2f281cdbb21d3bb1b41db1c80b0f,1
ad88ac698a23e8a5e3ae034839d488286bbfab6f,1
046d12cdacf04c6119f6bb375c66e89b8bef746b,0
6c3dbbd86af456383ef7ea0d3640d79965767823,1
ccc435e71afa6c1b4deb1d460b8c8869a6208324,1
c5d180b9d6dcefcea75845921234e410e11beefd,0
16dbcc4cbfa0fdcd5264cf41325e155e99ef4354,0
ab4d1265b53b540f9745f9d35b61ad2a2dc1001e,0
531a9f9a1c9037a5fd0d935cecb43bb8b4067f3f,0
4f42d6a8ab19bdf4f7d1c55f3062bd130d9317bc,1
61d31c864723027c0ea5f731923af8757ac302ec,0
951e22bf3954203dcd2fd4c23e294bc8b6c94d90,1
2fc181ca571d4a251a58a818e60a2a8683c03cd8,1
663c85bd46868da47d07c4c66e4d7d3d8479043f,1
1618d8be9790cd3480c4d362ae1757f39bd6b07d,0
2c353e300958bbc3456f2a3216ef4be8e8ef1d33,0
276e5d11081723c9a712456d8dcdb48d03663dbe,1
7dda18535778b20eb3bf43f1f48df815344d041f,0
5b06f510a3ba5441c667d9a52494771951a78095,1
1e1896689616cf110ce78587c9359d4fb97fc124,1
b97aef2884624058ef286d741009db7329dd6afd,1
574a0a98da5fb0bba889534f14c38fa813643c17,0
1bd2f37de39cfbf1f6a96e0508e66d3ebcf34738,0
f487b3516ec1efe9acd5a202a7aacd1c8d9281ae,1
73e429395e937c1b78e60c9c6744b010574e364b,0
3a8338dc8d71cac6bbbf8cb819947f4420cb7960,1
44aebe23e75473bcbd2b54fecf19d223a8b8d424,1
6b12ff39ce6187522c5ed8265467451318ad2285,1
abdc6e4b2868e7321d5230140aa8188bfe7112f2,0
d2ddf50aca5c91508515de21f5cd3f4d224856fc,0
e501c7486afcba2e30e04b84f1f22fbbc2151919,0
2dafa70d1a756314eba32c7d15e197b9b907574a,0
1d8044758f5a39806a5f804e2288375d6f255598,0
a596766be08c526a322d6c327c6629fdf7192a50,0
d3cef0f225f003bc4af6f27f4c31539aa099cfad,1
48b63bc8d75c19e319f17fa477726d9ce8647175,0
ece9d3aa5e22400a476a92162c7951458a4f117f,0
6f4f14c9e6ac0a1902fb3134bae040ac6d1c28f9,1
177e69be9ea584cbfaafa5a9ba73a1f07ce498f0,0
6fa433e58aa8e8fbf60238288d18d1219a47feb5,0
bff0cd26dc713f42448987b8a5eba70966a448d8,0
bfd73ec0f91c0a5ad9ad58e94103d60de9294e0b,0
d25fd1914bafa2af17b112f771b805a6f195209f,0
2d526d846b5892b146b1e8db6b39ca45b264000c,1
c9dc83d261eed454c8b862513ee4a5bad1e978d4,0
fda64f76f6de9c403aa9ee91265549d77a016994,0
20e8d5881d894944ee1cc70ea92d2e7b6ec580be,0
aac812ce7b03419ad7c0b121aaecf1ea268dcbcd,0
2433c03a4ead2f315f85176e4d1488c2bc57afa6,1
72db416876dab86bfb5e5d4eb179c4caf96e1a9d,0
4083d672e354ca157b396e3604d929763a0c2a21,0
c98a57e4031093fcce49365553fe0206dff61b43,1
d9c3088cf097fc63fda5c9e9866eeaeb73353a38,1
8ce30fca48a0258cfd45709f7e10c9803e57b0be,0
49af2ca7a7f592b51aa793a541428bbaf56542f6,0
09124aa89b4ad2f8101e2fea16928914988970b1,1
457838de54ddb1c2896c739f2510f7e205c5f0b9,0
01fd0ae88e92876362dbf718bd4b8fa0e6b4bf37,0
49238e5711f40e4da94f4317dc14fad7db6486dd,0
5888da5ee7d06ce75693ac188848a0f197ddfc61,0
9fb9e6218abc9d8b12970bcd9310734c15de8ee9,0
e2c47b58e42168c7c98af118eaf17459182cf1c1,0
cc77984a365baedb92b7a960c6a09b6b1255a915,0
616981fca23ba6057e9aaeb82b833660810a4f40,0
115450dde9f0fbd4a4c773cc510c27cbe229719c,0
8a59e029bc3b275fdd3eee92c6bb6d069ab43d2d,0
2ca66f00acc4a7a0237eb2dd8ec88b54e1d7c524,0
77fb5b8d8e0a0364da359f663faae9d461df5d84,1
f0449fd927436d8f5d1f7dfe89a1d63961942da8,1
23a9024b35c12326707b2e4f5980897f7007dac1,0
dd5b61af6cfe124c06471108799af8f8453713d9,1
34d6bcf496246fa86ce05db129cba7ce0146a8cf,0
3ff8bc051964e799343f44ea49f7e523b67ddcfa,0
622c274be74eb0d0fb8db5f817a593b6639786c0,1
bb5c8fec94a356aa69e51a4c17a62c13a082d385,1
a808b12e2e7590995082bc1bc781e28feb6429ab,1
155d0c99c50494497385b67dffd19ff679d2bffd,0
0ed434e73b1d04e43f60e7ecb257da626e5de511,0
2c4dd5e8a117b173887d528595d8a66797a1f329,1
c78194e80ef2ebf9ed30791be4e3b512919d6003,1
ddc82aeaa7cb1ad5aa5cd5e14edab146ef749e4a,1
36f5d5f01c34c91400cab6b46e80165929475b2b,0
d8c7a65f6e30250f161dcbaf4abd271bcc1048af,1
da21d1e726fe23012bbfb4a7c5e2006fecc96336,0
88ffbb5d5aed147000872b3e33d8d838ecaeff04,0
ecee1275f80e7387047609b2f1962c67b1a8d5ff,0
edbc1eadb258686f0bb28ce50c02e62091c5b10f,0
b4860e07bfb8cdadf4999aeef2951e10ddfd8d93,0
ffaa83ebd1cbbec48f3daf4b2d1642aeceb4418a,0
cd4e51ce4c437b427fc75cfb008ddbb140c2554c,1
29df7b36ef22fb791c088d1e6f9759d5a5dc0bba,1
c376564fb75b0655f8c6f6610f92eb7ee23965d5,0
d859b8e1aeec7a5f5524426ff3906db7f1d10bd3,1
dc3ead63427d6c5fc2f5a6676429d726b9b484fc,1
3fb339fff21e32197191c1483b925955d6b7bb23,1
4fcd9648b1c21e5786dfa10d80a5fee6f5a25ea8,0
03ff33d4962ed5c3fe81762c8560f8ec7eb51cbf,0
70a12c62457d364a8f8012c63fd10971e1392504,0
8ce8b5d98905037a66c3c59f65f9d10603143ed7,1
4286c5b7451c9acbfe77856e8b7f9301b9a70b8f,0
a73d0322c1fd887bf2ddce2319ccc5bbbd91336c,1
8491b27fea61192159592e6fd643c9718d9e9311,1
2ed77140b8fdc20f8a3af7b5aa48f97d52db77a2,1
90e839820a3eb5936e9ba96b4abbd956cb81a7f1,1
2ecc89d7d502dc88a16f74c199d7c36641e91ec6,1
e10aa45a747cb81900a532e492452158c75da36a,1
4890a5d2cd30a479bf4150d883a458a661b82c44,0
23da53362f885c95a6a9fa06ad944e4be4a15b7b,0
342c3467d9f74aa5eeb764454ea2aa0e188ae795,0
75eb42bde8cf5864a86dce8465154c13773c31bd,1
76a713738fc840e43a478974f4fe2e8a007e003e,0
1c2fa46bb4552dc731d4f265403b75e783aaf50e,0
7d72783d7e2d49255164b9aa771ed5ce37a20683,0
f35494098de71d41d360b5bfaa14674baa49d741,0
2687ff14d603233a38db7c41e1461393411ed2bf,0
1534139d990dabf235e0ea0ecbb46d7c26b71dd0,1
1a5e3daf37ead13676e3ca9a953dd8d8aed24eab,0
57d29c4e76d2e71b2e053c364474019f2b515505,0
c9b0e7bcb874a9f922def9077eb562d3ced75f9d,1
881ce2aad5d75429f633baf4e792b68bc22b8913,0
a9c424309dc9bde4ac379ea36ce63d42aad43092,1
483b6a57e7398759c134a88969f9b9e3855ff11a,1
6fbe5c49d746c67b35080fe8af82a70a50283591,0
5519d0f7c71350192f568f6dd8dbdccbf190e53f,0
5021f894a334692ad05455287bea4ce2be9a610a,1
ea167077f86a07020e5934bcee36b8e239532dd7,0
edc0802d537da14e4e0e2a9ba0a223005f6df2f2,0
11712f153e29b624411f7933d0b4c34d47cecccd,1
14865f256fec87aaa80fb8d64c5c2246d63419cf,0
3d8e44235c380de77574b8297889c70bb2b4b1df,0
f513225d82456d194e49d5f3fba01c84fdd32bfe,1
b032782989c3036459981507a0b3c97703c89bc1,1
06d9b27494c31207a0d1360367e595a6ae8fe432,1
b312f48bffb0c133017c83b9be56c447228b197b,0
b38d242b22bde8f77c3c359dda8420046112817f,0
458738b7cd48edd18d61c0bea2a8528b984e5a80,0
7012dc3a6719f4e8ea07205e1ccef00985deb629,0
87f1190f165b0bf70861d678879fea7e2287529a,0
c0118cea530210093135346a2ec87a702d3c0f6d,1
785170a209043d31613666bc96590433ff7be519,0
a12e5609a86b9767c5776f0185c1d2003d097d23,0
1400498095ca42253701545b18ce7ab1a30c777d,0
fa608df67304ae9c022eb432ee61da3e8e633735,0
da8e491210144a6d74952e40b0a00b0ea978e92a,0
1fdb22ad1913600e78c17d7035001c452c607337,1
b41d0be22ec50c01f040a99b9e8e332117e919b9,0
46a9b438b94b605895f759ebc54fe1d8a5ff6138,1
2849efc1297585929a95abaaf21c50e69e60aa5d,1
0e743edbabb37653e064163aa719f7e693fbf93c,1
2e90286ee5e8e7ebafb46a3124d2151e1666bd3b,0
d403c1171e3bfea16297ce78cf36eed5794cb83d,0
d7b2ced1a52b71f4775364153d12834d2c69c83c,0
4f81b36a7c95ef1e0a99a6af53b18f313311076c,0
03d4b8ab35d3bd097c5cc6d86e4158b1602a57b3,1
79dabbb8f65fe740a708eeba0faaa7fa168b0232,0
18ea84f93d53bb1576c8a659c5bf77c5d0f9e714,1
3af2a9af90441a8ecf05eac6dd566a9f04b97c6e,1
bb5a5505193f4cbb6c67fe417707bd820ffa8134,0
f5f16144c3586042bfbc8100ffbbd5d05c8f5336,0
707f95b885db1f3e1caf07020cc9e305416fd245,0
2c1c7b53fa225555ccf4324132a53f3d273a4bbd,1
fc235c93d4821c104bedf31a79bb109c50287262,1
60f8e2956f04da26d1355b4db972497ce7dc546e,1
d5fd8a6f4df6a2ef88907378cb2b20da9e94c4dd,0
62fddf3334fba475ae4ffd287888fcdda0333b89,1
f159475f0fb53c0db4d22008bc604cb946f91e9c,1
185d5a37bf2a0815721e5b349769227a7fc704ec,1
e2c1ffa954c41654eda8dabf6fe3bf14f3ff53a5,0
64ea757ad238737fa72ddc1ee3c6ad0ed208a8bf,1
6f8f19aeebc9630830a64f85de9fc7357119765f,1
94dfe1e68b55f3d0e73c7d8a2361564775886cb1,1
8d665243d9c5d1395494a82dc2ee61f0717790f9,1
747c9504dd08ab033164a60669cf3a3e8223ab16,0
f2d0a3d2f5c055b56fd3b0566bea279e7eff6bd0,0
c375c214fe9ac622b3a2c17e5b185f14700fe21d,1
97338a1bb41d76e4014c7031afcb81cc4795d181,0
d0f9bffcfd7927b24eef1d1b5b1745d664549548,1
ec67391903e08bece9283a099a7b4b512f349c17,1
f195663e6bf7cc09820996b9da22cc973a16c6cd,1
e31833f2a614aa346e55cae9f8b586e4f0fb0cea,0
592d23e66ba519e17cadad75034c5fbd845a469e,0
b4ac379c32f093c4907a8839d7501b7bbf052fb3,0
ca64ea3da70e38f188fb324aa84065c11418680f,1
f415193803fde888a832bf926c932e7a79d906ad,0
8a6eb82f7f7c2fcf9659858c6659f4bea49faca0,0
8a125a328d54643e9c46396362ab2a61c9178449,1
f5ba40520ab37032f141fb235102c744dd9467cd,0
5058c85c65e73078531085c18d3e8ba422c8d803,1
ab02e8a98b380c78290df1b75f32c62f413da09b,1
8363a66def3bc824e78746c693d1f9892fc7f694,1
053bd073639e639dc64a7e3bf6ecf816dd564bd5,1
b6459ccfa23657532bbfde7a0b457406ead088d1,0
f407c348a2d5d29f670c9fe58fc045e683fdef0e,0
8cd192bbdf85de750080583038dd89b733434583,1
ffed28cc285263c08dc21a3df06bb5e8ca171768,1
1cbcdb23edd1ccb52fd00bfe18820c3a81aec8f4,0
8823d776f4950f6da5c7bf7f28c86d3412dbcd4c,0
4744b2b79a57810e221210bc783ca89c68c253df,1
798ef7aede7315ecc13342ee3c858c046301f68d,1
fa8a98ef6200163f8aa4f004b91886d39d06b98d,0
4ff6d103f62c5a8191b542272e638528f4345f96,1
69f85f9a2d9f2a29cec605581bccb8617600e322,0
8767f31ad5e5f495e1906936da9e3789c7234719,0
cabff29157c76d46efbc42b1bf931e8e91c252b5,0
338bf4ee1b99b0e4802c48e4dc25fca5dd6ecd67,1
db65adc434f949563013167a218e5bb6a313a0d6,0
43c792ce0ab8a9fe39e31a264b367f9ef0b57f4f,0
cf65dcd622be2f5efbfe77f942906f2b41f1b25d,1
18180be4ab3f6a41070c3f4c3a24e48f328c45ca,1
4c9776cf8ed5f1ffc0cda3b154af0a3fd465e1b5,0
7980dda39222e1a63b07f290f29352eb4ae8f46a,0
ab977b0d5c509527c7ba0989298ba585418ae9f4,0
c5d9eed1891099b02b3d20d8fb8c7ccdaab4d199,0
c926ee4613b2442c1e58fa781e97bbe91a6fc5a2,0
084d53d05f90145de68624e560f765cbc95f36dd,1
3d2c6b8e1e559d61fb4c4033f5f450a31ca3ac0d,1
1a54c3d6615775451b9531d3007e733ee9cdd073,0
0f49a229f092d601b34d14bf32feb29a981ffa0f,1
ebfef86f84713193396a83a4f4da4c99242f618d,1
01346c5b2d153ab73431ecdb5391216a273e645b,0
031e556928af7c23f19135760020ec88fcad2392,1
5db35a11163c506d2d27bcbbf951a819a52ad5e2,0
0d2be1491e885928908fef562a900bbac3af30ab,1
1c62e8365dd2411da579d512efaf3dc9e16f1b18,0
142153d824c99b96ea2e7a191bc53a2af44b3d19,0
c5bbc4bf354b4e7ecdcf2421305d98ae8f230bf9,1
624695dbf5c794d8c5306a0ff2597d0999aef936,0
0c44f33a3dafe4031c533943198eb2f0bbe18468,1
7d6548076e5e3e6ddd5f4954d1b271eea901348d,1
e36708972c0fda2d1325379f7700e3d4f91bf1c4,1
a065b22e2874f94ebcf1c9e82ad9f3cd80193201,1
a6beeda8ea9fb593b20c5e3847bf2cbd8c320578,0
86eb85ff17e6e457927315dabb432eaebf6f4599,1
20701fc0937b71d5b9db9f6dbf872b1cda2b4576,0
e86c5dbe84ea580478489d06d20fc25f6b06c7ad,1
3426410fed37448f10a5c4aa403e549a00c518bf,1
bb6e1979aa87a04a3b736be17fe66f26f9b29b95,0
c718b4c7f143ad380b34b187d5a1cf9f60fcdba6,0
c55d3a1fba5cef72cb88dfae4a05638c4cb51d67,0
4738da8ea6b12a727a819bf44f31a9abf529c245,0
60de0e2773132edd309216e749fbf0772bc7a90e,0
bf650e644834810a33f2e4169fa3cbaf3251256a,0
23af26130f531656d3d83dc43ec17081b57b0ced,0
5556f9ead4659e8e02f8688b2a4f46f89711ce8c,0
aea71ec4f718a68aa0aab10fcad82c17939cb0e8,1
e68e956af0b2ddc5aa8b729cfac798a573b97260,1
d725488f6ff382c83da7305ac1b306b80143ef95,1
cc7d768da6950a09c5a34abe5b6bae66983bf82d,1
ac2f1f2a3450cb7b3c288be9697793af09073a6d,0
20919562f5c8087c532ffc910e073c46f9767ec4,0
5fc053dd76ecbb1c1da2a3d81f92e1b7dca55db3,0
1368e635c24d2c62233822f556ff5a1d91cfabc1,1
1cd8acee419abac614d084153760b531252fbb29,1
8836c51f683e1af323c95058bd3208b3e5cb3fb9,0
6d5806d57e14ef79a8e2002e3c87ca9b55dde08d,1
89b2a354b31242e67ff723b0d1e9f44f7bdcf347,1
16f2718a6628f3ea6cd783f234262dbf32c08328,0
d29fdaa46016011ac6fa9fd2ce24f3e1f6bb0c06,0
f355fc787b8cfc754ce5897b02b825e842ae5970,0
459204eb73c0df1c06da8799c4d300e17f01d8ce,0
d21e1a04e0f92bc55413a670e2c3ccaa9341111a,0
598d5238066bcc6297585d378ae72efededb21a5,0
d3a06c80f6d6a8234e4a8f83950655bd77679dc0,1
3c00126e148e992cb9dc5f4c63369184dc9df9d3,1
a7d7850e7d0a590729501e30eb79cc28e207cc82,0
f395dc7970bf089ae0163264e136252f48205f82,1
ce4dcd01e68cc78a634f80ab6e8d895733a6f66f,1
96c63d2443d926d2108f1c7086885353aa5cf27b,1
560cd2b6bf456b1970a47acaf5c2b7151c5eb598,0
1d01c9bdd14ee7b53fbde252f4035923c120e459,0
29eeefb840b77198e76ffe3f65a3cc6629006c82,0
1e23d1f3bba97bbc651036adda7960a5e58a6758,0
cff8a82b8f3f3cce69847626b0ddd448a83e5217,1
153eb094c30d324d586124dc90d3b711307b524a,0
e5a4de11ae93ca3e8b7d381795e5150f25909ed4,0
c0b0dc5cf069ed776cc5578cc92fcb3a33adce50,1
68f6e7e65ace844c132d6b9c9ca6e7fe537b83bf,0
e25f92832241f2ccf66de46ab72f3b64c9ff4d8c,0
8dacf53ac0b0c9cc550a34f4e2ce36adbc6cfcc2,0
6e2f8d6ba06cf2dd10f977c61a6ebbe5007c884a,0
4af4a83f16452235c5edafa07f09e0d8a79cc30d,0
b2703516ddefd6b6bbd4e083df4f161fd1b94e60,0
21dece95e4d53a63453fc7ccb4a9faceef47a7bd,1
b5b776711db3210c7fad8af3688bb5fc360cb34b,0
6110bc3a191c3532aa53e2eb529eca36e3d29e06,0
c5ff7b616b822814641a561933b9ee613318849a,1
6ae228f75aade1913d2c876a901594ef1d462f6d,1
bc37b367a57e88dde34b5923b1d1b3dee11ca21a,0
f0e2d603fae55af9487af0f590c5c883cef98c64,0
20edd2a60a22b6a87a3426261322189209428546,0
4bf4c27255974808be1677d183e613cbde91873c,1
e9c57237a970dc3ed17c3717e1b549176d83f6af,0
023235e3d5e2408966c65fb57f06ae65a00ca76d,1
89320fc739af248123e2b82324a7f88a51e08e5b,0
deb98f3775f5d9bff65606c520875f4ebcdfbbb3,1
720759d903a119f4d438453dc07c364efe1b61e8,0
a136fb845b45791768b992d02d754d70103cef7c,0
ce6ee4bd3eb700cae6b1d67d2a37f9f55a0df5e2,0
ff7bb1ec4c2ecf1741d9d0698ba09a3e3105b179,0
340bf9e0dade57d5e15f92b74f2304836f6dbf71,1
3008fd30fee0c63f6e5e2c3b3b81ff493616b417,1
54e87eb2f055bd304b5f2ff656e1941f3a749730,1
4a0a86ad1153cad751382e20aabd1d1a4295fb3d,1
e979bd7d162e619d3f5d1d98112e356c7886d18d,1
df7957a87462d21b6af61ab3059a302d2dfb0c4d,0
69a44aab3dc3253ef7b834d992f33d3e594cab74,1
573f6d1e8913c0a43cd27ecb158f5ccf165c63a8,1
7eb3b596080e51413e7f6925f6fdc5c2cd9faa29,0
95be9e3a33b1d8958feabb231365d624b8cb20ff,0
7d34ae5b41abe848c8df94fc03f90096ac377e21,0
dea8c23070c56996d6e8abf37779f485fd561a72,0
d1d6abbe9185f0243866331f928e84d336e37740,0
498e2485884a9a38e728d4cdc921919c54a7d949,0
8e83e51f0170e8163e3f32975fa75f7335c55198,1
52b40732b3d284d3f72237557944587f0b638b05,1
3aa5af4c53be50f73ce9eb1a0bb81a664f6b554c,0
8f3fcdeacd93ebf18fbdbf6d91ec49c183682733,1
d5919ac9f01404c580b4c176356ce33700574627,0
b5408a5679998d1bee89b3aff1f2a972022ab8f0,0
e41ab93f0c113125bcf88434d8f7cac3869b2402,0
57adc6adbb71cfcb390bdf71043fa4a39caae8f2,0
1f76ed0cb7743f9aaf425225daad05c38f8672f8,1
dcad4ddb6ce59026cb9b0a912ef784241c8613e2,1
a86006f1f80b2d50d6f93fa37fe8871d69323760,1
68009e8365402c8128e75a30a14f55e15a6705ee,0
1125fd56f5c00eed1f7772f4344af0ed8af7b991,0
38b5010e71460df95d4c9f3f1fe9ce3fb4f43aee,0
95b6ee7601dc8efbed1cafbacfab3454491f8ab5,0
949ecfd276a80e09476d8343f06fc36ffa04e2db,0
653d0cbcf26bc9e07a0d9817cc785b50777c589d,0
52ab386afc91be8f19ead9b8c1db5e76f7a8c57d,0
9061fd0d8b13e145038e0c0ba7f6cb6276226cbf,1
398a25c251fb48450e638e866778c31275549ac9,1
22cee4a3dadb4df92eb17b795962dcd2f979df5e,0
263c697dd22a45201199290b5a110258d8f0e1e6,0
3ea5289f6dda67fdb4776eab94ad0105b34e5669,0
a3ae00594011f19aeec86c41d739c0f000981cb6,0
57283058497900d8c5cd12399897589acd74f16d,1
e183c6f2fa8656bdabf27574738b886c5f8af191,0
ac3c5301d8b15d926b2158cb51a6b2d56f2f69e1,0
9efa371b15466257562d1265c476c08675edf550,0
70f9c771c012eaaf6b98b2a6b80f4c43fba9413f,0
77bb0f0addf41be5a62688ce7df4b560afc76e47,0
1f82307a614beb10b432606c0bd1f7495dc4e651,1
dce5181df74c82bfeeb76f022630c050c4bfade1,1
787f7984403c86543e19ccd7cebacb9b7375a099,0
bd5deea13d53a7353bdbf62b3e807247faa1b553,1
1cfc450273a6ffea69f5747cf67b07be3f0189d9,1
c2794d114f2103f04e7d18123a8a9cde46687121,0
612f6ae6386ca65cdfa6e3331939bc362b051bcb,0
316029c6f046e48b9435f0b82a9d460e7bada5a8,1
667a242a7a02095f25e0833d83062e8d14a897cd,0
4ab391a9baea0fabc4bc326dc98491c2ff6ef2cb,0
51811dc9710c4e9c8dbc5e56a79958102399abe9,0
ea153b623f146f22b3b903a599e8e181eddbd49d,0
b0b133fae73c07a568b3b9ef03f8012ca3508e07,0
d9c83a1e3675b8852e8ec0f6b9acca4ceea6f94c,1
3224b24f21c139dd35f298ac4389f950402b4fc0,0
844ceae2990a160a91e1261e8494af20bbc2c999,0
98fba60a4817e9b7defde32ee70cda569fbc65a7,0
e1be323246784030188e26ede0289d6e89c8b854,0
5ecc58e46896dca3c256974413f02f08c9cefe04,0
e124d6a9b6c0a9ff50092c74c9e25466e90c8659,1
699ac08ce61ee6495f55100bc0fe3832eac4dc66,0
e474ac354db083b6a0ddc410e2195e3a47bd81fc,0
1c1f3fb8e8b6035c63feafb9375385f00358e50d,1
6a5417bfa815636d4aa34dd7d450018a5da4299a,1
1a4d9b89422373ec8c58986be8ddabb5e44bcf70,1
51df76ec00124e09b79431d35daf89d86db4fa2a,1
884d07d88e37d3e4d73dba9e54a88bcc24c4cdee,0
5467351322249215e7e02b81692b08458232b862,1
5a1c2e2a7efe6b562230ffb8eb4aff2fdbd0008e,0
13682039e848c6e473c54619365b23ffcab50e2c,1
d01ef5d220267c7e673f514f69056e2ee092a736,0
b77636f63f28cf7050a7b42b694c183e18f643cd,0
3e57a341c31d87966cbec869f79ad8b6c0aac744,0
fe72fbdf5db338965793a6956df81196bce64d6e,1
79fb6e3ffefc9bad2bc7fb68e04ddde591921dfe,1
4e7e5717d9ab0607e922798e7411eb25f74e72bb,0
98823f00cc86457f865ff6f6073108d86dce807e,1
c61514e87ac6ccd6abbad2fcc192553643df8c36,0
ccca40aa51a51201fa02b82af56263be4697a6e3,0
ed9ce4b5b48ce00bf54c9b993f2bf4fb0690f8df,1
1abbf276fc2afa054fe1ac49b7ad2fe936dd7201,1
5a4338806430ed5b023d924521d1f627a694fd84,0
e638db65f0a0452b0d188270c3eeb85127a4b3a7,1
57a89ddb57bc86f182b5ef08c1476e10d0adbbdf,0
a880d642e2f40268247ad4d90646c76bc7a607d6,1
cd0d858da298e61700b5bfec41394c6ee5226bf9,1
e3be2e3aa2e07fb313a6c8664722baa43ab7757d,1
1c132bea2447ead9399b18a6551488df9a5a673d,0
e4b0ddac7adf5303d9d75c34ce7e6e4cb8349345,0
775bed99da3ee0626b20b4e08409710feae1dd07,1
a44e17426cd65bbe083df6fd6e9e527277368fb1,0
602d8b09a2a92fb50e574479004d56576d19c182,1
99c8b7ea04bd354998cb09ffc0f13556118970a5,0
f724fa938dc84121703ce1d45a9e6aa585442e50,0
140fd2f6c62b576839c6ca009e03213c3945d0b7,1
3cf661d3ceeb892053b55d20fd9d075ec70e9a5c,1
e7369bcb724d8a18f18ab7abe06bf20b3a614bf4,0
8facd0beeee0385393bdc84170faac3bf9b85bd7,0
e9cd0f2a249bb04298a58b8690924f8f9956197c,1
02bbf4e4e41d597d77f9999ab963921675106b1a,1
bc94b4c1a3b7ed367bae88aa8d3b9b4d920493a3,0
91bc94e6c527c36ffb91c8997053409bd076d7eb,1
70655866e022b04870cc01ad96d5ac45795733a6,0
6fb554059556fc7a0a13a944d9f912db18386eee,0
3c4a3bb27b086ac821a433826b06dfdec83dd5b2,1
896783f29f7c49a15f7a955b191083271bf8c592,0
e75327b0665d6fda0bab7d9e4ca0a7891b47fb5a,1
024805871ff4d666e17a5d468be5b7ea7135e273,0
737e869d14424682283afe6d5c144b8fb1cc8f70,1
8dc4db17b5b9a6fc343967c308d113a00df0c8f2,1
2c073593adfbef07a5351ba9fd2e04142c936701,0
12191fdbc1cad4e5dfca48335f82aaa06eec0a26,0
0311c6e54b92a0012ef431805ebbf164ac37fa3d,1
a423da9c04fe340f366b9ce334fdfa28fb482944,0
b46f53154ecf4fb8fcb90c53d280c21bb2e10889,0
2aa44df321aeb116196aec769797f50ed91e48df,1
d24e17128f10b5ac31cc3958b54af0a1b537c7b3,0
b7bbe673723c90bcc06733c3c0db500c856d007b,1
9764ed77b5b2f105251923848fe69f49f181b07b,1
540e005239199c07dba0c50f025b5e041f26b764,0
4f7a833fbaa8a33c7dac87ba5ae001b6d688bf95,0
ba832981655b252de2f4472eb0dfa1f6418a624c,1
b502cc426a9370469773f3813a496ba7f214925e,1
3c746fc101f4d27e7bef524a3ff79a7fc15d099c,0
7a7d9578c2ffd31c74c5c024a39c5064556271ce,1
c9759d8004f5b29a5166e8def2e47b1e7d4706b8,0
2c0b790d565e727c92735d0bd08192c123d178d3,1
ad9737b8a77cc3822d9cd69a97a216ac4c5f3cd3,0
5c104ebe1857eb4a8af9bc97a71e5312fde42010,1
d818331684b16169a18741c6735bcf57cd1d2baf,1
86e510d90d2119f59f283ea3d16d76d57651c5d5,1
e35d91c0db1b6d9f8f1ba46a4b2668c781b29c96,1
410504ad07ad606d91f64a5052ce557db641443f,0
0889e31573098b47cadecbff3bc6ea798605da79,0
5177293a600655144cdd3e2728b5af136e168ba6,1
d49ca2b699c42331c0cb4b9a10e75fc750e44dde,0
a8dcf3fd281be56d6d2b05caf99823d914d3ad22,0
1abd711c15a6dc5b977238525f96c3af57f80c81,0
c2952d0136deb90115b4153492d295e361ba2dfd,1
11e13ca0747082b944ac0f07a76c7380dd950494,1
ae6066c3e7d1912e774304e652339134708a8bf9,1
d0f96718a7589aed3946f3a91b9d71937f1d04a6,0
026ede3febe21d46a07e9472790ebaf4ea918ab9,0
6e46e550ff0e1036afbcc2af409ea67e01a924f0,1
87d0e95525e27c9e39f518d79255c5ec57868d6d,0
d7ec0636f39204e5c8ab4a01abbaf822f8381349,0
d7c543591c743027377bcd9c394122303782ad27,0
8d422410cd3bc94025ac667e8e93aaa25381ac5b,0
8f828a2d04d67a43b28a8a8774da1aa03eafb863,1
6d1babf77ada6fcd7c78af4d3a4b0048cc4210d7,1
60f1ea88e19964ed32828fa5112d621075d19763,1
a43cfe7c621e2487e75d19793b022f5b0c46e935,1
d556af688c90850d896ed9e7f5808b30b84e14f9,0
58f046a724e7fd34275c6c989bbf6361d25b2c5d,0
1092c4c128c128a69bfd02eb263c1039aa1d5695,0
8bc3ac9225fb43b2c992c40564393c63e4c4c5dd,0
ece306416c470c66d7dc46b3d446f373d948f897,1
6eb2590d879754b56ac009b4c30e6c2855505367,1
8eda5a9d334afeb426d7cd72875bc7dec70f153c,0
6c16988e90611900e46c6e0d92e5a340f60fe792,1
af2b1e12abbdb116cbe6adfb2e1d7b2f8a39836b,1
006c78e9cd3dd3fd415de6492c86640e566554e0,0
6536a593c84cf8de86fdb5c8d92d0d8234523061,1
7b1a1c9ef988e4cc9783b9ddb4607699fa5e2d92,0
5a24753974900022d5dd2b32be65db3e5cdebe67,0
c2238f853006c571cf1eab01f620a8f1b78f92ad,1
31a7aa079d73c09b167dca6f76877beb6e2630fc,1
d064cd6884d168d2a6c3af2d76f53c3e29a0bd9d,0
c0b0b6757ad7b35e45cd97b534fa3370cd9328e8,1
bf840d11c5147e6e3ab59e5ae947024005ca8973,1
1de9a7f77072719fd427bad5ebceeeedbb9f31eb,1
f6fb40093afcdc7bde053b75dac393ce8d5b659e,1
5f68ea08a11d32c6336797b51b860ae08ec0770a,0
6647d29bf568cc27244e490de75666624246a22e,1
39561240fc083de5daded556bf5d0cb1dbe9335c,1
b6ee97265b3fb968058b7b9966e7b7fab2b64711,1
164fbfc4f1709941860874c15c31c4119e2c8a17,0
a566a04065714efddb821857b64375f8779e33f5,0
33e49ff4678544ab0ccd1eaf1b4bede0a463f10f,0
537bb61d12e8fe64a414cd31add0ffb34b6f1574,0
c711aeb7c62b2c8d16ea863ac6fe5276ccfdb18b,0
32dd4a9a8d480381f6bec645c01bca784ee1be43,1
1d322a3d9f821b372dc33287dc83ee250a985857,1
6d3c43d66d2528d4aa9628e5b3309e06cb2f8a16,0
9d2faa8ac97709b41b729bf5ae1313a240645bb5,1
bccee4bc79718be767e480e2ed574788a62a914f,0
0ffd129020436d929874fa8ba2d39da893c60997,0
11ae8791a911749bde50293e3fa188ffabc43d80,0
b015dafe99320e70cd6fdcef82079f383f2f0ca4,0
75b1b85642489f9a565e33a4660ad002c3424c44,0
5ca3a7fe6b1d6bd0f6f2cf9dba1c8ff23f2bb317,1
80bc869110c4c3bd88dcfac99894ccf8037e24f5,0
ec7dc5c19d27aed14ee238c8babafaf28ce2d856,1
9d07a761bbb43647f64c7d1ee787db2cd9a0465d,0
e3b6800beba1a8f3e77ea6375668d7f72fb9d1b1,0
be205e7c7965c9f51708a79129aa1c087ad7434e,0
9398ecdb5a9c2cf9283274a8aff2ae290ea1a0e9,0
93acc419c3ea747a0e14525219fcc0b92e3e6e7d,0
0a551b331a325ea181384122ac76f9805b12602b,1
e134a99fc499cff01896f776b2ef3e8bc9878c28,1
6409437f4e5c7af0c2327e7f617a698d955fb6e3,1
44ba771656e7599964766cdcd439cdb1be4e4191,0
3e921763ee07e618c240a1fad0f8f7c99264627b,1
66a20719c4db3179999d9a840c02efe00ff7e728,0
cd377b0172fee7ede3249a95661b3a1824f99024,1
acd507c6806e20bb1753a92e5817cedec10e4968,1
74faaa5d5fe07ec6c3b262c899f1c0bd8a298369,1
78485fb00d514f98fb0f2e96cde456d76569d693,0
29b7f883b4247ea599dbee7f4665b4ca93a1c42f,1
88190498527dd7df60a5f462514ae5b03bf9a4b3,1
bcaa44f900dfbbfba00b9f4a4c9e781764c826fc,0
2bb6823d3a154533e2c44baac7be84e6d8151b47,0
7035c5680c0e2b176cb1175921b2b5e17b2eb675,1
2ab57906929449a5c42adb1cd6d64671dabc26c7,1
7580d0ba5f6a8a25695fecb9ef3f08845a96b514,1
439dcf7fa0f4275130458f5ffc5fa09f6e8e6946,0
c80b8164f5070535f9808857d027c32d436737dc,1
15156e7366c6bb848271d69d0f012c83523bb481,0
2a926d56c865ecd27f6fc9fe1c95ff3809cd0ac8,0
8f0646c203189f7d95a959d6aac7fd1753ed2fa0,0
ad73d8768f2b4abb94969397195f8defc4b7a187,0
02d618944737340d5b706b324cbea3ca033413de,1
333e7dd4366e4e2899d84efe11d5fd50ea450faa,1
3875604e56f68dc455c83e0825f146e439cf26f5,0
ce45cbafd8478b1a7f2689d58dbfe7fc25b4891e,0
9a2ba46a33310494a0f5aa719e663fe679a290f4,0
8aea9e18a6d25a8f1c9f87bf8916147be7d2373e,0
d423fdc61eec2b475fd4f9a3b78f81a358248ee3,1
dbf9d0cb16c9060639029ddbfdad811be08ccafa,0
4cdd905f5287995a7f342694aeeb7c45dccddc4f,0
6ef3e2e7a3447b73d879c8df89c8261ea08cdfb4,0
a15080efdcdc766d713896b2ebdeec9b42f8f999,0
de2e03ecc1c8470f6ad9b67d8808476b19ccd7f5,0
875ba16845d89f4f876c7ba052ebfa689b6ea298,0
145aabe075b17f78869ba71820a4dc00d8001e0f,0
464c007447aaa57d90603685efbafd2384575f70,0
ffcd5d27bde99f80e2b6037222a3c24c07bc3d95,0
3247c5a9c436f72ab4d7ea80dad14738bca27d2a,0
50d4b52ee618fa836ed812d9542be6ba90428a13,1
cecaf1ba3c8123d52d76fa2437de06aa14bebeee,1
976f280fe06e99edc45e5680438fe27261a6cda6,0
18ad8bd2d55fe22b0f52447832c3784084e9a715,0
2bd4f2e10a7c88006e6a8c31f1999aa8f32072de,0
71253e39f1c095dfe472edae7b1ef603f22a120c,0
77f51b7563aa53604964a3dd6e3354e43b89952e,1
7a5b08a9c5bd1130596425e858ae53c67b2dcde8,0
ec66281e6436eda8527bc716cf4da1c250bf6205,1
9b9383331a1d6f1b9abd48c96303488121378783,0
72a23b1e95d0e050d01eb4cf9e5f10bd3c5ec753,1
1fa2dee55f7db548aae428e7f5d6b12aa4909fdc,0
59cae6981fb3f062d7177773304f641b409414d5,0
b628878060dc5fed343d00f561bde3cd3616678a,1
b2daa583593d2d2fae364d4141a76b9cb2e5b494,1
ac1d6958a5c2c4ab4eda3412d980c38bbc473913,1
b9cd5b34f78210dae60a435ec0328df12bf21da1,0
7a9b99c82eda0444329e815fc6f70c32b3add3c9,1
3b2720ffd1ef2c4d675fd672185ebcb0f70022a3,1
9b93be2bcec6eea58c5b2dec098c0ea0d7c9178f,0
9ba6022569c77745367992dda90f2fe89dca9107,0
1148f14866446801f0af94802847029691a332a1,1
a90ef2b478190c4be204f3ba5c69fc4608974553,0
883f365801dd9d0eb4fb1ee578379768356e2b7d,1
52a4281091721222143d2806c3f1581ca5e4ea98,0
a563cedf16011c77ce8e38f74fc588d7070f6f03,0
be12c1066eee72b822b46de730528d44d6c92121,1
6084ae86b60d3ef9ef5cbbde0f9d0cef24b0c6fd,1
d278888bdc954d50753989808711ed2d9fc7792d,1
a7776ddd5deb2159b33e70493c987af4f1aae775,1
b0b3b330237e1cdcc22a512c18800ffa7b18a74c,1
968de10638513512a061cad4e378baaf11f82137,1
259f1ec13dd36b59358bad287a76fc8cbd90ad72,0
490107e7c8b3546b95a6d4a3166d2b02bb1a62df,0
5c364f808e3e9cd64e8d5b72db6487404481b991,0
6d2dd0ef20b913b384cf133c1d965ce906063c1f,1
1b3ab8bf99a0f6b39b882b3e16c6bf37b6a5425c,0
862d9d7cd5551a7fc3a20ed86acc5e02e067bbba,0
8b5bddb4463a98e7dcd4780f4aca09c6b1c5b101,1
6627afde867822e3364b1ab74e75ea574bad8857,1
a4f16af6ef8d5660e51a96e41393075a3aba721f,1
2f02498a2eb874195e706fb4a852153713358238,1
d90a62a89b6caca487d817774cc5bbd0eda56bdd,0
0406e07daf69992f646c7a8089e0df2cf0522d90,1
8c8ace7408de845dd45430d56aafb8fd4e287496,1
9021ed35e844dd38b0553684b2c15b525418b541,0
e510023b0404aebe30e49ead16ba521b1094a9a0,1
9718979ebf979c9d40c505151444379053c76bc6,0
f735869cab0c811210fc013e333a4e6bfe6c0722,1
ad226db2611554088c6736dae281d41f62989470,0
7a01380dc150e9465910872dc9f23c88f3eae809,0
26fdc9a0a47bdeaa0d725e9849c49a3affc360dc,0
fdfa92239bf9bcf5f4232278c455a3c0fdbbeee5,0
6cff2532ecb9a557f7a9699d8405b06fce1359e8,1
2ce20b64fad5d801ce0ab98351a7a635010c7809,0
b58b6f714d78892182dd135e4f353dd9159181be,0
e5668f7a3aed999382ba4abd34cb8431ca58a031,1
cfe387f3db303902df4e24aea2c6852c3c3c6119,0
7e240dc9343403ba503b0a3b23a73f9436f48ea0,1
42529d1f6175871cb8d756014d57dd4d7290e948,0
7d23dc8dde3ccedc9bf185bc726baf89cd0cdcd7,1
00b3aa58a2057450bbe99359ac8e25586d335e4e,0
facfa684bdad2c84c1efc95c38500077c9ca172a,0
a4069c4fd8d40056566082dac4fec2dbaf5905f8,0
e3d4fd4c643590ff40c63ec9ac8f4b7a498fb6b8,0
0615a480f7bc839a1b9cb13e3e0e8bc5f07317b4,0
dc0b1fc8c3db7fa0612870d7241300f621d222ce,1
665d5589a4327be03e32e3fb1f774e355e32e685,0
14daf8d5423e5127011cbf0287b3a32644ed9f96,0
0df05cc2d2a76b514488827c03f06eb9f1a52683,0
7eedcbc27bff1ff422c6ca58c56d0f8d7883103d,0
8e006a148f5f19f8cb2947a8f0b6be165e0d99a5,1
4ca8f8e8a6d51995c0923f61aa465774ddd0a822,1
88e3e1d71677f5087644eb0d59db205a0d04a907,1
3fcad1149019516a78c5ad3ad2e4c0c8e8e5560b,0
247ce2b3f3a03778612d59c0e6396b18e6ced190,1
78de84ee51a9e2a41b12e8c4b111e250a9cbb3dc,1
ed56c3a8bfab15bb1971884c9c2471c664312a85,1
29004ecb5d74c3543de666274194dd0610b9a424,0
8380a6d994fc1eac3d7ecf5084942f60dff4454f,1
6e1ea944ae30c8449e7770f3d06863ff73f51fb9,1
e09360fdbacef92847d320877762e8cbee4c3184,0
00e600fa4f4b3bb6bec65a3917aca45fe2b0ff44,0
bf54f349c6945787946c406fbd63973bcd3acb6e,0
633e3b0b3583578bf772a82264e9986ebc316375,1
d64ce96c1a80e52829e9449013b1df8b0d42227c,0
4d5fb5b14b7608364eab64cd6bdf5a64aa975e8c,0
de9d4702b4330c7f2cd200474157746b37bbc369,0
97f17829941e462b75239343ce745041a9554055,0
01f02a0da4458deba89feb1de2f1e3345b3c8b26,1
629ad828e913cc2d951df5fb2b0694e504f0922d,1
96c87bf251cf3ea84cc841fe900de5a6525ec5cd,1
593f360b8df7c73b81becd0823940fbae2fc7f60,0
5325765b2baf0e2937bb9b998132f38c1fad0c70,0
c02555c1fc1cf08615e90073dd36986de1ac3d5d,0
76b458083ff0dd32c5eaf539b5dfcf03ab6dff29,1
60385845cd3d7b143923edfa3a44638b5d914bc5,0
5446d5557991234fbd5462e4b6bf4fbcde196be8,1
c313dccdf3a981261011ce39e94936dc4e671f33,0
31fe591d2a595dd0144c9ebedbc0df9f3d278a7b,1
8c02acb0f31fe90e520180ba81c7ecc1c3102571,1
dd6d2a7dafa5cbe461bc19a3b9d0f5510137255d,0
5f1f94a15188b53d2b75ba61a4aa3b0f9259a00d,0
5df236e817922bf57e9df37495197f2a5bcfcfef,1
26c053f57ba91a668a9db958bb2f0867dec9270d,0
d99dcefec88f48bd4a986d627f30421f86452b96,0
37dff516255ba390650eb52f181f8d2bd265170c,0
c3fc7b78816ea3566c161d81996c0e82e6bf1c4b,1
b76182a20c4f9c0e4dcb08641ca0cc9cfd76cb7b,0
76b7f0b990acf7b3c1767e5f55d290499da2ebc6,0
0e82f3b361339af19abfc9f72029cc156e96c3ba,1
b8b6213502b6105aec43f49bdc7a1817dda7dea6,0
a01b36ea8452d006256a45f23f83fa8eaca44016,1
248e55cdb4b912edfde328ebe6fb7dea2ea4b107,0
c45a9bf3814d9160fa1c6a46f7639b5f1fa823b2,1
25a8a349c431622f437ac83faef0403dfb6069c1,0
ebab7c91d4edca3126f8f8cb2db5ba49ba31aa14,0
4b9ce3eaa1dec4a57c462a348df4c5c7c8968e74,1
c26369b2a72b0af25349afcfdd2d0844e15d52dd,0
38f48c18de7d3d8c859ec800e0eff4e5992453ec,1
d2ddb53cbefb803061ec206f18e5d7cc2061b655,0
ee67365ab50638595301aff8a0a7befa8cb070e3,1
276d30b9c390b7d6488711636578deaa69947ec2,0
0109150cb8b8b703b95234d8aa597efc51a2139a,1
81a191daee2cf6420cce5dd29a8dd09dcb8372ac,0
ef1c9a89f7cbec1628d5f68596438a522ddbc75a,0
0d02ec380464c14c3c4c83404342f1d4890873c3,1
97de0fd0559ef0d498a1aca463061414a8a5b8f5,0
1d62170b67db18c883ca151793a4390ed98dc7bb,1
6eb60c62ec0865980ec557a2e3068ce6a21fcbd4,0
b2324204cd6037e11aa7e0612621e0dc7a98f029,0
0b78459d4ac3f1135fde1f46675348ceae90b519,1
04ce3165fdaff0cf96890649c1016b407ae25538,0
85120485a5e8b8244347495f57e9790987c2a796,0
231de34a092f71fb42bd16f2405239860dbc9a9b,1
663a3e4123ae31bfb83fcfb35e848564b524e240,0
6d700831a7165c7dceb383767fcd029d076d68be,1
e7a2dc3232f6f80e3714eb049fd57b58be59a445,1
8de911c416bb337f5fd0c353d764add39634927e,0
3a0b68c6f2b5eda34999750fafeb4876622c2fad,0
840c6bbef6e6192ad081dc412f1c076a15d080ed,0
d7cb2e76f2492f497f83732a42758fd6f4768bf0,1
b96aebbfb8ba4a8b2a6cd4b0b8b8bbb5daa06aff,0
86a4642446d00a7bb357b20c1796e7aaf59a10ed,0
4fac12827eb87b241d7a22014881924c9dd04d6a,0
9a81a5f44e8ee70c26222b6380ee2634d8d33081,0
9626c8f02db77e9d66c2497d058f549969492b3e,1
6bad5c57b837455868efc51f7aeef60d98250ddd,0
e7b5ba1bfc98d05aac44fbaee5b078eef8e8aada,0
94b86b530623e1eed9a2f51d724a0f616c8ec585,0
82627b32fef01894f1e82063825a7a543f31772f,0
55967cb4ebd77fa468f8874ba696a6fae094b394,1
4e3df39be1d797c9c6a217f191924edb87b5bc17,1
24d9740f76bd3908d6596ab66ac896cd776eb16e,0
8ce4bd41ab7ccd7f46cecbe37c9724f21a90641b,1
b747059ea8719666cdb26e3cd9ae6770806aa335,1
a2aa126e6b8a138e35ad3dd1986ad7817a347966,1
a31e99f1b06d1ed5f9f0306a1d453385659ab32b,0
1559322655c71a2885cdafaad40870d67e7f70d5,1
d93a0a83412390d8538228d6e64991dddd1bc17d,0
9418a8d5dfe27d20e7f91a8d36cc9320820e5e08,0
8ee369f0a028f29ed6a8bc08098924f62023e428,1
b0d4889931033989e28f4d7e86177724c40046f4,1
ee1c22821b078e47ef1390f74951eee853b62a32,0
579021db2e20786d956bce9cdd7117192957cd55,1
be83147c538e1d60a33c11ad8847884fdd07ef56,1
42623bf6b2118b77511eb8a73bf59d84c51e9997,1
9e7fc9aeed10611478bfa9d065e401b234770435,0
1d201e39ea950c44af7de5e7cff5462a59db3242,1
cbe01398d384776f939bd1edb3a1d73169a190dd,0
55c1b0607bbe8f3ed285fd9b86e30c3360aec09c,0
70ecaebce742b489681573f11db16304e73ae956,1
243fed97d178690cc4316d23b84583f142efbdbf,1
e08f8a96130950af2c199d579db403026766a2ab,0
f50c8831a52144f5c87ddde59a455fcab3f1b710,0
7659947e121f8e5425794607c5b792199da12cde,0
152adf6b89279cc7351af0e5ecb451973ea0cec7,0
731828b90a32ee6fe08efcff3c8e55643312c02e,1
e7dfba7ddfb9c22dadac01a5b070410bbf0273c0,1
3f7d3d4694e71eb734b3f4c2eadd0adce6ac50b7,0
1b1afa15ed40b8f1f1306ee9d6d04a029baa1c91,0
f5eecfd4ab31730aa45e8749ca7cca1dad785807,1
f21e17f2d5a05f69c72cef3ff66fee81fcaba781,1
b1915913899ef76dca1c215370fc99422528ce0c,0
6082ecdb1b9542800063712fd8f495e3d0c56146,1
93ff6e6b3bf769cbb090232eac45a64fe191b4b6,1
186f44d3bce542b4ec328a402ab22d798c026bc6,0
9d29594e0a85f5e55f1573bab86255b98ce85b40,0
884452e45a70ebae72aa1647f8d053ec7cf3400e,1
79a7226c30cfead36e5afd39926deb247575ca97,1
95d8683bde23e33499f9041e853cdec92b0fb6c0,1
e3a929c179e273b2c6b755449fd1856da717bffb,1
6882cf54350a9527cbf375ecc398ff502b09db56,1
1dcd5f22a81377b0c3f7af279e9004549cd0f6bd,0
2bd26bcf71aca92933108aae7dd22e4867e2a599,0
8fbbf08cba8a094c25f83e1724c14007751ad2d7,0
d6117d4d978564b6525a4ba6363f71daca788570,0
9d4d6e64ccc77c5150ecf3945643494c0ef4866c,1
9b769093bca0f9a3159e4526603dd40c7dcaed76,0
0ad5e30f6186b1bebf1f2b0c029e30f05ffef141,1
b8901c89cac694d04fd5d9d608971c70fd7f7407,0
3ac0960857a1ba3192dcbe3490f0f34c4b250402,1
faad1fe56689d90c57ff2caaffe4fff949a821fc,0
ed2176fc6f36a9ce64c335530e631a6b48dc19b7,1
4eeeee031c3911629ab4aa07b5b9aa35b4ee533c,0
f4ee2cd6ab3aa4b827b9ba773cbc34806b8edcfa,1
a1ed8df95e0d89bcaac85d36445bbfff6ed63eac,0
e472d436713752649fb753d773837cd43c8289ca,1
ed29005d5eaca1824eb85bf6c91c7d03c16aafb8,0
7f49e1bd8512258675fa8fcb34155bf152d167f2,0
fa9ee8e33da19092030a5b5c3608505fcf0772ac,0
900cccc0d4063cfae76cf2af9c3b14eb901d3397,0
fd30089c3d0fde9e6b1e5e6e4cefc4489d57dc2d,0
83729aaaa547b4a3d55fcbe1175f1b5f50faa7e7,0
fa2084475133deb996626928d6a8916fb93e2704,1
712c9640f91994059e5c17cfcac0c665f5ed0bc2,0
2422ca8de09b13dfc78ca4bea71bb89460b932fd,1
3ed626d1cb4b8d1747934993dfd96a5365d5098f,0
1be01af721cd4de118edaee9124578a6028e9f40,0
cc2641fc48661e02aa9e474f2194750f2859d069,1
297a7c397995bcf1741be61d3eaa34410d1c4640,0
7fe0a64d515541903f96702c7b1b9218f3bbc5ba,0
a42f0943708126aba97b6b910aca846ec5ae4ff0,0
ff2b46c3f3b5861bc3da76e77503bc8e7a8f4ee1,1
c1ae5f62a6ad085c6f58ca54bbe17e350d05da07,1
12048a2fc412fd5ace19a67b32affdafe8ffa40c,1
666ffebbbcba1e84ae70622dea7b5545443d6309,0
494f75788641fd92cb027abd9c74d2376fd87319,0
79808a30f54138ceb707daa26d69f1cc37b11f41,1
c0f6e2321721760ea7bf1a2ba867cddc253cddcd,0
264dd0036ed8247cbcce1494275f47d234cd8436,0
62c669c27a365cf45d55b9a087cd87bb55663a32,0
ad7768bbf91d282291fb7ca19d0ef6cbae6148f6,0
3c1fbc5083aea89ee881c17d61c32de15fa6bf05,1
124b507b69c3dd889fe61a4598c394528c8a4ab5,1
288a18de751bad5d05efd3bb391311fe5b66a46e,0
5d6db8f16aed63b6a4a21bd26a48bdd1937a2224,0
205510e81ef63dcc3600da207b851f918583d27d,0
a62eb53571cd34c9fac31d8031e773a6fa677e05,0
d55aa65d43fd22ae12f345cfdc395b81a42e6adc,0
d46c360de9198ff21552cab19ee11d187f29577e,1
53ffd4f1db108f56287be79cdc87dec49e7d0094,1
f79414e2dc26dd2ddab3701a32184c92d34734e7,0
2910ddc4ddf2c9d967278d072957c81ebad99624,0
b379538473f36e435fdfcd34c5fe9a6da738c57b,0
d1ab9ee1076ffd01a63726463b7d9e1b80994241,1
d4cfb9fa10095a80f8d4607b7421e01f73c5ddb0,0
52279f4d70d45b8c2442aa0aad31547657deae24,1
2c4fbb7b3e8d2f478adf83bad873b1caaa614e4b,1
b01b69e2ca77fa98c65e3a1542fd1832b88d5a84,0
55cf0add4af97c16ac7d052d0d18d0ad62c64ab2,1
493db453ea5cd533cdf3bcd7528007a50d66d7cf,1
351a3443fe5b103974209cf4993ae1ee185be576,0
54c653a4fbfcd4cc9114ee8b783f0e96996514ba,0
7e4d065f0b0f6b820c0869aefdb9292030178bf0,0
1abc1795200c71d3fdbd28c216cbb92b5c41d344,0
b0594fb1ba56103b1e829cfcf0274adea692f97f,0
407cfb014f4ad078d634fb3915d72170f4c5d342,0
290474365ea68d91c9d33a799626056bc5cbd145,0
b3985534b97b46cdd946d92ddab42edb8bc75d73,0
37b874bb2d2fc360833dbcea4f345597a7fce372,1
09873d3f8a393d7db6497453650bff3094f6b2ab,0
ec9c0fd0c43663573f489a07e2dffd25970b6579,1
01d2773a6438c2d78930282c974fb9e7767dd769,0
50ce18a193fe4e320203972ff6152e161e5f7756,0
8419bb9240a40fc73af5cfc95234b993551303d7,0
86e864f717d83b32cc759a2f73119a3a4f73aaff,0
d8a6856b2d455f77537b5a8e39a3d43bbc099685,0
c5fbcd6f249e97525ba85c469eda4a39886a39f2,0
0b5cd1bf140f3402a9ab2c34bab48a84382ba9d0,0
bcc3e3353eaa7dac4e3677351b81934be84d9ccc,0
98005605600400c004cf0a45452c716845cdcf47,1
9c067407c6db07b856815cca450a92d2940a26e5,1
2717ed884842f70bb97b3bdf6c26c1eee9bf0549,0
bd525748112b7649bd4e3818dfc4f3f6ff4716b7,1
01520a368fa8e327a193ed122d3fd4aeaad18570,0
d25f21e8eae13d8330d30fdce6827be7460c5bc2,0
e1e3f7dfda0fac40fc85c76f5326dcb41c4730e8,1
46e918ce1197514d63f7e240b8083e73efa5d4e2,1
4bea143384b080d3814970580a67676bd3dc713a,1
3e99a330106141a2c31ab37095d87cfdefbe13ec,1
ad94aefc7fbe242edc953ed2c8d65d7d6360ee41,0
77f5450ec4a3a72764686ee251f8625ebb3e53ad,0
3850a6f39a460ca5a25c6494c905089a8ce38191,1
9a4a5280afa108fe67865fb191c3f845457e3a6e,0
ed24e4152d0441b21635b62dc71d87c0e51ab2db,1
9f19aedaeb4da9e161ac94c1b578086c58d4c590,1
b9e039cc5f192411e663721a6a5c3a65695c6472,0
16e25469c1d8d71a9049c203579cb4521d162b6c,0
02f32c84ce237f4253c9439e92cc949bb8e84b52,1
3bfb4d4c2fc4359da1a29d212851bd32933e6548,0
13ea7a8dbd5a0585a376f8c2418dcc2db47bb201,1
7d7217540ee9c69c0ea2ecd79f6b6a27015c7ff3,0
acae8a6752f2f6677699ef6e2c01122896c9be76,0
24e8ff7ae07f7ec69a0e0b3237dab0a17cf59907,1
5a928d7ae7d0ba94f647bf144ed8905f3704c065,1
5a800fa4dc9d7516cb38851af53661f24e1494ce,0
ceacec5ec4a315cda12b7b8fc8cf39416af26ed2,1
75087b91c7d9b8fdb03dd9b483db413015dc0925,0
541112351926a576dbf96bbb86dc13e841bd6530,0
64d657f9dadd5e20a155248fbaf1271b66ef4ca1,1
25a28965669683a25a2f36e98e5a460524310e60,0
668b8bc74efb75c34e04ac6d480fc2972b771990,0
2c04112b7768a18175066a3044c70c7ee1280473,0
0cafa06de0ff02abeeed6cbae13c0701810781b0,0
5dfabeba44e2f1072c43298cfdd0f52e6eee118d,0
9b3db90b5f921110b53bc30819ec38c923032ab7,0
dcf9cb0f4d10375abb4c5b08b2c8a1ecb73bb4c0,0
05198573096f7fd9dc1607ef8ae7f1f2a6ca8f37,0
768a9c1253b210b936bca970d4a03c22357d9f4e,0
9d7e5ea70fbfb3f1cb76eab60322bb372dcb40fa,1
1c5eb54131ccc3f039da9fe0c8b1bd75b3b44fd5,0
e7897c383353f601c063fe06a26cbca7d08450ac,1
b1c0182efecba038a95621c10c75e5aaef3ea4a8,1
4acbbf63fa9cc88b1f0c3d8c74f5246efa1fec1a,0
76cd7937e4bada95ac730762b6df9bd00c230d9a,1
bb908b91943c594a3bbd9892caa5c5ce4fbf8329,0
e58871eb19ef7a92cad30c3bad5d77a7b6f898ed,0
619761918a14f997e90d093913980a6e8beff9a7,0
95645f99c2e9729786f70c7ab589b28066cf01e4,0
8fb5d82256c6817d9e3f4dbb13b0f34e71113e92,0
48f71b28a5eb6b8dc39e5032c8e9f905329c266c,0
36f6676ba2c679050f2487eb880be1adac6c17a1,0
2f7bb77e889a200094d4b95f9ff9c02c62689a77,0
97eefa08fad15fc51841ef28640817b6f5f2b235,0
98247cbc86d260611724f747c76f0bca65af9fb1,0
ed4b1f6b92a606f3e2a4db3d892239c0ffe8d251,0
1509c1e347f8dc3ede9f2d6de4d1a7a0b2627cd2,1
78aedafc3cce7f035a17cbd8130f8992fb81f382,0
b741fa7c4af0d63d96d351e50b93c0550897dbed,0
a86a0d2f93f3f47ccab38a33b6fcf86f525fc2ef,1
0853fdbe56f04913cdcab7abdd85e9a4f01af473,0
f767b704f6b95fb115b79777c0b27d5c37746880,1
81894c5baba8096e2aa7772c9542a673ff042bac,0
6e71aa76b12220bcbb75078e3bc4a68760526c26,1
d95b031d3bf29b9629775a9d317157affccaafb1,0
6cbd6ff8a94507f8bd9db5c61a2a4ccac01094cb,1
e9b400dd48e3b745e2503413b245adc3596ba433,0
02a550fbc87c84da568e4a247f11eb278abc4fb1,1
04bca5b65480c9c9a14f2136bbd9ff1ea8d6245c,1
e4b0264fb90b342cda57bb2e953a789a9958ef08,1
cdeb0912c4ade224a886f872148d7892c71f975d,0
f7bb323ea1f37eaf7926f27e64f75d4f459a28d1,0
2997bd2bf93966463a5e0760cb78d5deab5606a3,1
73125cbb1a0d09e61f590674415b5fa4959e28d2,0
fd1836a49d498f743b2b46290ce80bc98d6797b4,1
0a3b7294b63b7f62c1b30d8440c1c7b2a7845a81,0
3062706950afef3d6fbcef44acf1ab9db515e180,1
84e8437b1dcea5911eb01da0fe15fba296fe26ef,0
777e3b4397ffa98ec01b128b5eba5f5f8861ef29,0
2869b14dbc6386e92a849b9f024e5a3257b49494,0
389dc0d21ab466e0b9bde7603fa02325d716efc3,0
a516f5980c2dd6b46a8187f3785fa98746b92d24,0
75067b8c30bb1590bc514ec72c151d90aafaba62,1
3f3b54a6f562f97e24f97b6e0ae2f9f6710e464d,0
5ce44d24774c9ac2a2807f88f64512c02e1a5675,0
457d1364142fce0c21aa5d0a3dc69c6b4984d6fc,1
42a7dd6726f50287bc53ac15f8cf9943b5711e3f,0
022f07495146844c847e4187d1b51f17688c50cd,0
8ce9f7de10eb98fccbf0b522168096a38bd2ba82,0
2b297a9dd1d87859cf99455dfed221fe6a45818a,0
c8f1efd2473e4b95e75f40bf2ad686407c4cd8aa,1
940a5f9da716d3e3fdd83e6520b5537a644c8667,1
0bd7701b3425c940611e5121ab116233634b46aa,1
b4406c4be74d178c33d7ca9bb273f663bd2b178c,1
6c67010dda0a8f70d5993792a21116627c578dd2,0
3f81257da97f7c360cec78a18b10a8b85afc50f5,0
7391e4d33ce1d871ad8db3a64a01322b5abcefe4,1
e2d011e1661d0a8f6d23e96425f09b2379381775,1
1b9d7962f9db7055b189794872c9cb223da86f06,1
e7e35576e0c41b4657a416c2596d3c01e0bf1529,0
c802bb5660bbb3631fbc9c300880a59da46c7d87,1
71b73b3d21f289bca0401b89e6d747a2626863c6,1
ad14922421f8e3c13c46513d99f704d116fb7325,0
cfab460301e4dfeff684003089200a9b0e4965df,1
f9e4024b3f954f1bae79994cd2f0399e51a8d6c8,0
add159a8608ca3f2efaeda5550f96df4926324a5,1
4420bd3e253f2a1439ef3486f586be1ca5ee8d17,0
4de075333323ce612e709ce44ab66c2c3f721dc6,1
96bb08a857b630448ca911d29210c63173005532,1
2c1768991ca4817cd07ebd134beb52d7cd616e3e,0
690311fac027329d28adab4b9273eee7dd03b6ab,1
fe6129053d73422aa1c3ba03b41deacf68d2d27b,0
a3ec60b18b75af4d61df157a1f26ce810d19b7e8,1
b99e6c1c633bdfd5309c2f66bab03202a129dc61,0
42f0a0dc889bcf3c9968752093a6252ee0c2ff2f,0
23740dc665bf178b86a4347d95c303a153817b75,0
1275c6b98d52399a65b73e315e02d5348120acac,1
6ab58532b2ccdb2ebbb9e4e7ecfd12093d9cf97a,1
ab847a82416e307d4fcba8b570c6ad3fba08d3db,0
31d09f27269544b8ada1679069cb395a1783ae15,0
c937f1ed6d1bdd569bbe9368f7fa0c46a8c9085d,1
3b0e3698dab7586878500a55b18ea13a05acb4e5,0
ddb9f0d835ac0076689c86260bbe162c170cd795,0
2612c04893625440021a9806efed10ff494d2711,0
9c04b6fa5e696d6c665136e8f3c232ecf76bfc2a,0
cdd5c5bc0eed69e076a162b31609c2dbc1c9cd36,0
4621a84f03c5da037ff68c4905b650ca4abbfdf0,0
766f46c332bf46d6eac4a98aa85daf1559a4fc41,1
ebb7f52241705dd1b755f4eb0ed9ef7e91e17581,1
3e3824885582df8bee5672a4c620d7d026c64fe7,1
767866c1c20b8bffa076624d3afc05c39f849497,1
7521e8c8a72291cc3245d6c418ccde5696e21a51,0
416c7166641cf0b1b6c8e844ae5a2996116f8acf,1
33adc99dd20b0b330d9ac1474775b31504c10dd8,1
85fcb2842bd7c4b510fa0721e63b8c8957bb13ad,1
e01c96f8d3c842a539e5b8c8f7acb180c50dc3db,1
a3c9a4cddde91046caba2996effa8e736d4dab83,0
e5c79d989cd559229a3505cc7b16a8f7b68b659c,1
5f98d93bd2ad17c7f901aa06cd7e677e7dac5092,0
442aa37130c0d693a271298eea0ecde35a3b9e9b,0
8df453397097e0828e56fd75562ede19d0e61e98,0
12f22dad4509478c700042b4138537463e58155a,0
75123f92648e300ec744f66dc9e7f1def0633a97,0
3974c03c793c06a0f88f3dcb75c81b720e078213,1
faeeceabd5948c2ea0a7d1d4429ded228aeeb30d,1
7e535315329cec1a58a08895d71d8ce4db7870c6,1
8da7eac78a2ca56e10a891659a5046b2efd69d1e,1
6dcbd5ac2995189cca98ca25c5647f09c1a2fcd5,0
de3efe13ee2b6966402cd58c611c5d94adf576fb,0
cb23e39426c1ed70fb45c140b132f40beff02b8f,0
3ce51a448f857a822a3945f8fcdb1f4779398ec5,0
585337fc2d674a6ea6bacfdfd6f7670570b82d01,0
e40f6bf232c35db7404050363afec444a285cd77,0
b172408474bbf9dcfba6058fc8649dc330f5848b,1
40a800adccb18949f6e9be8d5f95af1503d4aa53,1
ab863ebbb6328a43b8cc672bcf0fd5942546d01d,0
a989fdf99fc6c7ceafe6514e0e817952f0453de4,1
25b8ea7e01284a9a4a2fc12742e40455ddabb878,1
5e92fe9e9f113b13d478061aa0c8986eb9dfe3eb,0
46958542e719ce8271f92b0929ff3a4dda5851e0,1
c0bf0ca23d526015e97e6d480bca1225a85febe0,1
207fbbec8657595108847364ad3e21e8f139811b,1
50a816bc23dc2f2ddc134c2e78cadf7ef0409e81,0
c7dd06622fb7ae79b7a3a403726f8218be67705d,0
204f91f679ec6966b8d7e58e49cd4f070c7ed1a1,1
f6b2f562650458739eb63b3a7a7dfbf255321d23,0
520074e1c56fbbcfa6835e07649b7b198d43c296,0
95a34718806fdcafe9e6abc88dd2a115c854e32d,0
088622c0f82922e7324c52b834c0d83abf34c7ff,1
b17564d31d97549e0a8061f190365327ef9861d3,1
9b4f85b17c1ec63bbd1116444e5c8df558932b4f,0
0be8e0181800b94004f7f2650782937ebdd121c3,0
4ca13e464358ecec1d4548f9c073557c46d66eca,1
d9fe5516d4f9cd6420269f7b7b90be9d4dec82ae,1
e51d25e0ff52227e5de469b46cf2898ae05607fb,1
f38e77af129928f3dcfe7299bd3a943b2dde307c,1
b90f0bdc8459d102a4f4759c5d309fae8584a32d,0
226320a8883149fd5faba4513fe78595b09d00cf,0
c496384d88ffb4b4d9abf6702712cb30ee2a265c,1
b8a037ab11eb7bcd3d7edfb184bc3c1c9055a7e5,0
6c7a08b89f0bd7625f4e4f0a2d4e5287de51cb4e,0
1d2b35f4388df2c155dc819558edaaa91de43c83,1
95fc5e452cd16bf6b8a4a5038c28d4dedda44427,1
003aa762bc9903bb57cc03fde3ee776a0ba7f44b,0
9f7c8d3dd3a0270784706a6072b2acc4f5f4d2ae,0
bdbfe08f82624d02f4e9dd5c87e9168c7e2408b1,1
e9fdc7cf91d79390d780de9473fc525cc4d2a789,1
c5622ca9aea8933699463ebb410fb5dac70d0e2a,0
1ac8c17405ec4ac2a3eac833eadca6762e795be1,0
2dfd3220f69404019e041f627b3a35187ff43dea,0
b473ef3076cdf96db6143dcd6c904a5f48cb3d16,0
b782535bb5d807db50b6bc9632fa2c67b7c85782,0
1bb587ff321889457adbf1a119c0528203bd4a81,1
4822efd4c05663d98e1874e3e152af4850b493ac,1
8a2d0afb011d68f1672b9370f5ed746fb8b7f0f2,1
95af888b370acd8d7469d8c3056cef618b74b20e,0
6258537a7a2948a3f659db06ebf57c043a5d9dcc,0
b44b1ab3f562f362aee50f540caeb58f733fa50f,0
97bda748ef2a7d520e397300dc5437d0c4430407,1
1809b2f30398d4291e13917d0c412dd051cce6ea,0
9d6699a7e75a28fa316dcf83490b07cbf68c1a69,0
eae4f788df3a75c07f5024dd839a9fb9d0214717,0
68867ba5efab9f8f604e53876c49f93a002ff6eb,0
0ffc5e55a4264f4d094ea26da5cbec18c3470a06,0
3836be3c865e021cef66f9e97a85e333d54b5133,0
40f9f565090a510252a7aeafd59e7f640bed4781,0
ec6a03b4518d698585007bfb0609ff8a384beab4,0
ce21046517b95298923655bcce827664ea3551d1,1
4e6cddb1ae78a0518dae280af8634636f967fd47,0
13e991ae3e3f81793444d040df0c8c85699d0a91,0
74f77074b79f369d1a20aec93d9df6ed7615017b,0
00bad5e82c7ed85fb0e200e05cd082e324b5941c,0
f66b3422bbe9d8e4eee362aa11762c60203f1c47,1
194e6978e84a7df27756f94ca1151e1a828e7d6d,1
3dc30ccfb8e75dc49f5810d3896a48be9ebb23eb,0
ac86a667862c354c546d8f927235caa85a18fa15,0
1227916dc5dc3472e9cc88ef7ecdabd2b4d5e83a,0
313338638f04f7ca69f27bb1138147e6ee93a221,0
fd0e46d2943df5882963abf35437f41713846712,1
2de52f742d9f33127594a2a9f0179754f58904da,0
7145bdd3bee14a9e3bb0c35bcdfd9beea4744819,1
35aeabe5435d190cc50d4430484b012125a876bc,1
41d3ecb12e34fbcb68cfe7c36a618b64bf14270c,1
2cf84a63856dec3aa576bfd468c620d2184ae03f,1
7312006e3ca12c9b835c4b842ed7d22434176cf0,0
5d53ba58c7989e25ca22c8c954ecbddc1ee6a7ab,0
1f839cbd88129b9e04151253a5999dae88b93b3b,1
1d8ee1ffe813ab272e77c4576362dbfbd1c611dc,0
9b04275db8516ac6e66d66d54278ac8553daf6b1,1
b31e5dc65a0bd269fe4fbbb8533a8ce0817dbba5,1
7e181de956e1ad0a5da5d386ed1e84b7771c6d52,1
e045039bebba70e5c607c653218264dbdb91e058,1
62345b879d48c243bfbf4dc50732e7ca84274dfb,0
00a7dc0df3f024499954b369d7fbb8644e7cff81,0
4f36f5198cf627923df01550c1d66cb2b0c31cab,0
aebf6a53d876ab473500f8f8139526226e016041,1
457980d974e9a533f7ca914d6e56db9604432b23,0
c5349145eb4c1e1d8b14b72689456c70227e5469,0
e8d154a1748a9f6652eca6275f34470fafb12248,0
d3c27e3c8449f698d9c2235d176b7d9e101e5e70,1
7abeea6994bc2b956b47cdb84062216d0d9f9c0a,1
46d997272bdba08bb40bbbd3574c494f274d4a1a,1
1eaead45c6f40c8fb320412c7b6b23fad79a1c2e,0
2a2f21e359a9d24e71c14ae7bc86b7425de51e2b,1
e0ef6c99c955da5705297f2b66be6d8f0a94b8c3,1
64357ecb551c91ee45cfffaecf89588fcbc85c35,1
46d7cb4cb6751fe385ce28741e7cf0dea020669d,1
75a43652bbba2d16770beec9c19ab9285cecddb3,0
50b617e53da4222145c1d318e8ae193264ee7402,1
21f1b08be14e3a44f855f463bcba342878bdf15a,1
e5243e164f9ad3bbe5242f0fdd8b295ff878a67d,1
80cd78a723ff991b9add74541d0dac345c25cb05,0
14d8f057eb29c3c44b0343e62b2ea19df1738ec4,0
f88a79178882b1395a8b175d04bed92ea868b945,1
1386aa4af145eadfb7b91e83b18e2b875dd119dc,0
ce387d6cd666c0f31a78a52659c25a3dbf395d5d,0
f628733c2dfdadf92e27f6aa5c9a374d00917277,0
35ee6808fa883e958a8d979b21a3670bc950d28b,0
c637b298e812cf95f387be399403fa8be5916c4e,0
efbe7dd2d190227ae07c118532918ca6b6649adb,1
b37b7459160c4134eec2f6a3c5ff77b23876b902,1
937905b1c10449bd5e7045834859c78290d8d8fc,1
afbf222afc15b7d4aaee015d800af100fc3d0ee1,0
91e9c145c97f77ba049a910af106e6e891a97761,0
299a14e1de1f38815e55f94daaa85ca48c217d26,0
26469e640180cab907eb55eb0da4637c242d85c5,1
f1756b21541714902d05a2c21d1298138e424fc9,0
370301612cb435fa88a28b869dd5150b75d28720,0
a950a767e5b417e2dc3befc8168e79a28a0c9e49,0
8849d0178598f2e0b60d6a69c7157bdf6d10e84f,0
c0596dc779612db5477d6a2e3770d61732c202e7,1
7a734830f164104ca9e1c3aa503d768c0de1e4eb,1
45a420f6e9961034f9c17adbd8498b5aaf6b7a89,0
36c9a8f668132eb72e9cdafac66c3623fd38ead6,0
4d09d84fda9f8e4644e4cd6b2dc158f391cb125a,1
e2da9ce23dc2bc0c1eadbe29efcec355f33f4a39,1
08a28694d75543876b0491ca9658f5cf84d7bce9,0
c74a1e6234dca42ecb763660f884073f6e5bf189,1
f214e24334ac328a0dab3f24d28d3c6a72ba349b,1
f6f514afa067f92cb3f1799a7e744e569362bacf,0
bc61e93edf02102be8ce6b47aaef4859cc6f494c,0
c8cd6a16cf1d1e018d351dff9ab9177b0cc7cf18,0
79c0e1242e05e751762fe2a60b3bf09675136f7d,1
ccc7d34d3a33b54b4a9d81bb6c8e60dfdd25200f,1
20a90b4e5bc9bd1634c7c80364e1d0c3c0055da2,1
cff601fc3bb02bcab4b19ac17fca844a37541f8b,0
fb469d733887f767c79548f5f6584d3ac1130b30,0
7db91df2cf418192d1a96c6dbadaf93572a1da80,1
73cfedcd676d691bde8995c9bbd5b61e75ab3ece,0
976c8ed97f73eec58847c3a125f768eea107ba44,0
010bd8192a71e611ee9617f0aabb4dc795db3159,0
63229782e381ee06492dc1b90aee9eca1fc2a427,0
c04f7b75a14bf63729261ea78c9a81eb3ff1b290,1
7837eab65608b59559c520d88ae43dfbc4566c66,0
c4514737ec9378709c83185fc6dc2d28f0b7a420,1
d20fd7ec4b42db3e716997afeba08fe47b1df527,0
a00ccc940a8dbc0c0813b0f359116d6fc3cf497e,1
1e24fd61ebba80cd87b4e0b793850e95ba9ab526,1
3c64f57f0ee24e5a5227e227d86cd910ee9bb7ec,0
64d48e8403b42c1eb05b78c8d010e4ab81b5306f,1
2e400c69df0419460b474b6588941521d9693f50,0
c0187db9782acdcedf3b416bcb47c88873a9dad2,0
3faa6fa35e2c0c6f006b7e1fa509c53fc61b2de2,0
92d646fbceab5b2d47ed27cee8c95388ea8067dd,0
8baa5bfff2fde6fd8c156753ef428e88f48501ba,1
0212faa3ea7c9ef892a01621c31c5627c7b99f7e,0
b275342b1fcf8e94f5efe9732b92a0f6ed5b0ea7,0
7bcddedd2a1a707ca9b355c2ec77245d90b0a0d1,0
baf498c731611c822aad3b6f6758d71730709c35,0
a3ad8a8a710b9a719a5fe359fdb66c940a345c87,1
573df514b2e183aa5dd4616600bf1d0f37b08edb,0
f017d83661d075e6a6f9fc7ca00a446e580c066d,1
d58c926ee35a57204b08440681bc98ea073abc8b,1
e0cf4ccf00f95f97c35f90dd3aa9821bb3690850,0
b66ff38c39a63f3a04b1c44832726914f6e10581,1
b6957c509942b1d6ae9e6093ae71a127637380fa,0
4127450a4993fb5da38db52580f49c936f8616ff,0
7658d06a408ea16bcd2e8ce40a32ff3e582f02d6,0
421cc984bfdde0184b0fa5e5b0227eb9d3923131,0
9ab3af89957ce1864b433ecfea8b57afd1e8816c,0
f92f47bf63f076c1c0a6877694955d4deae86048,1
7e06333febef4d566a1214c6d0bd69ca29370af3,0
cdd63a728fa5a98ea48b626349a7e0bdb9385ca1,0
3ba306d9105a230cdda5fea6ecebe57e590189c8,0
6c1957f6d738fc795077ed72161f2f3750a81818,1
d11af60ce213f8be02382e50ef8c21440cefb940,1
4370aac49d21885d156a1ac51fe82d394e0ceca1,1
793476733fa19af36b5fda8ed5d88f874412d2fe,0
895c0feb2d6db9e4abb948851f268232acc688a7,1
efbf733f1b359cf78943e9c3b038aed37164bf88,1
2027783d576f2dc39c2f8acc8fa29d21c16e4d77,1
d23ff93b7624a0d5b38a3ec27e7011bd1f3bbdd7,0
c4f8504921922105d848977266e83ebfd10d9351,0
352ceae486b97138812794fcb28cb51ffed996c5,1
3239d269bcd156e7b14f6b86c5eca3448de0845c,1
5753851d9e69e58efe8aedc16a1c09fb39333ee8,1
23ee4f0bf7f855c858d2a3a614499e1a3b88ba55,0
fc33234ea38a4f6a43091e56700154cde9a8a12e,1
9f487dc69f0277a5ae723e8e0f0c1f14759deba1,0
20f4eb52b52027ad17459077ff3876985e56afbb,0
75cbefc9415b6239de2d71f49f427b19399a8c76,0
2e28d1c04be3c18671cd469152cbfdf9fb4d780f,0
b3846cc0cfce0544ce1ec6a359335c42c525de8d,0
a6fe526a43d92cbecb97329a161aee0b9f1a24bc,1
9edec890e1da5cfcf7377db52f0e02d898847f32,1
f3fdb53d3be85a8d2467bbc02be11638667ec552,1
a15945621737edab29fbfe6c9f895e5ace6ec7d5,0
8952094f7594c3b8278a54b6f53d735f0ad657dc,1
4e55d386fd4b97c7bf55fd3822f2f27aad4f792b,0
881af92b9f88b12f210c9cc05a3b0764562bd672,1
cce26d808da9d9d1c7572edd5f35f2cd562edecd,0
c4d8cccd0820706913cf10cd269931f466d898e2,1
b4163b5e426681dd0467f6b1600b5d0254e465ff,1
403b2164ff439cdabb1212cd92e97ae9ed0ea106,1
057833ede7d6f40a6658d1e347cd86d292cc7e4f,0
6a8f079ee55e41bcb4aec3b6723723608a0aee8c,1
8ff04d223f6ce6d707565e9cf19ca4f040e6b8d5,0
0621f82296198141d89ac277830ae9f7ab840e12,0
a2e3a81b1d682b3ee59aec9bc162b4434de7dda5,1
a3cd58460bb5faaf48eafc8bde9e0690789beaf0,1
955d148baf7f84977dc72b6e9f34a43e55f60369,1
e97cfd2aea335c6636aebb219b635a1ff64b4016,0
da89da80c95a498526f4f4b0dfd444f309cf0b0d,0
29b2778dcd2480a38405efe101e18c860fae7b72,0
ebf962042b43b2190062ff0185d2175f288d89c1,0
1678dacb74cacfc483bc64750d2c301c788d44e9,1
ff94dc551d2cfa98803ac2c88ea2a38285e38d45,0
dafb99fb96a1dee2a814b112651eba849104cbc3,0
d25248130f62a1f71fda12fe1482cc22c17cba0b,1
89f33f82bb154134dc2e54d91a22ddcd536e0284,1
683deb4ecf710742b91b01c3c239d8d611f10865,0
636dd2918db5ca72e8d40db174edafa6e4b70052,0
8f7ef9890e51fd663efb03ca3778cdf5ecde0082,0
14266bd2e1e20360632b8ac4f4e7f05a419c0a65,1
babe465ea6e8ad224931b0e6c95d518ed86809bc,1
a7485ddd7317b6f4cb1504dc96b0543162e08c01,0
56e5882d24cc229c9294eecf0f732f08a12bf39e,0
f2f8c865eadee719ee98e4f1aaf7e2d365cf0e42,1
e86594670e0578cfbc68ece410f6ca471535174e,1
9e4ebc80fc513e03add1f0fc8573d71939740950,0
273733adf49fec3dd31c7e0a170ccb0d1307cd75,0
0ef74a89af250ccfbbe45c0b33927980408b001a,0
9a24ee8e3e2dc9442c4c77131a4fa0505f180382,0
e14070a1e3e0fd5cafa352a05b3c84daf54dd8b7,1
c2c04cafb87fd5a4a3ac0486aad513856d360c89,1
66696e4e2c0bf8ef3f63876827a5fcd532547d50,1
d3f32d8871a5e4dfe7544e0c38861140850cd730,0
7dc39a1dfbbc88f8e0df9f0f76b0fb2b2e26486a,0
4a99576d91c62f12276279dfe1127679aa6c3497,1
8db906021739d9489b12ad6ccb8db14a31acb921,0
2e536a857a7001dd999682252e5b0b2da385ac7d,0
52d4d89026d53c2961a5a46eb563bb52dc4923ce,0
ba39dee4c38b9d60d4cd02331a9f3ca8bfe57c87,1
87b0b7a1c75542beda3dfda6a961a1e820c220b0,1
4afcc5f03e95651f87be061a18d6a50a5fd2b6bd,0
a89cf26ca1267bb1d181e814edda2d9962b3684f,0
f76b87486006e4d33d72796eb9e773f99679533b,0
c085ad4bacc49336dbf568d0a3696d99070184c1,0
35889ac39bf32f784e67d588052ae93e4c06f106,0
c33d7f0c154a427b0d70efe851673f33497f67fb,1
292faf631c5ff5741bb46b04e4eacceb272d8c8b,0
2204e051cd2fa11b2eb6799779857ac9db59074b,1
09ccea54a2f6698de90a2caebd828aaed46bd292,1
78792d91e262ba3c240a13c75c28a8c9f4809375,1
ac21efba997d378123634506f0f9c155b31b2c33,0
5a9d39fa6f95927082cf60cf3cc8b230452dea3f,0
af45f7f6cc5b653818644e5dea1979da2a090bd3,0
49c62e37929d7776c8723fbf6a6f73bc25ac52d9,1
caeb2e4309e0dcdbac5d30cc11bdea2a2cc108f3,1
f66da0ccdfd27d43879e5f13812cce0fef92ca1b,1
9c1538a32b2d38b1f51505531455448b7905f85f,0
e8a0dbbcb608b7e31fdd2f91665d23db63150e21,1
d514e05fd920fc5a7e8648fb928c0409cd4c7d40,0
5245ad70d29086770b502a8b5a82be8bb2446e30,0
1ee55d0ec9382ab21e2249db2b6aa5db9bbc77c9,1
191be334f028765d2b8eac13b91204efc16821f6,0
6ff5e0d395b91cfa0c3c2107cc4b4f5b5764cfb2,0
282547a3748fac95b8a60ef09e85617ee916a621,1
eafad97679016924443e416e21c29d38cc2689fa,0
ffe1c9598a197d73f0ecbee8ffdd7dd11a3f94e7,0
9c853e477d06d1f116c2472f0d8437e6b6c144d0,0
db8e83af84bd5085a39d36a0c3b23fad57ad233b,1
04786fda8c76e56708e9c345cb5b34cd3e1f84e3,1
657e10b9fee717a96a26bb89c1e305e3e8c9796e,0
b5105183dc217d23a5e3c79134dda73123139e58,1
9e8e742d4f9cc5f7d44dd7e01575f9feeb3164ba,1
8363e9f7c66bc9937e06048382f49d3dd0d64184,0
fc1b4f04478ec66f16c66509326bae90aa24c100,0
a820a7e4f945e5be87efb31a85c52e9a5ae9514a,1
f417882cce13f683e990143e905436c30b943d44,0
fc18d042aa9979c7db020d68f8eb47c015d703e5,0
faccc00f48f532b13f84b89c7ecd35129e2cf449,0
6d0a8d8867022f03eda59b14fbb992f495abea2a,0
a6b5f2d3082e0514bfb80226956d924c2aa71cc2,0
28ad45d6a0313997aabfd399f651c3aa26095154,1
49da5ec1f15479943ed27a1a9e7b15a0ecd1d53d,0
e055958fc502c29aea55d75834ad602ac817b71c,1
896f67292b41e7529d6045d1a9dfe67f08f50206,0
0572115db6c0e145b331f01cd6f489e099d6f989,0
3b9a08f82dcc039ac57fdf48261d90f2c5b19605,0
8e4521ac0afd1534ae0fe8435aa7c128a8bf6640,1
e62ea122c03ee3dc177f1490252ff8adb70051e3,1
2da94547000d87534980384e217af8531bffe444,1
ee07ee50dcb3ab269023df17a534f887efe706ec,0
21a39cb523dac6d974dcbbb4eba6d44409c60672,1
963fce0fdcfe34677210da17eee2b9477e5ceca4,1
029f7fae4c878f441deefec0889a12b53e01f556,0
0b8d0b00761d809288fe4de1fcfd2c5cea2b52b9,0
b960f903cf8e2dc185c2d9f521fc333bdd1c13c9,0
58aca8fba9f213f7719e5b737f7cc0b8c5568b55,1
39b562ebfd5cea2adc98405eb0952609cd2483f3,1
5f5946892f9f9f8311e71db8dfc16f2333fae4da,1
6bb6fe7bb732dd11fc9d56febcead3121907ac15,0
0f60b1a5143d36d6707d34de56a0f451433a72ec,0
50a5e7747176fd7d8de8430f42410744c592c14d,1
bd6308685e46ac877940eefa361e39913f97ccf7,0
766b47e4a8c7de397dd2a459fd63b166b6e3a1af,0
bddf64d630767d2e817298fcfb395aac834e8dee,1
ffa2407b1305d77caac48355ca76084e66ca5d38,0
0883a7e019a80bac0d0e61e21320f7fd30b37a46,0
a332ce5dfdbea55da22a46a71aa9ed07ff092945,1
1f96370b9c5529c58aff96d72fe7e6d9e6fd93a6,0
318c009a0b5f57a34a1089eceba529a791801f8a,0
72c4d84a1245033a8ad08f892f31f72d193e4997,1
6d410f3ed336dde51f2cca5178f658eaf408b0ab,0
794134567d193b9cec98dcd44f82e14c6750c709,1
9e939438c31c891a79f52e430a9f9f109af343cb,1
b9e1b1fa5cc6ee6d2ab6884a1a2df9f1d653d8b1,1
8568e95b29c403ac697879893f112bf334be723d,0
61096b452af8fc6381dcb693e210876021056d62,0
36df4d00727281422d683b9dd427556fdf0ac717,1
b4d2e4ec40dde2a4bba415d075be16d168cdbed7,0
b8ede08a8902c8d1f590a5293d0fb31786c90ce8,0
2d95a872befa3b9d6d2a35ee733e72300552d0c2,0
92f6cb8b445371999f0fe320b4a3ad1a09e06036,1
39a1194d2e9369a77aa41ebff9a17ee8d48ea5ec,1
491d501228388f2bb80f547aeb47014a0c83a34e,1
76ab74ce6c2542244402ba49650f31f94d834aef,0
dfdcd8db21c8f8b37816633739b3d96d75956e49,0
02ae3ccaf311a00deb7967cf594450326e340ef7,1
1b3364f7d210b8c71f05c694a5013166b9cd1741,0
a04095693294a5a0e4cee2f6325826903e472a92,0
af33acb91d0428fcd7ea2fa11194eae1ddba0d23,0
57dfc480f4805370107d8ebaffc180c184d09891,1
f063c6dceac14682bb8f01cbf42c63db44f72295,0
eedf86a9e0a61bf74024db296ec37f8c5db2e190,1
55e3ee91a3283be8e9689551479e0ee8133f53f1,1
03b566ec5c8707ccf6087b741f0fe1a0de67984f,0
eb61c7d722a05c95fe38e215412efaa2b303565f,0
473dffb182c99848149e50b9a6a658c488758f5c,0
036a8b521d2d8614d45d1fceb64318c352b7111f,0
394a10f2a15bb6cca72394230089c6f95b66a92f,1
8ccf308824b9a7664f8356e5aedac058ac9b04e2,0
9058a1ae98c385618f9a059c41401dce816722c3,0
3c3e22150d3df7d5c28c4ecd9aae8e363a64ee4f,1
2d15776a26f4aa991ea6225e27513ae21dc7fbbd,1
7d3f77424d7788cb92b6f5a29cf82d12b0b84032,0
c9ecfd102f81d5f6ec5207dd2f159a4cf6a0efd0,0
0ad26995b2430713e702cbf636631c681409c9e0,0
d3ee26781e770ceb8139f56f4b1ae438703d60a8,1
66b8ad2e2ce28f9441b6868f9ae7026f6f82ae28,1
cae691ffbe75d13e49511b12d35aa45e5e16a41a,1
3a8e04862df59782e666c35b4b3383fb35aad02c,1
ff291d15e7b11093333cd5b679fde86d3460e3c4,1
7da2b88eeeb834ac7ce4ffad5e8452b030306542,1
b8080d4e166bfeaa8a03f50c2814487806db4630,1
00088e05e659baddedf32388e31bfc1d7c18136e,0
315034c123648fdd78160288d4fcbe83c538d90a,1
cb8e8c71eaf904ca976a62dd4259aa582b16f38c,0
85354923aa09b8feb10d525d6f91a4d55faf227a,0
556913a09060216900c642ad2eecf9f480f12603,0
4c07018bda59bd9d018b822613680f08fb0c80a3,0
0d0d5e21e70199012b56912e47cbdd0a0a4bc9ec,0
82616517622ff7eba50e6a2adb66965d24007b35,1
49050751742c9b46694f5396ac9502af492eff58,1
9ca4e186546581ec523f31207eacdfbd1b015ede,0
f880bc4f785a8847802cc4c0eed5357507ff90aa,0
128b737a10390bc787e2edae64f856fa3c5ea105,0
155cafc096b1ea21dca2d678c1955f89b20bba9d,1
35df0ba92d6585b4483a0cfd122a062ec595a596,0
c2b57f4a093638d83f597efdaa7a2b671be0eed1,0
b48b61296750eade3ed81e55870812857d24ca6c,0
6c2b65f0286b800cf5f17f5317ebdceabfa4b470,0
4fa08a6ff14486405ec7bb7c8031573859739ad1,0
9a88a48052ad0f8ce0084c63d6d4b7053e2480e9,0
2a7d342ab4e85b5695a950ea30a288b40a7c2dc0,1
74c38c050bfd4c68dbb9d0570de18c5d2e2b1e2f,1
7f0f420dfd9aa4faa7c7602cfe8573243b772d61,0
ae115b4271b5ffce25d303c1df10a27bd9cca74a,1
04b4e66fd8270d812ba30b73e23ae233a4a35233,0
40d8e440605d06625a1b361b6bed27e08983c6ee,0
91b0de4d28358782d145b3e10acf8874a24e2028,0
f0c884242f278790e1a9680b1adad89e4b052049,1
17e86bc2fae1fe7666094a4a8dbb2ebeb5b6142e,1
300e503867cd7b34fa5e2e8130d36c628b0058f9,0
e033c50dc68561ac2a05f6acbe6ccd6e4ba0c1a2,0
1948039c72758dfe8552508d772a721f0d0c01f0,0
3b88274102468c6494a2065709a5187d22ec5217,0
7d6ec0ffe7ddf4a12efc3ef646689c7243e79183,1
cd6f867bb91cd14d6e46ffd94e3882fb616ed148,1
0a9ff1ceefe68813ef2f1d27ee33e74f3f9876d7,1
d5ab92a0c0ca07e2e99d574abb18ca5649e81836,0
ae35af7b8f5a66b2dae66c8966e8699adc0c59eb,0
32b9aaa1bd567ca78d0532c0894201f09cf17395,1
e0dce103b1fdc2584567d1d4cfd62aadcc1ae09e,1
e327084e4a3b7bdbeb9315c3750c36787e209f53,1
f32c9d174ca6811bcc6a16bb50042b09d6116c6a,0
90616fb85b0beeb8a0623bae9b998c20f79fd98e,1
84f54ee8f9920aafb4eb0695fb64e5df8772fb41,0
8c1468b8ca6a2ba26f1c741d1965302df46186af,0
bf6bfd8cd111b872d11e69f08ba36e14dc344b4e,1
e25c41a3ea8fcc20b326c120929c3b3fe44e2638,0
cec1bfce430abc0595be979dda6ffe79be530921,1
eeb4dba4606a7a5f3097280763f5fe1f13411caa,1
205874eae2e87f208f7e761228be83aa6e4b8c05,1
e70750430f85015e95450396a4813cdf11ee4aae,1
82899550559e9eae658249eeb6d35ad3f03a2b08,0
162023c741e0ff566495021c23e361bd9e79b38f,0
bc9365af458b5775a9ace8687334a095bc604e41,1
25e33590f45e35c26fd3ddd1976133fdda0f0b60,1
aed89928e2174ccb88f730d72d7655e682c26783,1
f53b5e82ea7bff88a0dcddb8c707b4a3c1099b01,0
20f1250498adbf54c06fa683db75c654bc6f18c7,1
ffc93123b56964d95afe36293f67170f5e1a70b5,1
959548cc1db1d05995415143a5b4b273fe9dabfb,0
2176ef1d69a1fc7e99eb9b9e7e169aaf91e9ff8e,1
a3184e01c786440c537950704793b759f47dcdd1,0
b189956928bb5b8d6da533f720fe77c7da76f30c,0
ba47c7e72cb7e63931dbd389450cba05379d7a87,0
7ef850876e3168f9b0c9da2559af5ea7022de9c2,0
bb040aabf3d17fb6af1952bb9f7e378e17c84b1a,1
906938a89485c1c6c24f4770309ddf73930990ea,0
34641a9ddf652ef8ac6567b299df5529dbdda3a3,0
9ebcfaa1ab8bf8a4ff62d4f6a1fea138d332871b,0
c274f67ce4f223a00f7d44baf3925b427e8149dd,0
5d840c2eb774a7250a15ea544d70eea74ff44002,1
8297da3c4512c4da32f28bf74326a9c200393a3d,0
9e42913270df50c4ec95e084016d33cbc90d612d,0
6bc1d7a48e57410653cbf6951e9f54b2e5697ebb,0
69b2b686c70fe1030288b37d3a91f8095cffaf22,0
74ec1f4d121c502e11cdbdacc80a0a597e1c9df0,0
fa88404e579891c1e533337cc8698ac086377e80,0
b2817ed18ba2bb52c2102f0b11bda073e276546b,1
bd4bd74f2c563a115a3ef7b311d7521ae1a7acdd,0
e74653e0535e59fbb8c0744972026f0fc0922436,0
73bde3094166fb3ff4ecfa9cb243c379545fb434,0
6d9ef496882238e2f98be9e8f916454a0b951d4e,1
68e65b16e72aef05cd673c664f4047643e7dc1ef,0
2db53734364cc00a9f6c35314a71b264aeb2843f,0
484c557e690d60889f9807e762ff264960135f83,0
afbb3387d2e2371302a3ab5740639832e07ed1c1,0
35eecfe80f6d02af2ffec1c4a1696ef90b2633b4,0
2c414e2d15435257bc15a3e280cfa0b0ee3f1a6b,0
d4f15a795e0d79650debcf77642b5d05608042c1,0
eb0d8d64d8e89555df9df107fb56a2a99c85736f,1
a48d9470636a9a6884bbef14b2ed110226d036f7,1
70184d634eda145d9ded06d23c2f971585648966,1
009d15e737655965c6b765d593f75e127373f666,1
852a23b94adb551359cb9ef6dfa6921ac7a54e7b,1
776a13643200c299a676956135dd1859ee670d46,0
c1542db962fa1d72bc45f9018f8cf9d60bd18495,0
66656998a6be4d7526b5cf3f9d2ed40fc57f82c4,1
0a1d3ed6b8ee989a493d71c017cf3306f17c43cf,1
bfb609d964a35ead53de31e8cd20d37c0b830858,0
6e43357a5f182148c6dc9355845c4853543dfb81,1
9ebeb306ba47d87288565429e62b8fc74a12b928,0
6a2e0022355287e425fa06ef320c38fbc3e92d5e,0
d48e4d9e17cf177ca312c8e8529a55400ed677d7,0
9908c0bba8622a2f28e6d22faf0dd58216aecab6,0
7ae807757d5aea5c38adf0a148e72fdf90b0a3a1,0
243f696f44ac5415395b5e8c0388c72d65e9a2cb,0
b0764246d1c9090802a1a7cf0f7dc6e85e72b85f,0
0a94365afcf833dff0a4dd0ae092031584df1027,1
62fbc0c5bb337eeae4581482de48300598294008,1
55916837cacaa3cd78bd9b9892e2808e980776c4,1
638221a3427bb510b5ff7bce6f474c9f2eca19ed,0
ff51b5f190c56de9e2d1bf45ef4913396019bf3c,1
bd5caf894aa3fcd3d7fa846d52d16259809cf4da,1
c07095b4ec3ebad96653212fce8c9da7f98f010a,0
4b5c14f1d05a399805969581fd71d8b31226b58f,1
05805dd9fe288b03074d5630786f1f5540b2a422,0
d5929470c3d8d3c28c4f87802339015d0ea03784,1
729e7aa522b508e50bce1ec351544d8e7badefee,0
cf36e5f1f58d344d1f3ee72f56df3276debefc3d,1
b72ef88561de0a043927de63dc1d1daeb3e54680,1
f48f7d42fc166584bda5e0608a8389e7a9ae5447,0
ba9a29d839ae97aeee422c09a32c4bd31b766e68,1
08e8f74cd4dfdff555647bb1b27474c16836e564,1
60bf2ea27ec561e36ebb1a8f401a4141c69f5c50,0
9c7059bb3904a8150bac32da276d6c69fd6f42ae,0
6cd292e4d127cf11159d1894edc94ddb71d51351,0
805cf97544dfeeba45f86761db32a792a35bbd36,1
0c1eaa6219a8fa07bfd745e71adc23c87506c0fc,0
17b07ccab1e9b1adac7a4e7d99792ccc55da02fe,1
eb1b7d54bdea914558a5bf86e7a50f96cf951500,0
ecf2039bc4699c072f0dac61b30b1ddbd49cb949,0
d5d595218f330ce019d7994da90f3723866cbc10,0
59f45904399a218d37f2a32f7c5e5ded6eb918e1,0
6714bc4af281ff74c2677cfdd939c6ba626bbf41,1
03a3daf91e5fb1d5de5c03a0fd5520789b3d933f,1
28f7bb44e54fd2213e1ea2a427fba945c806206a,0
0d4bcc9871fc764ea7e54894a2bf870758bb006d,1
6d19101b1f1b5de7086cd97f0c0ffa074ee77492,0
6f7eb5eabf51ef9784e8203e7bac16796d292b1e,0
63dcfa97d30d6e5680861c924ed462796c9967a2,0
8b680478d9cfcbb84b8f7df5f8351d01ba385388,0
f9d880ac732ef8fc193dd2b6d2c047c9fc56ceb1,0
e49424d8c3e4369017d0f07d19934c5c6473d182,0
df7261db9f517852aa5273788a06a0919fbf1321,0
e82afe07a06f381af55ec89dea0faefbe2ac301a,0
ab541e8c1638ba2cfa1e6721648008d7eed9d28c,1
c0daa3e3bc84fdd0b51a1c270c863860fbb3036c,0
7f0ced2adb6182a80a8887df06390d85defc6232,0
7299f22f02bd335b3b5137f14b534fc238520552,0
2caa07f5ed1f197365fad539941fa766ce566095,0
5885ffdd0927864ee0756f4d7ac47bd7336f7eaf,0
01b92c233be4cb7bb2e876989dd712b70c7049b0,1
8234167296f7ae93bf1471bbaf0cb3bf3dce8241,0
1ecb128cf59d9233229f58ef2c2a58f2f36f1d91,1
c3970ddda31c208308f766201657d488660f7726,0
1f03904d008a67ac8e5fa1e4872bce7a2ffc5b43,1
5d67de2eea37871ca5e999dbc14f34749088b390,1
d8cc1a8cb2b7e7c93b86be54bb50e379a6424e1b,1
9bc115c156573788043a374dc2e3f52001c1bf26,1
294e917ab627eb75fec01f09dc339c8fce13d690,0
952be53a64472d813eba1d9d4f6d606a1ea60aff,0
11c1bd55635e1ddf618ab30c5a5101a78f8d5f83,0
efd6a9a18920225709822db37949870336cc84e0,1
e965c6f774f69decaf646b1ed06479403869ed52,1
b3d85604e96c35fb852c3fbcabca2e6469188429,1
e165fb816201e6efc68da0e28387221bd851ba88,1
bc85d77c6662a7a0e60b8dc5fef5d85fda5fe6c5,0
3efaa2b6400902f3755fb5e3726a1271aa84abda,1
a63b67984958fc90525b71b97f6b884183e3e950,1
5d2a0a9766440895ab1427c2abc0a954cc4d0517,0
5724c3b4f703ff10b6444440d80fd58f48aae061,0
4e491f0beca3cc68b5013cbe726a9b358bf0f668,0
c58b9d704c3839fae78695b9964e065ad77302d2,0
b246fb668adfa017a5688d88326254f49617c51f,0
252b724213d81b71dcc18d7d2ddf61bfe44e01c6,1
2e656819a68e4ba6cc2af57e95a4302b9882972f,1
fce521f79e4714c40de7c84e456a26388367c544,0
7797904904aeb7727ab4d9f77191a89adf58ac54,0
d83ca76305a9139bcaa29ac05ea21e5f6bf1abbf,1
f86bfd58744d7f0ef86de695dc83b71b8f82dc30,0
fa98ab3ae6d8c3cb78ceb95b57ce022e86b19cf3,1
6ef9dc382c1d3fbcfb055383b7f8ac6941cb751e,1
a51ca0d364f2345efdb4a04308111b5c23b72899,1
b47cfb9ad26cb069e7a1a623bc81c89ca7334596,0
b5c5403a8f7de0b512062ccd737f7f2d2434e87c,0
4ae295b8a0f97dc9d7cd0de21c72536dae8885f0,1
c0ee8a3c293814c3b9f7a4031c6d2fe07ecbbf3f,1
42003c175766a993177c3dd40c1c6e6af0b45ffb,0
1d15b7c8ae32a53299ea226b1300c5ce3b7f670c,0
5f41034e01281764cd353d85856148d483bbc9c9,1
b70f39e02786c647b74309ea4329cd7e63ff50ce,0
75f86c875ab4ce30df4168a7919ab0d7fd057bab,0
3f09f11aed3b614ffcb90d3d05b27c20e1d02242,1
de40851538894e4ace044f7f2719ef410c3fed46,0
3506cc40bb976734c31af479f45673cc977220af,0
2d6a1b241bbd31377d8ae566ef300f5b593bb78a,1
992de3c361a9aad1f1a675b09c1cff09852e71fb,0
abaecca25714584616d10ccb2004fadca5902829,1
d3ed5a4d69bf6397c4a1450c105e1798eaadb6bb,1
b9d78d18b44d1da66c8e187b07e5e876729dac09,0
6c80fd388c091579890af2dce4c15286fb66f521,1
a37252c7d369bbbd913abe6fa8bacaf41036425c,1
413b96e03c0c31b43c37ceaa04d5fa392d855029,1
1e20ae599cd3657a271e694ba296fe39710c59e8,0
5cf0d7e608c073afb4f2ff99d83364008ef526f5,1
58cd496f77fd0163150cb72dc5f07b47d2324558,0
2c5228d395bc367e51ae8709f5d4c0ab72982558,1
ddd0bc53fe5547bb34b7e03f6254f1b99b1f672c,1
db24a0b08e62c7795874b839bd8e1feb981a1c27,1
360a495f5a0ce645a1d20102ceb0fba6496bf42a,0
4ee84d3ea650697e3e580ffc24327e154dc61cdf,0
d7fdee7e7170d101782712dc8d140698664d5174,0
fbf8a4bda596caf8ea04d23770d14db8fca274a1,1
c704e1588bd8c29cc20789524c29954709b276ac,0
5085440f8bc384e5658c37774728d6797dc7afe9,0
fac17e241b7b237148bab87f0dc56eaffb95db47,0
123ce53f38af64a9584177fe07d44d12a94470ff,1
3641f85aa8d5723473822870041f6e379aa57185,0
854adec8e0b82f11b4959ee41b191bf0a5d6a22e,0
3dedcac74eb5ee32ae544421f13daf0d35a9924d,1
8b14101ecd75662f1c5510aeb3eca8e9398e6dd1,1
8c79cd3e9f61ccfd3554833f71f3818e4d39bd95,0
ca9ca5eba93d0875bd8b76d0fa7d08f3901fff93,1
bb4274fade437f2497201a6b2803071a3131b41a,0
3c16ab8c2ba83a3ba060de08c3afb1b272a8dfdf,0
5c982424ef5f203a700372440b36803a66e9388d,0
1ee8bb3ef7105311c507882ed238d65e13933818,0
18a8fdb827bc0967431221c8b1c1fec4e1a7ccf5,1
155667c21c9c4d55167bc303d79f1897f7d60428,1
3335a528901ef33123676cd8b05614580d6814df,0
cfeda8b603ed4e701d492a139fabdb975a79e662,0
aabf2cbd01e37d738d9cefe83aab67548a5c8b4d,1
20a74142df89e7a999b7eed1936b4ea07fc2d7f4,0
5120ec14a783615f0e69808ddc54d856303dc4a5,0
244f127e78d2508760a7874c1cf9c2891621b50c,0
2a6811b43dea65f3cb2226a42bb8344943ac9edc,0
5caff8b3b89efd9d101e979b8039711da23c6965,0
ab355d746531fc34a00a2ce8512cb07524251c59,1
0e4481dfab61fefa08caf1d6a1c2596ae96ed3f4,1
92f106c84c6b81fc705cd5c3217c3388c318d4d3,0
b26c9fefb06d78a3d6f7ec620783133974b0010d,1
07fed5143df351bcc5684c6c87c34ba12ee13f43,1
4b44d0959009628ce7581d639fd763b0e4cd6c6a,1
af2eb7f551dd0926fbfca299a44820b6ccf213a7,0
a3f2cf1fb62683ac592df82ed7c97a91ee9b9d24,0
1f5cebf72abac76b7d215dfb668a16cf48b8382f,1
d096774d3e450d7924dd1c7fa53614016644c828,1
79b9ab833bdd5fa46d3c9affc0d90c608f00eeb9,0
ab999642f7ae64e93cb79607a32b7510784b2472,1
1933ffa965e095bfe3c6f92a3a29e45124ea27ec,1
4d27c540ad2749e99acc5d0b47ec539ecaab63ba,0
b44d28137fc5fbb2d7d5730ce62503d8adbdc046,0
e131c45f233a7e66d0c1d8fa37e55bdc59ee84db,1
c9e51cea4fbcb356ea2ed4e2670fa8b6bec49c17,0
6adba644ca700a1f2f4e2f76b2d888a8d2f2b6fa,0
a8625060daadbcc35fea69fbe5e72b5c20d291c5,0
c7bce9972a3a1d1031f134bc7ab12efb07bab513,1
224268f23ba125d1007519caf2f180d1ee6c2eea,1
7d67a8e2f84a02535ff33f7548c67590e55103ae,1
9b0da3c5791e1f4fae70256d59979fc176067b2e,0
be588417f7c956990e4ea602df81bc43abaee0c9,0
bb0aafaf12fd28150ccb41ed65fe62f3e06cdae5,0
74a02d930dbf9796b18d3962de0641e55635fdd0,0
e72e81c09a4732fc7dc7468c247021716a239632,0
4b7356ebaf3a1fbe1fa181ed2e44a63338c67fdd,0
a30b1743b93d0bc23e8ff7cb8c025099ed48f759,0
cb5b743e692c496360578e4bf5e6b419d7c80572,0
932d5c62618565a5ad7aa2e7682861d8e029f7a4,0
bdb06ce145bee8e04c88925047d4fcde6323e148,0
1ff620a9b322e01f93e4e5517dadce462317357e,0
f58a7c3285ae3f1f7b3fe78211cbe32314c27322,1
dfd7e15761de13544f1cbd9ad261cbe15e0c0fbe,1
17aa7e6d9912cf19c4726071e6253b3b935c66b4,0
ff19ab5fa83a670736307739e6c474ed04f6acf0,0
287676dcbe98438d1014bac8329df6aa523f13a7,1
860c0b9de9c0e84c562917e9a45000fceafb1dbe,0
4f11ec6b2c0692134a3d2b612ae6b1a428f28902,0
58d47be518e9242123e8b198f6189e5329a320c8,1
8abddb9134f29deae7dbc6e29fa48038d09a6213,0
50fe6899a241d9c1b5b047e356c6ed21f35ce23d,0
60b7ae6ffe40ab9f4dcbbdf2d25454c29b6ae1a2,1
9fde7e773c9c5571467e81c9a6993c4e6f471a10,0
0b45a84e4cc248eb7f0836046044517d2c59f042,1
2d4e3e6f39ccea691d90e1b10bddeb30debde391,1
aa53a0945d00d3fbb13f04ae4514feea7853cd86,0
4c43829a218954a82401bd777043458560a1c745,0
6cbb6b1460ca5503808ce24293f2fd72bff73140,0
df81a1548b5045c236b781ebd4849c4d79744070,1
6d911d61972d91675b35db06ac8b1edd9c3e5643,1
a276aa4909f240eb03c1984c20f6911f5e3d327a,1
9aef4b392e52dd5f38ebc8aaa392fa4d623a8e4f,1
de34ca58069c1bb1a4d8ac034680a8587dbae279,1
f26ecc7d8b2fffff2598e2d052fa7b982da22ebf,1
11a2473ace57b5591b9cc588a57880542ff3449a,0
2cc6455012ff40e4bcc97c85ff8965eea726bd16,1
f30d7be11263c4bfebfa50f42808230ff50e9a96,1
2bbcecff0cfea42da881dcb311eee36b76f9ea53,0
a9d6d8ea4a91a40c95a18db0fed8d6a500492306,1
e244cc569d3aecead2343694e09301cb4ade8521,1
25257ef12c739b5eb5cc6173305baf09ff136dd7,0
49dd7880d7c7e989d94423131e5d91d04de88a1f,1
23cad2644ad9d8cb694540ddbc79c796d7e2a4f3,0
9c84c34559caaaac63aeeb94251d53a023e9596c,0
55d7198d547b000b1e53ca95e3850ab55ce14dee,0
3a79e101768b2618b994d6db424a0f6d1ec73c7f,0
037e1b126d7262791b064644294600daf0b86018,0
f43166be92b9498bfb477ae477289813064dd970,0
b28eb37ef40f63c66b2ad6abb7c7c2a074901844,0
3931c3dc17f810cf85a0aa1ebbb64716c6950117,0
4d9ca47a3e43b7c649af3d5f9777e2ce30938810,0
ae54415d2422fe7763d4bb6cc5150b0cc4c4c6a7,0
70f2370aee84885730e3f06de8b9cca72de07192,0
fa992fd77fcba4b73d25739427b280d3c7cad8bb,0
cb2691e9266786a37916d213defc4d58a3a67a04,0
2a37a668c72e96b1c1ee077045a71aa91ab7f85c,1
6d7e5582962a996b3ccd34c26c908e91ff546149,0
2bb8fcf0e8bd05b1db36c5ee3599c7b8c027e954,1
c813801480a307c8a6dfdfa9ffaeaed115a2207e,1
cd240f19827cdc85b01066811118a9c1456a9a2a,0
6be80afa9808f8fb4bd6a9ffc3c9058c836a7ab7,1
426b14a2f0ee4d72d9f530d5a19738a9f70dd336,0
afc91a6090100ea379cd63ad80fbe6bbb9e74653,0
2cb0d2cd036f704af21cb8eb6a46e950fa42486b,0
9546e8d8af328d42e58c490218062849b3e11838,1
2f37ff0441a7df44ff18a1461dd284cf6bb10077,0
70f83d0e5ed684de56d37309087ac02070c539de,0
80db301700195849c121a006f54fd01a62be6919,0
be4668358343b229f01af2d67f4742bcb60f43e2,0
2bc0584871ce77077e125488081a228ba83295ed,0
c4df3f74f0c4e778bd1bcf648bbd5d118ea29e7d,0
c3084158ac4f7d5609a8177192501e896f949e66,1
c3de230b672ab3d280e200501201003f596ce701,0
5a6ac6704b55d4800c98123e0c68d8f27a6e0bc3,1
4952fe50da0571bc642e7e076695cf9674999d95,1
8088aa68b47f7a31b79534d013c27ea3f629b53d,1
4028f807ce558e427188955b23bf9b3971d80e22,1
40e2d901709facc31903c42a9a85660fd81da2d0,0
52f99df4b1d5d2d103b879102a2351943499920a,0
f243d0d2eb700a70c598bed0e1d4121c721aec11,1
ea838d4e122a2cbfa9f80b5af263c777982c6712,0
d962307ee35e1a276201ca5255e7478d01c4ba93,0
208be1e6ce6cd8638170d39a95f70170cb05997c,0
f7f83b8acd0fc75b14ba1835f1ac770a7e67a2b1,0
a5db86a8676cd0342a8ea5b18d8a45762d8c2156,1
ece14ce22880325969a79c66d85d0dc4823a4416,0
270531c11d866a2fb29ecb514aca662050e805f0,0
e40ea3948ec06b0e05998d1ed2c7dc6d00e6d565,0
f84dc813ff0206b45792457a1dc2e4927a99a9e2,1
7dd1ed8e9bb3c0295624f789a4a6d57ed3d3a0d8,1
c595217544522f5c39f7e96e711156cf3c8926a7,0
51d3b0f6573fcb7311b17f4987843d064f096b3a,1
c55cfec81f4faaf50ee16998d550b263b41f1434,1
6c3986fd338da9c8485c689ed8593e59429da99d,1
0bf8e2d11d3604443926fa53fd9aedef8a7f1c0b,0
6137d12f6f65b731a1a71138ede276fb9b4a0cc5,1
6ed0f1c2e54e868bb9ef315f0d36cfdbb19612b2,1
01f92cb7ac22abc867d88b4f279c00c7e808f857,1
d02116dd56785e32c524b82b341c8393a267af6e,0
3b82460f6930f9bd54581a6b03e7b50cc078d810,0
2a5c36d5a798853b6995ef8a323e3bd797000420,0
cf0b1571593dfd4a310b955a73defa411a03721f,1
bfbfed5f51e98e4868de93ef57ef32854871a13c,1
fd1e325eda77fa1c8c5a39805b1149fb6053e511,1
f14c134e16434aa3446bd79db8c3d8f341b93b9b,0
66eb931bf4d5d5bead544ced1da4e434f9aba339,0
afc972d1b8df2374ac622fcd1a8eef169c59294b,1
ef28e6ca043e37f00caf7a4a38a3bc6f7ced808a,0
6b10cd80c1223d48b61f0d5cb79cda183af5366d,0
ed31bc951854a5f0ef00ab453873229cbb63fc18,0
9a84dc671d99eef927660be38c8f42925694899a,0
37fd905eda50287fb292bb540a01a91be035f1d2,0
8ab697fe88fafaae7e466fe73781df9c761bf269,1
d0c504bc923166ad13d95dee05a83c6d4baf8e3b,0
1130f9aaf9a0cee21c9e39800f5ebf17ef216879,1
a6bed774ffe87887c6a84a28b45d0eab31f4ff15,1
2a4da5eee82e65e5beca8433ad916eb01dd3a382,1
f2919e55d1ead658417b93c2f5fef4f70e393bb3,0
b235146dfb3d799ce025a55808a04db0952d71c3,0
5df00f664778698a9da072a49bbd4cf5367f5c3b,1
b834f7323f3d94d9d6839b8dc622a5c20b28c6ad,0
d59f283e10ba33a0e7fd4667e7c477d87f9e9eb2,1
62c063086afb54ca4ca6e9056a8a63bea8bed378,0
fe66b114e87f429785b5421b1e1b32d281ce9bd6,0
ff2af173335b9fe4ac74d1247c73be60b4b744ce,0
53195ed04f4061d72fd9e158b5842542e77a0a55,1
6e0ff91e4a732434bf637c1f065a5c3e35e38609,1
8c8cacac169d09f359ece5a4c9ce2c392d47d4c8,1
eacecd96254074d6c02d22dc05fbda0a812eb758,1
ebe272fadeba4e31e4ad416a3ce27141dfb9cbd7,0
1d1c38b9030e49a27bb7547028ed6f9143261157,1
6324df34be6665428a81f7a4e9ecd10869accf52,1
34eb91251e81a15e2bf5d0383e47d4325b2e328a,1
920172154095be7858c9e9a34d78f8da16c1487d,0
761031d7d3f84ec586db593678995bb3c73ecf8f,0
5ee83744bc0f6bc458db2617d17a69803a4e7a34,0
c6cae00c52620e7f0a4a997c6ffafeb0a21ca54c,1
1d7ff52ffc21b5c459bd915463db0f055f801ca5,1
93b8cff38728cee6a790cdfefbb97d6655f67ac7,0
2db1559e5c0cae53c6a81c9ec4a38d8ee86a7e7e,0
b38cc3e5b979b527389eac6a44feb327e6060c61,0
1a1fdaa6f9d38abc8e19b960a53c1888c48c0ce2,0
f33e39f3c8e1bd89c73ae90a6b615b169b174c25,0
77d6fd8baa7436e23896c2213401c4e00b16bb6a,0
709fb4f3560ad8a3f55e509203de002b5ab406eb,0
896cae9b1bfe4dcd20a12187ceb38660436d5cf2,0
104a2c23a1333b06499057ed91b17e49780cd3c7,1
9f52d70c4413ba17e76746e0343dd0116c4032ac,0
a972b676c0d8dd2e74dbd4012aa66312c5a08df9,1
4955f7a3a1ec437518ae6e56b1f062ae7129a724,1
cbf89c9b57a1b5ef3bf3d7b53ac784e61d4cc948,0
e3b853a66b2a04f8eadcc8de539c039278564a7a,0
fcdc06ba110abe930ef2b16e261b3b9d07000669,1
e5de2ed0095d8b7b8889c3b0b09b041ed3066cd9,1
394b309b6256fdefd989f2b358c963846c840d7c,1
56f63c7fd47be9a91338d925bd3161f14dc7b0f6,0
a01bbbe407d11abed7f80da3a2d80d1947694f22,1
14118a2efd0fd775561d5399dd70d361e24d86db,0
85a2f74b958f9590658053654a537f86f5654fe0,0
ce8c61550980752b13c3ce619e0c6e0e396a8e1a,1
c2eeeca09c2ac2186105b80692c021ac023f0c5a,0
90d326165c3440310bb63519ead2e38ca423881f,1
ab793788e4588952d5e2fee32456013b29e19afc,0
2c2a543f584cabe3793dad086ff40b1dd92293f1,1
d016117156679af488465bd344a571d35071a7ac,1
3e83075f3088bd0cf4717849bdafac8052d5ac1b,1
390897a6591cf8d1980f421f613443ba1694b715,1
52d5be6b634c5e906b8b9362d393ab3cca0cf6b0,0
9001a5e8fc0e3f7acf07d538faad286cbdfeee63,0
4b9670799f5f55be364ca89093e91c7b523323ab,0
3570f2090b2ba70a0e37e90de05ad100c4264ce5,0
fbdc8d51813a0e75130ab5e07ed0a8f67e7c64ea,0
412763ee463cf437b5011a56a32e36bc2b8199a3,0
da408daaae190d0b18f79432e5121cd4508098d9,0
4b74225d960fcef35fefae8982549dfbbbc62bd4,0
7d927c58939a2f9e55da81cba7166f48e2bc7705,1
8ca236ac013cb2a24277835d62a62d1365bc617a,0
575ff446641285f21b7240736fd8ca909dd5df3c,1
b64b29105c291b78a2a2cba08732c3fa945da7b6,0
0f84489ad73c51ef03ef06760f2efe93e25333cd,1
a860dd578abab554d4c825a22b88d1772c70cca4,0
8d265241dba1f34b6f18783f450398d5ea747902,0
07ca64b467963041408f6ff0962d940e2922bd66,0
7c07b21e96675367e99b9806b5359a1591aff239,1
302d10e5bc6eb9f0f3b7a4ffdd23b55bdce30c7d,1
1fda579366da2ea3094cbde6f35e2fabfeba6d90,0
fd2ac8758f1bec1f3b9cce08476ef44e3634af00,0
c7e7117d577bf91a4ee3e6e32bb59c89fa88d2d0,0
8732a294603c6b6ab3ed0075504d73c3172c88c8,0
c45978168ac8e6fceb6c09bee12f489247c05f09,0
ce2d373e23b632d46f20980d4da2d44049c6ddd0,1
a35e008339f13527cdadef0f34147e7f38ccb127,1
47bec5a04a18877a90460cb8e7fb45273ac1acf1,1
bd8e1416f4509c8023a2308fc58b2e3975afbc0d,1
355d3277023344fef5ba65aae48afb36cfa6dd82,0
c78c37a07b1a0a89d883cd49c78ff0fac70a9645,0
5e9cb4a805fbc297667d32547b53ee7506e533c5,0
7be846698c00ee5987bb61900b79511db053efe1,0
8ec9b7088a67aab888889c56cdca0cb04baed590,1
c7d45036e4f7859a6d6093f08d02df0ee82a31d6,0
2a45a3940d0c1d9c0cef7a181fe31215f506457c,1
83c27fc0a126646d369e2b8e40aa70deb115ff9e,0
a9a92512b94ae03907e9337eaa4428ef96eb9ae9,0
73ea093b54973a7c9fb19fb77fc4c3e39f8fe706,0
8993020f1c43439214a16422033c81536fb0e1fd,0
148639701ad6686719deafd70e2a343135645c32,1
95e23018462a36654e84c0d2fa0fc22a3a24e2c9,0
6c33ad25384550cc69d5d862aedd591ad3a53a7c,1
3e2020f5ebb68386c5c034855329ad0ad8b1ee77,0
2f136ff2848da46db6bc6816b7a6727e0df09ce5,0
a7f7447d957269afbac1b12a3a230e2097085b86,1
53be74c96a7bcfad4a421acd450529b6c54f1708,0
05308c5e0c4a94a817ed31fb95d480a36eac43e8,1
4ae2f419ac9a20087ccddc9cbdbb9e4ee6cb257d,1
0234fb8adc08dacce11cf8b1e3f292223b761c69,0
668f1224da35f6b55671c5bfef8dc28509223f26,0
8c327b74a15a1e953184fc7792997379b56ea6a7,1
659d5a7ca3f48bff0c1314c58c3ffef554ee8c71,0
25664aae3fbe5c5da903fe32c99f4b8fcb29f83e,0
3dfa2e3d6d797edb97c8ddaf2242c7877aad89ba,1
8403a00407f58da32c05d5361145516d249ce454,0
5c00bb5cd8e7844310e1980c30a9f56de0094f21,1
6c7f17d91a459bc17cce0ccca9f7d92fcdccb368,1
91b5e12cbe7add9318fa7dc7f4bd98d96fb9c9ec,1
dc60aa0354c3f2321a1d1dc135d9d5d9d0f888ba,1
dba4cdf47e9b9e4fa63803aec48ce7d6f7433480,0
1730f9cdc6484178872dfdb35067468023343dc1,0
9c5f76cd05e1198b41dbc5c590371583904aa661,1
939b6fc78ab226306ab2d70d45bb663eb7f97d0c,0
5e502daf55ac26f157947c95f74d772d71248cc5,1
fd38f3a1673407e96c2ccff0cd59283933f2533a,1
f3fc621921fe91b1aa85eb08014c98cee2a910ed,1
5414e9a0760f6302c9bc8598a44180323c343554,0
071ddf0af482fe312e491d497a007e95acd2e666,0
bf65073068c420629d1e43ba1322a9126789ec8d,1
2f701d83a19d2c5c3a643d43a0a6f1121e7eecc9,1
0ed8557583b7c0677759f3e71fbe1011ffecde4c,0
790093494b929136c90632bbadb6f07454361d30,1
fb6061b0397394e24559b48310a8e172131042fd,0
04ff1aae80e91f9968e525894dbfde64de2d5633,1
e794f7293385de06eb81d26503cb433191f44ef3,1
5c44c5ea55bc29bf93e08006e0cb1732f2991129,1
7bbdf276b63bec749e5f34924b7a424400292aa7,1
642d0cbc7f78c81edf4c64d8dd807c73e9a7f4a2,0
30d4dbac045d934d89933fe72ada65f3b19be929,0
02702f903221d30123c3009493beaf6f9d801868,0
677c5b789d2531ac703adbc5e76b6bf9c4b7cda8,1
fee1e36717b0b61e82d484f104fadd72491f9bb5,0
4a6e0910db03b50ee0d54b6e370596cf10f91d2e,0
9f6bcb007f954871944cd2b1bc802082719b519d,0
f56621fba2b4917c633b3cb58f3eaae74bc3b51c,1
9ed6c0f30099a3f206526b633de24d04787bc18a,0
b1a7bbcd959a99df7e8e3ebd65e78907bb9eb783,1
074d7e2b4db7b2113dd1c087b29002b17abbc578,0
ffb3def56a72be817a01bccc17211257adaa9e6d,0
ec3fb9bf9cc5da1fc5b7d3207d66dfaa0faeb6d4,0
2f2d395fc33383f270c66068593781129c215e19,1
a5c560deaee5b342ba8cf9a9c424892f00710dcc,1
3f1da2f712ac73ebe67159261a6cdc24d3e264b1,1
c93841f772840eba9721f23de130c0e06e6b21a6,1
67fcc6fc0450a258f648bb09152f2dcad047317f,0
dc40b4290338291cb9d2e9446a1dfd8b2c2ff338,0
78c5bf3c98fff57e442b4a22cef7508519873db8,0
4bab0478eea94a11619984634072ef1d5b332639,0
0bcaab105560a0321e9623eeff476d76b29cdec2,0
797e9f4ed896851a202f3ad498d68c208cd59ea7,0
c9a44a7aa675bd3cbfdc34f2b3277ab258ccd3de,0
668182ffff749fa52137f098de2bf7dc0a60bb8e,0
2ad5b9087b54eb3d90f3fbfb377b0d6f6c4020a4,0
7e3e0ba3f16728b262495e22a6bfc28b0cb88089,0
60e741a9f99ea39da3c68f6e1471440238c24660,1
2418cbc0c8ef6098016fd15ef4918ea30b66d92d,1
efc00305b778f38cd10bcaae3a9cb1d3f0d62ed3,1
7a5209e5793fefed997d25b557969098e1958410,1
cae77c7a3ce1a4c0b5808f997afd337475ebcec5,0
0cfbfdedb9068290e72052fe1667f9a007a3407a,0
57b7f0daaa4b8032933739aa9622041ea956dde4,0
3117580c19d9049d9fbe69eb6c5600efa618a62d,0
cb7d6d5ed98bd4c667af44b44a4dc96860d773b9,1
b1de2a8d608c3e793de6489a1fcb3beb25fbb62b,1
befe7b15e45a59e836a5a4e107044abcbd724663,1
8f2261abe38deda07692dfe2f2ae9c16739e2185,0
c4a111fa924ad5e80c4370a9d1d3dfc3b9c2dc8d,1
77449a51e0f6e9f674cfd819e2f953a3152f52c0,1
c4aaf3b04e1cead3cd0f1d0c680e7dae43611833,0
731fe361f4af33b5e4f11d74b2bc7508171904e6,1
79c0433a34d8d798eaba4d0189b11d134f955410,1
12456345c52da1fb0b00dfe1ef450577f9a9361b,1
18942223d53ac3444521456db8401552f3448265,0
69f4a3443024afd0702cb28bd9deaff97379f952,0
bfcb868a287c5d0276fa687d83afd4ed25e7b1df,1
7444e17d8ae0804f8cbafcefcb4cb15419e9d3b6,0
aa14d344d92068773d7d8af5acb03aa5a28f5774,1
f1b5685d8ce49b6bf76135ab5115493b68e12b2a,0
0aef185869922c83d8566497a138a9b659b9f733,1
13b03f7eb71c5c3df15b6982c7dfc10020f4bcaa,0
a5c9713af5d18f4a8263c3eeb93a27bd2958780a,1
6c34c79f3908f2870825141ec3a5346bb3067d3a,1
c13d877ab572e7a668cf54578cdfece9e4076615,0
5c91610ba5d5583d059728dbfbcb7a2b24c874cd,0
ee9899cb8f0d0dd5bf05444cdecaa420ee8718dd,0
ba0d4c071abe84eaf42648906929488cdb7c35d1,0
cee9d37b143d7ca99fc6778b72e04423d20f2ee8,0
7b68f8af6438bc32d5de13cdf4378e0e817b826e,0
7593f9e01196e902eb9785adb850c368741e992e,0
46c3f02042a70e1b166bc95d547e3c954660a54b,1
f95530dc02664c93dce53b83555797c26156389a,1
3174d2cfb80625a42522eace4370c402fa1f1bb0,0
dfeec2310a715cd0ea63e6cb85d730e3d327c3dd,1
3c87e2794819d8eb04e6ecec6cbcce3554d31d00,0
acc55e06910084848c6b2e85efb781568f75909d,1
66c3d0e1680165f3745f613d9eac937861831a27,0
c427f5b620c7af1ba89dd767200f0ae2b4fc7fa0,0
16a734b53717a0d734b710d8431b34ace49eb246,0
2a59459aebafcf9cc94dcfeee07c09de91b09f29,1
51813ff49040b36e0933e517ef6d3cdd3ab8cbba,1
0082b1ac79ca9c0b1e300250c8d19ee04b4759c9,0
07b27e3775ad51af548dc4079e20e0e7f4247036,0
1b29d13595c9622d445cfb26c6afb76387944595,0
18681880bd32edea17baee7cae587862feb385e1,0
eb59a9216c05dd263b5fd3f5344172c6a7495d19,1
d79a2b7d4001ebf44803f8936ea4dd4f8feb15a7,0
174cdf151fa7a56374798e2c97939179effb9dda,1
72e8bab945c49b92d2e14263c34436edd39abdc9,0
957c45645f1f30a4a936809a88f4e6ade12b8a59,0
b778e599aea2b360b9af79b0eb72c10f0d02bd81,0
8817fbe7ed996355a2f8636bc7a162d8881beff0,0
61cae8b9739ef9c750bd3320e560e2f2f4ea137d,1
40180d30a085258264d454cd1c29448be9565299,0
9b1c69caa46840e15b983ae930189327564ae61d,0
3dcb6a6ed4f45af04546f75c66b84c34e2635728,0
868860541f53b51d101fee60a704ed227991a83e,0
74bbd17e6a214df44e41787d1d53fbfc73a9587f,0
1b52de8a2f9cc3497a8b36809c74b5218d0f111d,1
344977c68bb8e00533e9aa2ed7a2c2405f8c693a,1
7ac550ab413eeb5bee063ab17259357b5366af84,0
e97c010e3e0d82549d74e7ac7caa266a1a0331f9,1
22491c30880f5a5f154209bed8f2f0a0219b3d38,0
b584d05b64cf12c2215a206b5385885a94a444cb,0
802030248ee1a10a6e91e65ee3ae242fbfb12067,0
26d2a71abe8e03dd745e72b4e8ea8ead1c199a30,1
2309c5ad7f26f32818ddb78d7007e4c0782077ba,0
6a86393915c2d2b1f8c19243c2f4e08b7a0f9c17,0
e0591f9ebb28879880cc80aac65de105ca84a552,0
1f51f6af2f7dc92fbb400f8504e17e4a2a4086ec,1
ca0c248d73c281d4327ff8b3dd18dde13b3ec0f2,0
352d2f42eef6549a8ef305917c9488174293dd57,0
1a0066df36e23ba521a51a04655e3c33b0cfbd4f,1
68226ab6a57215241d8d59e0f4e0adf748dca40d,1
e9ce444fdb14731e35913880c96d3db1d934736e,0
45d55abb66949b4c12daec934328193eeb90708d,1
d43c4caeae52b6b41457c970a9cd443e75c51a60,0
498243c4b80dd4ca75237dd0aaf9b1534b12de91,0
a9a422311f271332caafdc205961c5f3fd0a0c52,0
ebe9c872a8ecb29c81de0d57e45f7e300a2fd41f,0
1899bdeaadfbd233de0affca718df785fa170ec8,0
cfdd773d5986428a3bbbfd488752dbf69c761f9d,0
b8f33a76aac8f2a82b376d52a00711ca9b820171,1
64c5f2d34d1edb99bd1774674765e43c3175d9ee,0
249f2342ed2e08f1e7d8076989802e7e84929096,0
ff099171a7596a21dca1386cd91dada5bc1ad836,1
9fc5ba17007a1068cf63740e58a99fe4e88fdf01,1
c74c522eb8216e34ff4a0f0505ac29868106678e,1
eca765e39b0c3efb539af6a74906d86d1b129ab3,1
86d699a14bc01fd5fc4ddb99cb19b48ceb0b972c,0
bb189a626e7acc2ef034f176ae40d48fecc20f07,1
fdcb851ddb21415f3958d77835a676c62eca6bcd,0
d3c1aca447e59c219d04451cf5629540acb15e6e,1
e0a6496f46da64d51b8bded4d5f63c105648774a,0
f556a4c7dcd5dad025d8a613c77216131f60d4e6,0
273776192a471b1a04e10b45ea5264f063621da8,0
e215ed3014665606ae8f8f261ea43e444d2a1f6a,1
befdba20f22ab630d8e25da2e99ac16d870c6c0d,0
164e7139fbfa570095901f8092f120dde44f3117,0
276c79d5a8b4d553e435c2dad387702a2a03ba5d,0
31ded274056499f17dcc170a9be41046408dd4ea,0
97ab2ac0da891a4df86553a32adf35d1e23e6db9,1
aa550e8a4d6b9e5d7b4908bc69e615521aa91be7,1
5c313059128d6454b4f0d075829b74e05e7a55e5,0
ded68ec07798952f95b7f685271d54dae0b50409,1
239f102d51eb2790815df385873f4584ac030ea3,0
63ffc38b5e0e27e01b8c9bd12693e5cf0b31c1e1,1
60fb3a4082be6dee49275d9d679d59bb9d76916a,0
deb77cd02f0f7c806dba9af90b0519776cf13565,1
e5bd783209626feb35eac784db3c05146c8c703b,0
d3d0c3001c7b249fe638d413b26a4ff47bab26b1,0
2e4b52d63eb0ae64cd3a783db54096c20f888116,1
104cd2e3e1657b5a3ad3f61223a7157e5168fbe5,1
cb7cae32af00520eddc6e5c5535a7f8148e60a9d,1
f4f50f0d0b336f3d3f23b68454bc98fe6e44198a,0
aa626a9456a0088e97eb3baa9352c4b732c768fc,1
39c12a32d1774fd738e461c3fa7a4e7e8951d908,1
df42f19a0dc4b7ca9c0c1730660763dd24ebe614,1
72a35a64b3db405e56e6dd7901140250ab069ea8,0
d81834a36d41dcc85dffdaa4941efcb0547fd2f3,1
2e5d1c2a55b444b732540c48d5ed1ec0c8a8a994,0
f29297693d5694bba81fde8c89fa02d1050e2ae6,0
ee29b41a4d1777724c3f065995126c16620441a9,0
5eeaa9af81a269c16cc7407cdfe0a75c31722273,1
00b509c447808548bbdae925224cb37c3ad537b2,0
5cc7c3ce13f199757200a4247815233287fd4625,1
7d2e7c42ed9ec154a676b4b6f0d1f15e69f55a17,1
c09a37c58c0ce692e793e30bbfe82791b0fb6be0,0
7129a29cb0b0db11e628b533c261b1336a21edfe,1
edfae396aa272aaf5edcc977caee38e73d4e18d5,1
029200902c9d78b524782e3245b6ffadf7943414,0
cc23232060ab3a8d85b4fe3a51820fa305a40f9e,0
dd190f0432076cc15c052837c0feac7fd8df0226,0
d3f6f3a7e54bc62c7a3480c88f508ca6c9eb5280,1
d38e4f7faf72270b0aa8607d8f8cb34a2d12011a,1
ed4fae71fb2ffe39f77fa47b960ae4aceff529be,1
2c8e2deebf4cdcad12a01667cde5b5148453ed71,0
880cf4d162990a0ce3c7c3c37f08be5c89a1fde0,0
5e42bbd0f350c8e7d0999ec5448f9196ea1a3202,1
02d149cbcb0f63bb8ee81be5d09f89ef4f4e8609,1
5366687dd4d4a210867e6003606d635ab6fb49b2,0
24525ae906843ff18e72ee5f3dc5d868e092ed66,0
2d1468ec5e1447cdbfdd6710f5e7ca037d5e46d9,0
72674c303b8ea5fc67c228849867c189387171ef,0
9a9447d6705d46fa39cf24fd94f26ba36815d464,1
4343d41760ed1dc7ddf659db2ca0bbb62068364b,0
f4f2e2e20ca8d1447aa64373263f6f8bf217ad43,0
09fde435a415590f1aa67301ff04470561dc109e,0
b95f2ee421b88c7cfca888cfb7a96e78ce933e9c,0
02da2316e3845514d1543ebdb3b98cf129d8af3b,0
6643cbb6806684ce1ae1066a42a786e0876f429c,0
c9ba11948df0c7199107761126d950a0042f14cf,0
c3a2eb2b5d8bf2edc57ebb2c723fbbe4892421ea,0
dc6571bd07683e61f2537a5b61bde97397a7350a,0
b5f8b2a108d1a5e2b89fc07c78eb21e43fa92be1,0
4776b0260963358ecc83a1423ac9f6038d39e8ec,0
8a61a4bafc4beb486cf3a6d5c289317767239372,0
21832af65551db91dbeabc0938893a596d2e1084,0
3929f9a9d491b28d17df3a29d493136a5edeb710,0
0cb9a90a31ad0d4c6047025c72acfc8ae90da1c4,1
52dbbdcd141b64278dbb8b66a85358ce7cdc0645,1
fe58119881f3e318c3d517c279ee30246815b1c8,1
81beb5331ed49a7595df8a175a807b3828df9cf9,0
17469b35fe10b57172f80e2025e6a7c8d4234ea3,1
c9ff3cf5ecbfca6ad1ef8d7e64e685f7b87a09e1,0
d4937dbea3b479c71d3e32ff3099211b8cc06af0,0
ecfa96a4dfb26ab0425ab8e0ce95fafb6461f793,0
1e02883899fb58b2ae2c34d5b0dc244ccacc2a88,1
7e19a8a9622dfd3bb0219812e07072ca3cff62e6,1
fcd2b48cc7ab98bc0c6ba5245d0afdeeaa13837d,1
4bb3457cfbd9b3d3a5499188d20f9cd88e000809,0
3b2387e562e8cef9e2b62460d4121dd20d7ae8eb,0
1f9b4be4306f028da5e1da8c2d4a4e365d99dc7e,1
0f55b4a5b132b879d9082897cbd2a90a7b3ca74f,0
b19f1bb7341b1a9b6ecb44a54c674322691cc05a,0
98b99ab7803e4e4c2d784ee08ce1eded83a6b528,0
973800b06fdf4201579801e5a7dc84b5486b206f,1
18e6a529018812cf8dffc2a126b8f8318fc5f5d3,1
1814aa55865c1ec7b2b8c6010ab82a287e46412d,0
9e232d501ba764bec3c5427ac316e7d5f89f2f93,0
aa0edf6b9879aff5fcd05171ae928555ea7a28af,1
8144fa299eae78177ffc2494f3655e133880ecab,1
7b43d9c22b987d6976128bf34f3ccb384064ca99,1
5d6f42b3415bd2d224391e94a7678ab76aa64438,0
38fc6a505b94a3d81050cdce02dc8b4cff40f52c,1
361ecc83a83d1fbd9a6391ab473f2b9d3c29708b,1
2a5492125557d40db3f5a6dd4a6adab2eb002a70,0
62124aa51943a28973ee3281fee6d4811b185544,0
900203e21923e027131f36e8e59f21239b8b4913,0
b420c9d961cea8198b09a501681ce4dc238f9338,1
c5fb6a47db053439621dbcbf3cc6783cec0ac6d7,0
48f1f1974905838ed2207f339730a3f7bf4cc1e1,0
2a31ccc02d08cc24629c5282eda3b2184ac9a17d,0
f891b04597af2bf24589900371c86d236b5956ba,0
1e4f98855a59f46de16a415aa6e625653ef12f33,0
b42b4e30530c6a46b08e2015e078095261992171,1
2627a4db4a59984a3c7fb50dc9589a0b22b1769f,0
dd4d11f6ab5e494452fdb2baac31481e26f368b1,1
5d40080af6ec37e8be7b5757102a03b83a6e2b09,0
6e95b3eca26e16ea13c086a315236cf70733affe,0
999d30b6e73ee3b2a29aec13c03e77055f981a7f,0
54d41672d55b35a63c39978f5fdaef8db27282db,1
1cf50127b904600cb94a5cc4e1c2ef12f555accc,0
66cbe8216b90869dc336d59e53b77adcc887ec19,0
b1102cef63aa588846b4b512e0d1307ffb17cd21,0
6228ac3b0dc1777e9e648b73ae80e68fb4e58d5a,1
81b11d4f8e9d24d26d8a22185c894b3d781e8311,1
428925b3e2ea152a95feab86a696601610755fbb,0
363d47d77dff8335f100c2ebccfbbe90a2ae581d,1
e8eede60b020d964454a79c5876af5a5de5a04b1,0
acd13004b86661d96df8d872dbda3a31258fd8b2,1
5246d5541b33ffb2f6c4709a9ff9b26cbf066f17,0
65856878c3032cc375720e98e71b57d026fce842,1
7368d1df5c441d1a9f713eba13987c1c11e3ae85,1
0c9048efaa80ab8813fde3b649cfc54f02dabe56,1
03683ddd1a9c6f0e99d181e05b6044483c12f22a,0
6413179f91f2d6532b260d040267412ef41fe4ee,0
2222ebff01b196277ccbb1d68df4600e212d4984,1
670c1ff6c22af9b63d26bd3abd5f4a0d91900257,0
8a94d8b2e7a2ca4404dae8de868c95733d1066cc,0
098bcc3598557f3f0a91c0c2dc710f713d0dc5ea,1
f9aa371bb7903ac0f284efb07a15165d4295e36c,1
28316c4592db02e0f49ec25201ce6cbfb406d72d,0
7b77bb17b1c7fd3f3c74a23b7f340d2140bc511d,0
8601ab6010917bff72b28f6d9da540caccd16a2c,1
ea8ccec0573ae254709c4fc0221daa883fcb89dd,0
fb8edb1b74d296ec32a04d859868f8242dfd80a0,1
5bd814ef9a45189aef8df1948cc7a4a50bb3cb46,0
e020e5cde6c882872803a21afda2ce27ec0f6984,0
eebd65e7bf7a7af4b7d80da879df86c4fc82a938,0
3120a775fb62764f0ebdb9f6ab5ba8b39a13718a,1
0bcc31b753dbaabb700a58b09e253b827c4107a9,1
77c5653b7c030cc02e92e3d782bb9f88cf2e2c3d,0
a18691b54470f01b53a99b3a30821dea4fa1b3eb,1
46f6fff0bf670b618ff6fac132e92b21e107fc16,0
3407d5d0dbf06fcd0e4226e1a6367ffc1885f830,0
0220a402b56cf3ad8e28cc690cbd22aa3df9f4d7,0
4b00ce424fe414da30c43aa974e71a996f805f07,0
58bf0c251c3dfaa1ca7769dbd0c59436a3f4c672,0
747963b9319d6d6c603fe265f17416bcc1ed795f,0
f51d4bd66be5d26c66ab56df185636c3463d2e91,0
26d116004106deb52dc53ab4faed28c23431f658,1
9094267054fcd0d736c0c940ff325ac686c6ddad,0
8aaa2d642ad1bf954333737859a6d80e794b329f,0
05f99f57376dd21c028b61ef1776bb4d8813044b,0
5263261244fc5cf2a521138f029908d74f54ea25,0
29b8ff7eb50871042b756aec8217d6c77b1a17b3,0
a42d445677a9e939fa4bf89d7fcdc5d883f06f43,0
0f383f8c51849abba20b850aa46369c4d04fb9a8,0
c326e14668f2ff40aef41319543fc5ea697e8dab,0
d7b8d4f674be91b7b1720ff592299cddbfa8f170,0
e61b9d5e0ef9f18afc92b652fb686f491922b894,1
5c24a8562ff362b72e18e16ae361f0802aed1ebe,0
c76e49c890e940153483a7e194abfdb45c559016,1
5991e5be574b82a7fa4ffbd6ed869fef22698ae0,1
1c3dd675896fd3bed600946b208b3a3599608dba,1
6e217465f4c6e42097e1c580b3e26c87f6dd704c,1
9aafa13733ebbb42f942dd0afd75d6ed940b40d6,1
a6a8ed39dbe9405ea27966821aaa62713f3454fe,1
0a728cbdfc0fff92b3ddace59ad264635e10ad7f,0
f9bf421fc75ca2e156f80d567b3e791d852a7fe8,0
47894f6b2c4beba9a8a9a6947a13f67e3269a52f,1
c2bd2b547c31e6fe71ee0b2af1625c0d220a7317,1
dcc7e18e4aa9f3f984254b222e905a43739ffc24,0
b6a1a58e7bce0e7a06a299f278e65a7946fb5a55,0
88600853af5274b73e7588ec4154c97879350d3d,0
e11f2bf60d245fca20f94aea2cbcb470a9c64802,1
b675b0d6eb7e57b55cf2a2246acab22c1caf10f9,1
2185c9d8d2e291b27e0598964064dd54063157cb,1
847f09dbbcd805328aa76019b193b7d2be76a7eb,1
5eb93bb7f44e83d768f4f39982f5933ccd6479e9,0
a8325501590c06d8f33b196e1d3c53e472763a4f,0
e5da9de7bc412dcac186086753293ec5fb76f59c,0
6a436f6fa37e42a56148774779c8eab065e19aa3,1
039865f99fe86a6635ec04f80401859f2397c0e6,0
d7e1266b9e40bd80c7a2278d8eef6752817cd8ea,0
74d6401f4faa856f92280f7b48d681e3ad2bd68a,0
b4c2d014ee2a164039b1b19cc742dbf50c013c61,0
ce78055c747d4dcfc1134ff23ab8271ab61d86aa,1
b5bb7ba20d904b5d73b50dd64d9a13128f32c0a4,1
88e9fa9c5ec2f19d8f272b468dea281b725a65f6,0
72177c176fe751f3a6494dca4a2b5944a9f286cd,1
c722ff7ab65f0c4f0fe7ed76d9075c5583396e60,1
60e77cfcc88a045b40ac8edfd887664e5880e128,0
d223f95cd8cd5b03aacc542964b4b672f867188a,0
45668aeebce4c6ea0d557d9258a79c5ef75d66a7,0
53adfb435659d2ab4b9f1d9809be281468f4c3cb,0
217d01cd2d0ba987093f14515a1a0d0574ec1f83,0
92f91f5ad29a7e7576624ff0a0012ab5b749caf2,0
4a55a6c8747a7639057f5f5cfbbacc3cbe78305f,1
33e594a9c4726953c6ef1610cc3768ee254c1750,0
aacb5eeda72090f00900a7b542226c20fab23cb4,0
a2ea50ab6c183e9bc7d26494bc7bdb7814d515ec,1
bb4fb2e0ed9e83970c257b6d85f9b95549515bda,0
cd491e713c561af861c6e73977204b045dfce1d0,0
588b5bb2bc10b5b497bdf0f969a7bb68d1aeabc4,0
5b2fead271cc19862c6530e0d1e3116b1811e0b3,1
eccf2537007948c77071ddceebb53d73f42fe9f2,1
a04b908c066f98fe40065b7fde5b39e001ce9344,0
5137c8c6e880613de757d0b71ce910400316fdf1,0
a94941d64e54cf16bfe0fd4c4b9d0d6f22bd61dc,1
cb59a692d577a9eb95796c2889d51aac6b580566,1
01542d1654bf15e5fe2fbd7ea04c256ae51aed27,0
9d4fcb7f94aca495c4116e194342d16438fac069,1
7ddc0808733bfba69227d6cfec22a9ee7a685da3,1
168064b63b44135b5f6c181e1ecb7eec6b6478b6,1
9c7a817cd9ab3e6d3e48de8f8a26c679fe38662b,0
19d56b46b2cabdc398297453dbf64622f1b24668,0
ce40f0f55fc29cffddfb8410ac7209729c306b65,0
df0e439f4fec7aa5cbbb948ed870015ea92ecf6d,0
48380168798f1a65b94e4835dcf17d505c7827d6,0
2072872fe208cc8023c5fed0c9424515d8d637b1,1
840b38310061defd60719cc2b1baf30b35c9b691,0
cdf48371f5c76ff49bd09b5ded868aaa1870c5f2,0
428f8b50f8752ae48986c65c742138f85a72c822,0
90284c3a4281c7e70d18606097877bf4e243805c,1
c366b8b87c6a032d0d952b05b66dec1898c74178,1
7333dff2b1c967b69e5eb4ddd3e941fa946a2faf,1
ac6eb09ae4fe94a3ccfd0ac3b57eb97250bee6f6,0
308445b7e6920b6f942ff3783f4f5a7e9db37acf,0
08ccfde058a26cdd36d12250e2b587705a555cd6,1
de79b0c220ccbaf64e478b6eada20d22e0100224,0
65fc6a2aae36f225828b9877265d173efe19a80e,0
0bad576873d69e9e9dc560bec218b025080f1f2f,1
16381d1ed40be96dc47e9b84ef9d25f5db241eb3,1
7a7f929f1e4c9e53e8fb862ae21a3a11b882c618,1
7d4a3c58fcab564e838964b92e670c5deb6ff5e1,0
4e365148af0197bed4a0a6d1fe64c44f1d572c0e,1
1ae080214f520af614727963c83d335c574c9cce,1
fb2ff1596840102a333659e15c088d6eb998d1d3,0
5fb840d26594016a911f99fffe7fda82bb40b2a0,0
9a0648d2e343601e5c8ded9351bad3a492055861,1
7972be0ac95253f6fb5d04f104dcc1b32cb69ac4,0
519e6368a07cca5846fbe9a8daea64f689b61d21,0
4fa6d880f86237afcdf9cca1ec4dc391604935e5,0
762f6821fe36b2c340ce16ccc599575af76df05b,0
58da3d11d6b98b6614563c0ed4ea5176744fbd05,1
73689738d136c1cc17d31bcb60b57b90c1675dc1,0
9593c25a711093aa808e3695ee674e510f11d489,1
81a16ebfbeac4661ffb497256868a0f31680ed02,1
25b04562772ed09946377f3c825b059e15db2916,0
c48c60b5daa6072eb49c3c3be776a0ecd5950c0d,0
de2708351b6600ca56a4ad25b25890ddcb0514b5,0
690753144744abcbc69350a695c8cddd90132229,1
242fcb250f70d8b89b4c3a108d124df5565f97cd,1
6f3572e6807e243a5e1c1ea766e62d251b83abe1,1
7502a9ae1e16af9c93127c52937dc18bedc7f415,0
4699c10379f79432381a450bfaadb27f2075bb0f,0
98d192f958a181cd48fe5d6d6d29fb59c72a0a12,1
c9f615aacd5ca93a28a3b47c64aeafdf40a02b73,1
948ab53a36b9880f649fab295ca8b6c536085bf7,0
e32cbc88b95469ce1fac7a466b83496cc3c5f0f6,0
f78e3eb718900c14d73b0dc30edc8c6e957fdd1a,1
8d5e66164448ae1056a1064abd39be06ba71d28a,0
c08b40041c108bce3062de4ee577005efd7aa221,0
de0dc99e1ea199aabd7f5ed0dce1f5e6dbc3e691,0
f91267d85b0d9f664dcef7d5311e7f713db48d05,1
77793b047fc697de420059f5c00875ba3426d0d2,1
9d2c05aa6d5543f9e8f0c63ac944ee13a3627788,1
9558ded5d162b40dced1610e278fc9854d4d7fdd,1
68a9a44eee6f9bdaf76c94e8891947decacc2654,1
bb162151d5200d58377dc6fdb49e476e266827ed,0
8be8474f1ec68cc4e00fb4fe5899194de30f7e29,0
67726bb1c8ef831b5fc7ead9818cbe758623ffc7,0
c782508ccfecaca0d54dfaee0a817161beb21249,0
b81ec35d23498a556572c19fe16eaef8541b51b9,0
87d58a2aed4508baa242ae0ab179309bcd166979,1
92b429a2c1766f5d48694c40e839fa5261e4e734,0
6e0b52c798b31a2227e39c4d505d8bd5267e2676,1
f723c64b467f455ac69e8cea26f9d0094857a0d4,1
fa12ad219f42f1d63f69c0a363bbbd81fd24a5f6,0
8f5a923bb03010a5de718953584ad0d4ef758f25,1
3f07fff499a8dcbec9f07fed31ebd974a8b39bd2,1
9cead35950290d5f09d109d5804e3402206ce804,0
73fbe895d9bf14fd26a83d9e9e9f16c1f6ad6e29,0
5915b6dbd633f732dd648f50357d4b1c51fd62be,1
41feb1c3ed954f397aaf45aee67e64cd1d47b0b3,0
f291feafadc38329fd765394cd08e039e8a08810,0
39c5e689a71596e521b7b8f0d2dc72478ca0967e,1
e733f83c21508abe02f2ac6ae74afb25b644dfbc,0
3454a6164c69abe0cc3307796cd4b26da452bef0,1
f2fbd7190a1e6dcaa2affc9321b55d543f51b81e,1
6cff0c941ccdbe7ee9c0033161e11dabdcbba4ee,1
8b1323b862bdae54926bb7283ea5e3c483eef965,0
6b737b83dd70fba6265291e566ccb4970be6e52f,1
389b74e992488c56ed2cb97f356fc9174a9e9dd1,1
f78583e798a442ca87f8cdc3d83c3d919c5fdd0a,1
3b35c4591fe993fb22d3d6d8ace5709f16e0b0e0,0
b88c6c19cbb5cd49fc8435d65950429b3403e8ae,0
32e9752f54bac449a3b23747123e1cd81cf1d702,1
d2abb1a0a207d3cf576b3f087a372040b35cf1a7,0
4edf05e4131971bb1443f9be14152333aa2229a6,0
cbb8faf7ec668d924750a2126b24b78bf3d57407,1
e42149701871cd51ae0a033ddff573bb342ed46b,0
188ce10ade11b72bb03cf2159fab0ba0db2d430e,0
26021ffb6bbe224a4d7b68da2b718423595cfaf2,0
a39b4de200b6f03ec4003458a60affe567b94f02,0
bef354ae8090a6c9aa7a2f9a090a786996a86776,0
d7546d485730bd8c68ff85157df351fbea3c8cee,1
3d4a8863162da6f176cf1427dcb1bf3ad0479746,0
1344a3b7f22436f0e41755722c09a7a7f94ef7e5,1
23b33db0f67c48516ab753cc0f9cd3d42ba94172,1
1e46410e37c279e26270f8b376c5d50e3f04c28f,0
4f1d2a9275a32ca82aad6674ee364059aee1fa92,0
622d70371e739de0cf115b7a8f59da6935c6951b,1
daaf658d31c70c4af9095486ba8f3b6879a7f8a3,1
ee62131d2beff15add448dc5df24c5c35cd42527,0
7bea67fb4eeacc2dd9ba49ed66b06baf309e7e9f,1
e9858f43a3340c6b9ce967d95d0ccedd0a1399d3,0
5fda44f0737cdcace90ece8ce908bdf7b81d4955,0
3e563f2da9b3a159f8bb0f108713203b6b145f3e,0
95c43057e51793b94e7d0d04572c022e9935b8d8,0
aab50698f87a070659913a4c693c6069bec794cb,1
ef2dfe83ccc18c294597e5ab7e947ad0fb3fa511,0
3527871966d389831db8067ff47aef7bda2e8900,1
f6e9160810ca3c584d2f184fdd2a3483912b9a6b,1
a47ec171059e03838ea781f68b60a4c0dcc4c3c7,1
f75187ed32498dc051a0076e367b6f98e033e3cf,0
030d7c22a9b64d942e848351853cc111e27c47bc,0
1162f0216c52e7c845555a4ca2e350fff5b2a33a,0
9e777742b940e9947d27ad8f998fd31d6f32c286,1
339f4c81de6a2b61127e885e52eab2809b6fd05c,0
3695997337e3795029ee8cb42cf73f044b2d195b,0
de10058f28edcd9dfb51b2809ff79d83048d9db2,1
55ffbf0c9441f8f4f33562b6e15a1e07e74f9ca8,1
5b11737617c08761890a0b4f15132c5e6055913e,0
abff94216dbb552739bb02ad50a155d8b1a91cf5,0
6daab3fb70b7f1c73847e106bc2bee04c574c5e7,0
f38b9b7bc785339cded947f21d40d01dca8a1aff,0
ce064feadad61074aa2454e36c8ceacdd637b801,1
c28803727f0d29995c7e4af98265ca7748bc47c6,1
8595802e860b9e421c5df4d1c1bfd5e396c7b29e,0
f61ad0de9ecab1f28e8893b3140fb2d034972814,0
7f43e6f15be974836309495a454f2997e7be7f13,1
4f38c137e5efcc2884bd7faf96d06abd7ae5728b,1
bb6ea2752f1acf9e1090d3f6296ecb3695472f06,0
1e05f8ad2a0e3d5f732e5363317967418dab1409,0
e457fe2626e9917bd602c3746e819f3d9573cd0c,0
a909b4081bb560d86cc4ed3703653732b69e8139,0
cba9f6b797b625520288f20bb4ee2d8aa3f68c4e,0
5c2c631f549fc962619615ce425019607108847a,0
baadd15a088587a8913b2ecc68f88849f804d6b2,1
70d7d46f81314d05a79cfd8b1a7c3569422160b2,0
7faa3343e3d9f0636453df8aea6fe8d144bd3afd,0
c95b1729dfa60a537fa8d47ce59997a767e041d7,1
9b11f1f6980e2bc5f9f609671fe38008c99d31ff,0
83b2f9812e67d09fd8cf48228178e6bdffd50543,0
5845d1c0664671ab96cc81c15a2e0c6565d9b559,1
3a1228e0cbc7d295beb15e46c89bc556652868e7,0
b00707fd4dfc54e90c25304c763ccc3c22f82543,1
2b944a368a2339fa533ff187138d643fc54ca9fe,0
58881cc9709e52027e61f8d2ff6f4d86553411a1,1
8abf5dd6ba1af27c92609522bb5c5491f19007e6,0
2095ac74387441f74b0dd7de660c81cf02bc29e7,1
6542478963892f15f932f4ccc18e47a1afa005f9,0
c8bcda0bc1c99a5253e58834411a513a00c2a249,1
33a00fb84cf94487499772b407f66d4567ae52ea,1
8b362465c602bf2d32cd2e732b73cee8e5a5dc85,1
2f03a5c2277014633c3707ced683536d6ac4a3f0,0
9f4728ee9612d9a1b65dfa7463c03cf48a819a41,0
d8500ab7eeaa1e9aadb0775912f8f6aa63758218,0
6eb81f589abd1d47653672815617244ceef0203e,1
63f515c471246092c9ccb936a3528fb5d9f8a916,0
fb7af17bf45c43df71200f50711d60c26aff0060,0
6b3111afe2ce5e19cf6779320bc43132f3730f3d,0
8a1428d9c1c9bbf2620f0c8c5c20d7151fe1df63,1
d0310b9cf6c453280c4aee18bb84d6ef93437493,0
040a01d65b23df4d5c0480311c16cc106e5e8fd4,0
ada949397eb16f80ee622b668140716c359d6530,1
ad2ca5a80fce8a0724930d4e72ef970fa4036205,1
c2bf9494bdf05c6e7126203983f3e045a8b33b7f,1
62beb8fc4b24c061341ddaec2e038d7f2cad78a4,1
3fa8520acf9ebf0e98736336269bc1f52a26b0e0,0
52f64b7a1e64f85fdcdb0cd6f485393ff261bdec,1
8b958ec93615469786ba2889ccc63a9a09de9ab4,0
59835d843ac5a4b0b6fd728d3318145db0a2f40c,1
81acd6595b8cf7f30929868517c5ff36d8a43dbe,1
5e7ca714a90550ccdf7740a2ca2a4745ee8e7bd5,0
a1a52cae943d59ebcc5ad7531f8ad8a14a67fad3,1
d1ed66cf7d05fd2ca315f38f085405acced3b68f,1
a1274567f9057f113beb847be3613dd8a07a4943,0
272e1aed935ba76755b2d888a0ed16fd60132323,1
9919cd0121538fd6be96c598e150006055589997,0
de4928d70cdcbb6dd8d0c7c3fb4c2e0e4e11a32b,0
f24a29f46206c17d272b5e340f9f0d171074de75,0
bd6476113002eef43d362c8fbee5d231ec871c62,0
fa4cc67160c3900b3700780cb5ef1461d8fb96d4,0
0a29a48a883ff463427bc6a127fd60f3a30e735f,0
72f657d519620f5779afc4ebe3a96ed9b5295df6,1
5cb0ee82519bf73713403257a0b1abd93dd18aff,0
0b1366bf72f15def3b0c80d1be6f0081cecd51e7,0
29d8779a1f49b1f50e51a2940c9d8a4d34cecbbc,1
67b8d715905b6ffa46a64f2a47df0069762349ab,0
b738ece1278262b0dbc00c27f3c60a75358cbbca,1
5be65c8a4d972d94e697638ce0870c3cd584e230,0
9f17985c6d5900da1fd56d15863aece7b09a6965,0
28102d1e30f10c73eb1f04909c6e20fbd7430580,1
c027654a79cee320c3dfb9ff90c051028df45577,0
dcf4640f1b6cfb01d6931dd96e56ac48ae64b0a8,1
65f52d6910535310823c889ac087adace9204daf,1
217fd2823990d8e1bcca69a33f506d5c96e9e42a,0
739354d6909957438e03ff169338f0c608946122,0
f1febb4d496be5baeb0ab477e06c312852d998ea,0
46f4a71efff5785ddc2a45fdb1fcf55afeb66d2c,0
abd9505fc975eed5c331ccba7da94743881d1072,0
bb856629356eee01c2f59fc55b0b04f53d685320,1
7d8f5d3b4659a3bb9e4fb1ded0de2c5082baf147,1
26996b288004896bdb9379d28e8a8e205c1a9151,0
582635e5ced73148a906edc909b37f1e28937af5,1
7ea8098a7f7d7954016a6ebdd139dc3e8c600bcf,1
d02d5a487fcfd6b8c369261697d87a05d8dcf1ad,1
ac5641ea0fa337f98159c357cbc4de02f2cab2df,0
5bd4f5d61b2b5435f2c8d4e47bbef9cc7a37ef53,0
d3e240d90d122945409da219514f7710d53c2042,0
e619f68f372b34e696f2add639f56c043adf8838,0
0a8fd2957817395cca4aa20b02e0b0806e73d636,0
c78e501882cd82093c37141e603dbe1fec3774b9,1
43016c6848eaeaf4b2ee74a88ca4257749c10c41,0
acc3333df1f84d32612f86161836f3d0fdd10a78,0
8ac52baaabb991445ee0a5b63e0242b8578732c8,1
b79a3706168ab67ca5fc0ae03cdf8c0f899f8d9b,1
1ca44a8844fc3f7b5af92f5aa89fb4ca4c79223d,0
ef5445d66543eccf4fd3d5df311233009fdd71c0,0
b2e56c39906993378bd20844019c5196d9fb397a,1
08f0f2c3e095c5a09ff309cbb855f827613aaf1d,1
95bb648d3d2f1c5a05f0080d0b7e82f36c60e5dc,0
21d75dd6394a5f7eacfe4fc1c10ad109d33e44b6,0
0a9a5b8803c3cf795c7890f8142aa77ee81ed9bf,1
24454ebb78a61d08d9f517ef21473f143618645c,0
56b1acc2f3a23de346d5e663b887eea16d2d0ea4,1
cd99ca341d544f365eaceccf925407023e25b875,0
a9ae39f317fc80975c9105d5d82d2f0f28637917,1
b4e9e892ef13ed814d3e1e8ad36c7621652450c8,0
48d6c3e00f647ddf7434653e195e3a8d001ff2f0,0
d8d0273956258fc61ef764c17f0cdc6ed45401bf,1
16b544af61fee22936e21c97fb01ffc0289cee30,1
55d54f301c3bbe7a19a6d77c3beb6484a3c042b5,0
8dd8c6dde03204be83331310161357271dc1077a,0
13aa45469c353ff898fb89561272a6d87531d526,0
f603b333cc06586c87d03bf4f749dabe2370659d,1
4709e872a7ebe9e58305e7a9183918a86a49a966,1
c9662823ac51a9274f2168baa6d49b92ac804f24,1
5fb228aa160440695a123c3600b6aa864d6b34ec,1
75d4d328a38a8f60708ba5b222628db7c8252b19,1
1469eb0399da7d05ce182739be5fd3ab6c1e193c,0
21a0354ea14fa4c11a2c5ae51ce44fed251985e2,1
cac72681348ade577dc6169768646eb992c9b888,1
b8dbedb65e1cc89a7344a9684b77300e3aa90896,0
046d1b26e16d0708c7e5f0d9ee9905fbc5333554,0
ca013a2e9114d3507c0aa3ee4c19033c5687b4d1,0
862eb62684e5538139d294ccfefc19da6d10bf77,0
db530597cc2687202e986340246e948e1fb3aea2,1
53e7bf28141aed103ffc4b19bfcc11e98382ca97,1
4fdda884359b0fbf5bd476fabf42eafa6cb4a8b3,1
953ff665fd1ab2dadc9c7893d0374b2494f57824,0
c7a614edb09dab4d9029e3d26b2fec17774cc4ba,1
acf6426aa90babb21f60765453820b5c2290fa20,0
2c636206d2750e0e4cea01b8f131eff921f0ad77,1
ed18dd1af4b437b402508e2667a841c788f5fe54,0
532a901f595baecb47dd2ce129ca4da21682030c,0
f391d8f5694da45bd8b74ea31b085bcde165a2ca,0
f04f3de7e26e6eb16c7f02ca0bee258fb2a6c03d,1
562c0e5ec9705afa1c52e424352f12539491c9ee,0
f95588c0fe61b773282d478841b98f5e59970846,0
74136d6cd518f7f5689c7973230c075760783419,0
d26a99467e170b95443b1697a7445a6e0cfd345b,0
9e613ca8214fe96591ba394865ed43e3fe27ba1d,0
e51a5ba4f160030bb7dde27ae6ce52cb60d81c67,1
e68424cf31ef684fd288bb7c469073d6ce3f9bfc,0
e5d6d275454faeb673173b025d0e0191dc2ed0ea,1
cc55f104ad5c7b2e6af703ffc3bde73f7b4ed731,0
6b0cc121a64b9b3798174601eac5aa70e13801ba,1
8840302e8a4c2c5f9cf9dfb72400cb6f7e521476,0
e34c6c9fedfaf14db9bdf405990e9b99e509816e,1
89d66a8c3ad5c0f11e8bfdb7eac2bb6184e7bedd,1
3fff84bd82f5de503fd3bb8d354c64f88b039dc9,0
01d97e160fc28a2d3c40513a7da3246ed78366ea,0
0fde374958d9064354b13f439df078490e69d41d,1
5806041d5034c42cffef03dad13a30a5235522ae,0
a94755a6e99cf66995c93c955f08928387781cbf,1
9b185a72de49bbe2c5ebb512f46b51d5d68b2cca,1
44e781562f97a3009b8ca7dab493ddc36374c642,0
40a5d88685adac67320ff467a5b17ed74123429d,1
4e37cb0af7b7d5ca1474ac933056a926218edc72,1
385f7481a68e0ee6f8bcba8fd6267d9e0ea590b4,0
30513c0928e52eb8fdcf788b81c6b0722c457a4b,0
76e3ba59fdb4d6d1264a259a6101a09b0add9eea,0
4a499d6652904d59a1ae65a9f98ce7fcb0791888,1
9c070aa8db9907508a5661902fa4c3409bdff00f,1
b6da4243b0d3c701ee0300441c4db960adcf66c2,0
e558ea6592a6884e73a62a35c6ed77da6039c565,0
2835c3329c20bb29b1ed5762849e1410ca5a5645,1
e2b9f0827afc2020d6d3bc6bbf5219a840d0d5a4,1
67adbac3112f27676fb3de1cba7895226ac70bf8,1
62f496ae80dde09ef0e1c83ea9dcf23340e97136,1
5a0180f00452b473920981896dc165b2bd1db6a7,0
91c13e391ff4814158717d1d0a69407ccff455d1,1
5663f9175f54bd786d68e00f7f6f7a49cca62395,1
a5364106ab280f9b4a64cb516a5bab3890977644,0
6be98f230ffc721bd291c43145209b835e3e2245,0
f9c68b9c1ba313224b6aa3a0648d07e9a49661ad,1
f89df70ab36867cda40499ea7ea9854e197e04ca,1
1fdfafb4ecc126abeec522cdc1acc4fecd90e694,1
00ff8e772ba9b8b1865594b977fee58c98db2b64,1
b348c96e20d76ed56aacb5a819bd0e68de23ac66,1
ba2f73457d44eddcbd6459d89b372971e2674ed9,0
c6b720e75a288b9d81f3f8c6be2c41d88be86ebe,1
b889fcf6c7422c1835dcc60aa9aadbda9b491f5d,1
ca2190c707aabfe2110a297d47b44b648ec5d188,0
b7998c9c9ea3a1465f12be36ab65259a5e5995b2,0
3f1a3f49e1c1349920fae175fe5e6bf005bd09a3,0
de449fa603d689a01d244df88bac79e4acb7d144,1
d09e22cbf3a6ecd6b2c505aa74949d92b45ccd5f,0
8b6ff2e06da0497325b64179e4b32d4b17068e93,1
483147acf79382e2b0abf204e95efd350e066bc0,0
50ebabef3f302b0e47c1ab400cef5df3fe762116,0
ec31d1c91994be6f3f2ad08a35b58787c509a3d9,1
399d796c734bc6b87bff430533ecb4406982ac98,1
67237c6edf149f9b1181fe5264af42246c8d8929,0
85e45174215deebf45120ee0090d314f9213fa7d,1
d75330d695885aa968a98f7afa20a7eb5745363a,0
11674b80e659bbdcf4586e77281a54f6bf0224ab,0
7248bedd539dc7b01f9ca4c1f6fea244e81e8afa,1
e999ced86aa1b6773e9ab3778bb59f68b9008a4d,0
eeed037f218b93052975cc92ce1008ed3270e23c,0
c11942d26435f4d897db4b9111c5e693d0ed2f54,0
6941b7ebf8dac382fb95c56e1e939b695c23de7f,0
82a84d970046ecf1c4d6123f63e77eff24bf0368,0
4855a325dc47aaad72c413052e5de66fe0d28706,0
5443676679c1c4e20c43ff4630e8c89396118afa,0
9961e4e62b89aba4bcd1cd067a2b5c5a18168ec5,0
001d6bb6a3da42d296bf5f377d31507bc6ec62d6,0
b81652c21e847b0ef41cb67e8be3e3c9a90385fc,0
3bc7bc1f77ba9d895c643c1f74928ae86b79a3bd,0
187b111cdf63c5531438d327700eeb9d48a20810,1
55403bb380f7adea8aff7e33384ccf7b43438cda,1
880c7ab4b6a47ff2c0fbe65c75a43603f2e0f694,1
07248e4504110a335044ae9bf6d9e0455b6501d7,1
b96aa27fa8d891a0c75cb2c94eb0eaa5990c75ce,1
f17a9dc432c5cfd73f26ce5b8f570b50dce57d30,0
84e1f7bf6f0476c4d823d8f6580a1c7ef6586c5c,0
1e15f2d90f77a2c6ec5d1a0f7df57f339aff287f,1
3e088956a11ff833a64a33b1a6cca13dedf546c9,1
a4bc838e919e1dfc3fe9cf221138c34950f4cd37,1
1bd876bdf9e4f4ecc8b26825a037975f1d8f8295,0
8cc050b7ce20e8664f7123c91c9f19c0a0fcf0a9,0
a29a179d169d41b21ae373849fde7c7f2086f150,0
8247e470dd30aa16fb0fd8bbaf6f95c7e0361122,0
e0bad2a2de51b636545b96c8153c08a5bac35434,0
31e7d8b2301d22fa8f42500782e88ac448333d79,1
7d6807a374e47b155d5b3810fdb0e10dd5a38e26,1
331294228638fdd22d79fbfded3a4d14551838c1,0
5fe244c67a39448578ec2217b0f02592dd91762e,0
e48517e4c0dbab6f002b66d300764214a374b39b,1
2c7b3387f2ba1585acaaf48a3ca711f02ba9abce,0
e172e33f0bd8b3246c38fc6c1613f307c09d82e9,0
3f651f26fbc7e69e07ba0940052e1bb65ff20930,1
09883301d0c66ea9735e06ebdc8b6851b2ba551e,0
287628512592fa6ac6ba17db29ca179cdce96115,0
faf558c76fc33c6db796ca8ae4be6f19053002fe,0
957e65982682a5e2d6b58ef83b9508382f523a27,0
9cc65ad4bf701686b14dbcd15f925eeaeda073ea,0
06d281bdf1f1975a8aec40e15c151f065ddcd623,0
c0f765ca4ab84b1e310c91edfd4293ebb40a70c8,0
dcaf7d7683aa006cf9fdc72564bd185da8beef76,0
b8810c988002d2b715a07bd2e10f80109f780733,0
3e72cb3e9df93b0ff3dad0629d91fe6920c97cff,0
bf5ff3e6aced7f53a9be50f1942d68e5cfeedefd,1
d67aa7bf7e23534f95b6c76a9d8b8c2f8ffab158,0
44ae53bcc37908e061b8359225d12782052b15c4,0
355298353ba60fad89668c7dae874639a1830646,0
c96c500e84d3468328f36d9c314e174e7a1c5430,0
410c616c0d2b3fd1b69320425f88122b4c5e5c20,0
2454195372ba89268270752ebc0066bb95a1c5ae,0
6f6e558fecdc6cdd745c845469d501d1d2d48dd0,1
1a1cb6938e1c2f1d32a040e1598b3f30120a2bac,0
0f5eecd5ada1a317e015a6fd2d390cbfc340bce5,0
fa45c38cc03d54acedf6d06ac9c6f0747f066c13,0
c356c92c23a7312fdce68c0af42dc0fdc3e3c2d6,0
08719cdfb3dbca79e55bc3710e00011422910456,0
8cdee049bff88525f840b21d33c8bf107949737e,1
9fd4a0c274904a23335f643bf3a8bf0208a41119,1
15b8bab3a1634acfbb1c970c997cd724e0952bb8,0
953c5f635b680febc8a380557590708420dd0825,0
cacac44f9de7f7243c0e07c0897397d55b482d42,0
4e53be69876af5dfc34511ba9febff7f5ed6a65e,1
f83a008d51753a7a2608bcd4b0d3da8088b7dbc4,0
cbbdfb9bc02e6d7081a7d555ea8b9033f76a95c1,0
d1300fc819c2912ef878af5a7261cb38aa7fe841,1
b1aed7c55edd739f235a46903f41f0d7d7d6c2d1,0
981af2cd8a4cf759b24f400b1e293779a7032ba9,0
8b1a9cdb9ad49a0f237d29e3d0f41c35f52ecf50,0
0967f4de59890ef3285b493a357ed520185850a5,0
307036a1a216324cfee9998984df09f6aa7604c0,1
e3eb9fd92f29ac34defea6104d04b5abc8d13c7b,0
8ee0c02751de1f599926f060b241ba3bfe6f4873,1
8b722b2e88a2588d8684daf072fee60074dd07e7,1
fa983d9e301b0dc3e64ebd70cbae8b1052eda791,0
a6a4a3c82153e45ceb73c6520be859dc067caa0b,0
c406fbf71192215d02b4b894b635a6a7f1910306,0
897d4ac6db624ee743369daa023dc48e88ed926f,1
616ee6ccbcf6e0be12ee23841b651f118968ec1b,1
260b9e7622e984b593e774f304c8ac3b16f50061,0
85d53554b7e7193f77bba4ed5084b391d9d4b743,0
5902104eef6079aa0a55db3ad659e6226115ca40,0
e9b3deeffa908f6b7d4aa39849a32e7b8bad3ac9,0
59d34c7f335c63c384db6981198377385b62391d,0
692644930e4046e9ac5f23d4f11af4916db49a66,1
87082d76ba1c7539a13720d8ea98aa386a12fffc,0
fe76016181ac93c13592af58ac094a0ffb0b7810,0
e154b0b27d2b3bb203b3d832df89ec1a1b14e0b0,1
abb51c1281a5741a81360458c576a710556fe697,0
92f26bfb09a726f632afc6685c52c0de29d24b65,0
e7cff533fd6b19fbdef8e9e4de4433a5ba8ab670,0
6aacf52c8f6c2cad267fef72b3117c7aae4a4364,0
6e0f9a55097b2c49677f066229db1704b7bd707e,1
4e1d3f9a3c6e99153ad4058e9c8f9a965b17ead2,0
7f86559fd481f1dce84d454e486c55787638caff,0
1c36b7436bf75c8dadfa99cf6a09a71a130d166d,0
421022c3e74bf17a4d3259cc4198b38993995eae,0
99effb56774af9ade0a27ca76f7039dd0bd0789b,0
8266c2f1bb0de1a6fcba18f8e42f49543b8ac70a,0
def3210d3375e426a172107ede0e67cbc0a8eda3,1
14b00af98bd6e74203d4d26e9412b9b10f727120,0
96f2c332e358b45975a9d34c6b4f2193f776c9cd,0
abf052b790a834ebf059c061881abc1f7ea9328c,0
560cf9f4e75b89072fcdc7f84ffcd896276a291a,1
df8a5822744771797ec14742cf88ab87e5a96687,0
7181737cf3e29f385f2f7f70c0147a6c8fb43ba3,0
d00f53b96219fba840bf369278f688ed8708e1e0,0
8fa637f0f1b51c0e0fdc975587a767664be57343,0
b533218c41d02d4fff4a0c34916626e18ca98379,1
87157607237cf0b9c19dc5a77d64a8a0381e869c,1
bfeb523231e132e6c2bcddd3092c92441d945a8b,0
e90a09ebdbc9edc123b21cb4505e3e4666b136d6,1
9170e49d967bd7da9bdbac824bb1d620db63d80f,1
45fcb21b8ab8a9f87b0abda0a8d7916482ce39e8,1
cb0aca228b860a125834c996e933c375fbef8d43,0
eb8fd2b3dc6c15bdbe9f4cbf78fce81b7d7cb160,0
ab03bf01144d28d6927a0e97496aa0676049118d,0
5d1ced45e3040bc570659db3b63f9a1a100b527f,1
03a2edbe3bafe0a447d218113179c8e311a54bda,0
11645356b118e6e2cf110d15cb2ece60097697e2,0
687b0e13cb2878a02647ffb64f78c6b469f81642,0
8cb9826f7dbc907dba541c4ab4843b602c0efc3a,1
880953d23b0929de38d5be502612c00d52d171af,1
db677b88f95f2cc5ec7b33ec2c92c1ab67a374e7,0
5011e4c4136eb86a9ff730a7f2ec0273ef8ba400,0
2cc46faf42e1e14f1fd2ca2a7896447327a59b57,0
4550e97d5e3d24b3ba287c91e5c955cd1e372e8f,0
8ff3e2382643ffe470e46d3f396a1810fa254440,1
9355900e64ccd2e728ab0c1b7c0fb5580269e611,1
11d71b2c09d1b2ad539ad7316931b41b1a3bb060,1
3ebf3fa671b35f3e3b0807870432c6489f43f5dd,1
0be11963647745ead7bcdb43bf5aa25fba9d8c7b,0
85fa0b2fd755a081a6c3bf63917610dbad4a0710,1
eb75a2adc26a6efd32c15053dcd9670863e3f165,0
8cfdb4154c5ddef12e43f0c3224cb7a1cde4f513,1
89ffab6ae0ba1fca1ea5df34de111ae88b679e81,1
43acf3e2baee24e2d52ba7402a9be19380e2924a,0
0062136ad476e80dc6adf18d4423c744ef76503b,0
a73f5c83969afd1d95fefa38ecac132f7573422f,0
e9b75b1ad72f6fc052e3ff1898fbe8790bd52bf0,0
c7581bdd79330174926da108ca3d215def184aec,1
7272982c7b4eb084eb5bd00d4a56fa3741a2beed,1
98940b7fe58f6fd2f64b60e2d529007bce878d9c,0
6b225f8413ef53bc6dd054d8af6dbbafd924e865,1
6bed330196736bfd80ef699e79e7aea1d1eb3123,1
a8a6ad34f4446cb2e3ca0c4d45ab6367b0f09ed3,1
5cf4685b79e54d6ae31d45d5e9b930805774926b,1
9a27202f9f2943754d8e141186b3579a017153d0,1
37c34a8c1cf324155849df558e78aaa6c9d4675b,0
b04df6a608b888774f225108aba6767f04bbdd0b,0
7ed0b16ce866600af3bca499976bcec78b0cfd09,1
0b4d91b14de9b36c0a439f0d88ca344b98a85d66,0
b36cc27ca66fc105c08111762f3fac21881468fc,0
2a1189f1a210b1d0d5a1412f5350c3230ea80af0,0
0ef9895c764962b9e8a92eb40475b690fd3db053,1
5700be37d75253d486af8726591ce97d4f0730db,1
89207e91376e70150e52bc5b357054ce361f7c21,1
85b165be1a181c135d7ab7ae6d7cd2a45e7efc31,0
d1fbb827188f76dc7dcb4ed1562108ba4eca9d38,1
268aa04aa57d70d3cf9a5fec025bbea5648d51ca,1
f35e94190f8d3ea6808ffcd13e0bee23c33ab37c,0
47f6dbdfea20ca723a18323574106c9334d1652d,0
4b64318d6b23bc04780ff9c394335e0a4ec658f6,1
f5cc7d8968483f6249a0beed2bb99ec3550333ee,1
be72ead761b9c7369b747e074582450396cdc818,1
855f5b8fa9c42a5143c4c5c28528cf8e98e8e569,1
59b9d653ece1e60b82b258f47cb5a198a86a3491,1
1acfee9096666208248e992a648ce6637304a8de,1
d8612bf034cdbfff8e07c20f9bf776fcc4700ec5,0
a0d498fda3a0e48943fd142ad4b706f14e970ed2,0
8033d3e2568134c0dcaf6cdbf2e56aa0a5cfc82d,1
e785bb326113a5cf3b8c5ff39df02ccdd36f1b8e,0
8e0cdd80c42400bc0147b4e2a555accaacf22445,0
84fae2ff86bf2698b07175bbc29b38b569d13d52,0
e4b9f1ee8c2450a4436815c426dc4ecda299a391,0
206485b96af1a5703208b668dad9be6f8e609aac,0
8c0dceb53a52e4e1cae619858d4a966734bcb7c0,0
e1fdf96446abc322e4e21f843a475d182bfd26bd,0
8a9c9ed26dd05bf519aa2307b280a155bb5ea9da,0
c8a183da27589f04e6b8677651a85fc8ac61e71c,1
0c21fc0c440b335f3b265063af28a4a24eedebdc,1
bff1ad5cb0d8be2d32714920d2fb38805019d7de,0
723ba8376e1699686bbc7d9b9e808fb7cd3f9d47,0
604bdd4c2a85a3e27460da03723076c3c7fd73cb,1
46a63e16018c83d7541646cf2e92eed3b28c87a6,0
5b21d64af09f36e27b797ca15a9a884297d18541,0
ef333cbb6ad1189b066483f1f852ebf732ac9d71,0
3c1c78ceaa1aa6c0b647f8a712fa294822457fd9,1
10264f5d375c5d64860ac1fe101f43f340495c68,0
7fc07af08d58ff104a80c970257faba4a8d50c5f,0
ec917fff8525bf7620a405642c586ecbd46d2be8,0
64a370198fae985e443384d1e5b579ebdf9fab0b,0
f7575a5655ab111542f51e00415fe0dad925a9e8,0
d3c39c63092a4cb3b9cd3628fdfdfbc5d6ff045b,1
def9b963e7d9838936060ae5b00881719e4e48ea,0
bc245eb670fb5a43e8114d6c28d234e40096cb62,0
b27d56eae495628561d748e4ac2bc7594c84ae8f,0
037983618d3398d50464083c0f6c2bceb186f71b,1
4d796b5a6280a699907f8e6df8dd5a73aca1b356,0
256abc74986470bdd48829927bffcec45d088b2f,0
907c93e1c41685c0e427818f05c962dab848de17,1
ca7ac6d5c57beaa0945bcd86f566e159dc84ee28,0
a4d3a5d3ed0192adf9de92bcb4cc50ba2f0926a4,0
52882bb2b24b9d2da68604aa56326493d1bfec1b,0
616d75e29a70fdb3bfb9c96d64c28c5eab5ddeae,1
b648d7677fd77719d0b782e25cf6a5a63fd73b59,0
62c5eda2e294fdd42de815e52f29775f5b91b133,0
fb908bd6c7625013095f670a12cace1413506664,1
dd3924dcf11455f998620d896069ecfc034bdb71,0
bddad6a27b73fef93476ed5cab0b5d5260b5a716,0
af06873f88e4173c3d1a82f012dae7ecfb9e4d61,0
731d3ce70829fe46beebddbbb97ca4bff6cac004,0
65d71e64516bfc3220b2a92cd9d4650a41e8bb6d,0
f689375e2063228080711497f78bfdfab5370469,1
45323cc5c77fec2f062ff499b00103c84dbe7851,0
e33d9794b4a947c95edb4fab4aa8d3835f03cff1,0
42665faaf88e5be330d4bc0845336ee64551f630,0
1c10d5cfffd94bb013826166b19131052d8f8d4d,1
0f9bd1f952fe6a73e8a925a1b8badf4429a99dc8,1
cfb26bc0248c42b1b026dfafa83d6bf891b25807,1
5f4f41c80f8cd41c1324fc6868d72c983fd93f1a,0
634dfd187909bfa7cdb96cf06a634b24ebf818cf,1
c58c14f8b2b74401e3a4ef7c8d77bebd3a236989,1
8ca1990d14232b1672e7431144dcab04dd1576c5,0
26342b42d580927df3f1f9b790a7f1544f98ffbb,0
102dfe443a61c49c7aad7ad7d985d453601ae348,0
e4a20c2d46f02ba73ce3016ec65ea8f4738db7ae,0
f1e04855aa430eacd7cdd2c8f492db8e63bba8b8,0
92c1812f051000c2fb48d81129e357649481c916,1
79aa3f5846e0353945756120b9eb78313017999e,1
76107ee5cb7b24a39a961dda5271f18f57bdaf65,1
62de4f0b99b284f82ffd013074e695fc5285cc6a,0
137151a858d4b6168ff6d1a55e7c082feb5b5ce5,1
d6a39e236a36abf240c43ecd3e54c1d880495a49,0
75718243e4e6f3652790f86932e0b2f99c47a212,0
2c2086959eea16d1e4ea92a9fdffa516ae47af7b,0
7c2f0d4e74d1ae198652b9cbd0825c68f882d634,0
b9b64f2960eca2c9b1bce3efc867efd9c51cdf81,1
6d0e263280153fb6b390cde24d1ec01084fefa21,0
7791561535f93f74886180023af2d971ee40c743,0
274409bd517dc813f7bdd40a55ce18caaf88a185,1
676a8c46dd0c2661acab810b66c44cdd2fbbdb9c,0
18de5173bb9afb8056c02ff56c60d0b4012729e1,0
11c4747308daa2ed2e69e06adcdcc87a6aef24b6,0
8fdb3275171423b3ff106c15a9940ffd6aaa563d,0
2ba47b781a01efa6261b14085d8e7c4c2ee4b595,0
8e2f16b06dbc3887660456778950e5472cdb2773,0
44f778bd72d95a2622ddbc3d3a14d03453af6d33,0
ee4047a7f138f0a1251cf1e29613d7d900171dbf,1
12ee7dc94917e3c51d0ea8ffefafc2fb0f90ac69,1
28be2d4175c1e7976577785551d3211be565df1b,1
fb47c5c5e7ad88904e47ca4942a40e2d70e0feaf,0
7af5ddfe450c09d2240f6f44dc01c21390478b08,0
28c7f1efb639495c7aabde937cb98a4d94d0e447,0
04673d77dfe61d79165ca2d4ce6c2bd5dca3a5e1,1
dfef2537aae782fd2e9dba32b0ad23a959979e3f,0
297abac836f3cc74dbcaa1fb9e1297b6c1542a1c,0
058db9507392a12b95817f7e17e520b324418f0c,0
790544a587c92731367926c8dae9c9606bccb3ff,0
6ca9e3c10929146f17343a8cd112a1f194a97d23,0
e8f31722dad175f016839924726024a67eb8afd8,0
f84ecdc2139227a87d29defdd7c20dc9e0e04d3d,1
63a0e187ff7a6bee300cfb93c6bb408ca90e19e9,0
e84f50bf325c5a6c5ae69b427ceb955ac35b8c1f,0
ebc4b3f2a5fec83764bbab68083965ba2b28b6ef,0
502b22ee009f97b2306038f2ffdd0d7da81f610d,0
02f9d66bdf7c77b101c654e4a9d95abbc411c70b,1
6e024a5d5d52240b66ae3961d8056f8f7d2eee14,0
0048fe5a313423769e51d4e626636c111997d382,1
50e0481c22ad0ccbf3132ac2db7b541a843fb5a1,1
b140d806f4da1a7a3fcec69ce820a69e72635af6,1
6a0f67b9058a94ebd4b03662b1817cc39476b4a7,1
f042cdf94a6e6b642d8aff4f245ac9aaedfdb7b9,0
c5d217b56c830e2a76bf7c1d243d8770b14105a9,0
98b2d3bbd3146089e7a561412297820cc396a6da,1
09bc4ab6943b76fe49627854d6267ac2c3717ed4,0
b9d7865a97f4363b9d43087efc6e11e6934580d6,0
ec63b516084e7a8507bdcbcc2d030b480b365ded,0
baccc88e8d2b01e1b2f1aa94cab5294e3e9b94a4,0
47f6f9e385c1c36ddb3f4b49f3d31d604a03744f,0
746770751d20da296fb2a968d485a77d138e04f3,0
249ffa89ad2e17bfb4e712a46c944702e5786f8c,0
1cd4f33e7e19caf7d6db19399299674e5d48eee7,0
944f0802b05b10981d9d4e60eee4738ebd07120d,0
b1083022b3dbe2db006563f91b544bb5dc2dcd4b,1
eb4af2f9351a1bc04ebbb51aa9be4335be09c0e9,1
db284b87f673138510e3f9442886533e1e9aac83,1
a545f74040b9faf3bb95f79c0e3b6f8a76b9511b,1
0c2e39cd122c974138b4020b7b3418e6686350e4,1
8e48e493f383b3151c4e581f919b357cfeefc31c,0
0eb42e1570e2ef6ae7cf88d0a49aa0c5f901c72f,0
b99ccf7f5fab6942ae74694989fbb3d61d26d8d8,1
df5cc87ec81ee7ea8d00fdef782187547674b078,0
1bce5cb5dd6a3fa98faca7c8e38940e71bfb90a7,0
aa5b7c29556ac577a9ea55ed4d9d163c9a9673e7,0
bf4bdbe9f58468f902c569ce5118ba0d1b1b8425,0
06a619459099b8d3ee56c029f2e0390b7b4b5fb2,1
3928cd13b953d1b072f2ecdeca80e7c3c094eade,1
f9188e9baa0377085d945f11c73d3a534a39148e,1
195d10dd1664a42676f1d8d63a10fc9b6c877d35,0
f3c748cc97a2098df23aa8be45a201cdb75b648c,0
50123038e5c36e253d2768be1fcff354a9a3adf5,1
1b0592f0561bd65d0af28a127ba0c2e4c25082c5,1
2c35a60462100c08c2c274028209f72756363dd8,0
8ca629bb5e93cebf63d1cb6e4c6bf669109b5178,1
f039c6e74afdc123050817a66af33c8b273ab8ff,1
c12f8fd3f5c3c3603e38be4f46f7650bba31f0fa,1
d7870b347a739e8888312715489b591d1f8369b4,0
b13ea1b646ab3a3e5b5d4b066f3b91771a76a08e,0
8f28fe7cf84c0f165040264a4a379c6bdfe7997f,1
985b1d15b834b2fc4a2cd98cd6911cad7d01c095,1
e9734fa56c2686c733dff6104deeac6f126309bf,0
5afa1a2d6264992671980fb0f34e5e157676e546,1
7a28fc575a141412c62a093ce6215acf8f03223e,1
351f94a776401302141b998278dedebbaa8f0076,0
2872b2284f74e263ab468f68c2326c58625525ab,1
0be4ad0acf7999421a2abca6d687916f403bba1c,0
f9248c918834fdc5fab1a1e6705fc046db61ef12,1
a512e0dbbd712820c87fa74795840ed2db082eda,1
0568a0602cd2b18565b0b95d3e1f9ef2d37cc189,0
f3b6829016f4aa9496e8445a01f49f973c7918a1,0
ec76f14ad3593a77327ad0966b5fe5755700804b,0
e868c4944f021710656bf9cfe21641696139ca3c,0
987835810f816ea8c4daecb4e16f1ab36b00e258,0
14c6a75c68b871ca62546d1a47dc57a69bd6f8ec,0
89ff8908765c05ff81ae2e563527194b981e0158,1
5eff994ea2d8ae36cfda847d4c0be4a9516de6ab,0
286a24012eed53e10e0f25c1833207277b535131,0
ebb73ffbeb4d7056eac2309bd181a45982eb198e,0
3224ff6044d924a74d4b230bde37f8850e83580c,0
623e3ce6c6836f11e57eff061771b30cb05d73ab,1
c3138c8277ed2ebc2f9e3dd9114244d0d1894739,0
d30e1e6751ef330831b3216e1dc553cc861fd0aa,1
a50080d1bc1d42b1004730041f8a76dc868a6c68,1
0e93d330890ec2206d73d005e99397b4f77bb178,0
6867a3767ca4eb9d620608c0d0c20286daee20d8,1
674514713580d260467503c830bffef62f285bb2,1
b9506780f4198c1daef1c5eda27c558dd3d9f469,1
60faa685975108a5beae9d48a804ff84624f090e,0
3ea0cd4c5d7543ae3021e280ff76b5e017dcf05f,0
425fb81310ea74d1962dc4e51dfc06bf06acc7fb,0
7ae5ca124159dccc9de259bb4ef6354d62270110,1
a558af99a02c70c440bcb9f44e67570d1f8f4459,0
f99cd00859e2966f52453cce8c44363f7020ed29,0
64a7f527b29e75c65a73226a448f018124b2bbc1,0
d61f9cf9b91a1b9cf28f452c78df795f03ec990e,1
5c25d347e6e041ab0d25e4482627317af5055983,0
903722b1ee896c76fbe0ddb941c45a19efb37fb0,0
23b667572c5612373e278c4517805f975f6646cc,1
c3425c3da21b52e24071397ee9c160f6a86e198c,0
4dc52162edcc64ee5061b17683370f5ae5f4f163,0
0f8c637a024151a6c76763f1b0c680b05507fe05,0
c91c16c9c85619adf8a4a6eba76732d7e3b4af4b,1
d6bf7530d5597ff0ba7505d1d5de6446e5d20215,1
7f5ec138dc10cad46a2bbb6f5deb92bbd39d85f2,0
ac6f96eefe208f4953737e828530133f0017c1fe,1
f7a7f139de1633c17c85781df26f36254c457feb,1
3ca8a0b87b699ef3eeab768ad419d4dcb56a9ca7,0
e4340ad5aeed6ada80b321f3b3c60a7813728ac0,0
1d5feb2ed7e2e3b013d97cfd44206bb4bfeb48ee,0
13321e15b9328695c916846240b1e868f7f352c6,1
81ab1925d3bbfca6c2c4f77386642255f52ca7a0,0
321c71782fbaeed531dd6a6fdda46b660775e9e2,0
74345022301823d927affca7a0731bca6593d4c2,0
7697737e76188b49d87ef4d100ddb67a2f57e0cb,0
ce13b830abd2f8a89f30d4ff8a4e7475bf7c595b,1
30fcd9f561f491226cf4f46ecf3323ad10a2e1ae,0
6372fa677ac5b9297cdd1ba539068f82cae25193,0
76d485d2e03afa734cdbbea5816716d26428e2b2,1
76c016e5543bdb20dd93f145ce9d61eadb223a21,0
df0623d6ba697ae32846ef1a3c3abbc38dc839d5,1
70aa994b6206ee17323053b508bb7053e9271b6d,0
c47ee3be41699dd936f652e1512f0989e3768c75,0
dfc620b65ac0e3d944cc6b88a9db3f55ea87ad88,1
150c4fc669971bfd576232e44f9d80c060d080c4,0
1498ee3a852e7bfee4ba31e435e45a4d375c0eaf,0
3b8ce3cf1f613b5ca9de8a61eb5759075a4d24e5,0
afcd41b6e5816c38d40176667353823814742142,0
b7b7210e78ee6769cabbcaf1caf398425c84e2a6,0
759d8be0c9b6925ac16e292947f8cdd82b7e2f40,1
269b89ce58ebeac2e90b6d792bfa91771fa1aafb,0
a83db368e06c706770e3cf9a43953451ef40e186,0
3bc6ab2dbb697641d7f253229d8936e19ff00cb1,1
c1b37ad5fc0d63f52ce672f8f512063e51aa6c17,0
00ad141a73aee891a8fc966306a72248416ffbfd,0
327974dc95a16bf50b930312bb52e53753f4058c,0
d003d751a9adb130ff7bf861d8128f5683a2a4eb,0
41b93cc1a23ff06a701de540bf1c1a58c5164426,0
ab3fb49fc4f4d547058c3ad75b9fb16ca56ead2d,1
46fa132ca3129ce33c6454ac671cac094db80143,0
f999c2ff40a7ba078fd739bf5ccd4a56fdef223d,0
e70ed53651018693ec43b2c6702ed4d60d247f65,1
8acdb5485611bf3dc23f0cb6d317f199b8540d36,1
df0c35c1e9204867dae91f5bc6062369087e9f59,0
7cf4bff2aa39d1aba284e2d7b73f8ea03c346e28,1
a2071eb80699558ec022fce2c292de739108c412,0
d71c4c55ffbfef6a049e3b1dfa10b0c24cef469b,0
7221d2c14c9f3ca29e04a79e6ca55363d42461e5,1
83ddb0b572b1f160259c135bb67babb1550f6a1b,0
9740d9ef460a7962f0759a534f5a57bcdf9ad05a,1
5257d9fbd7566aaaddcafa4d9bdf376935f52efa,0
12e8a33baad55df7d2ecc893bc518802f13ee52d,0
55eed9019b38016de3f87c1929b9e2765114f3b3,1
a6d4ba233ec3272f3a24581d6d2e4abe7dd0c848,1
442ed6fae93ca4c0218c9b24e72b0c3411053c86,1
74a2c0ac26a0e015bdf56244ebf3f05ac1e6d18d,1
b29e0b4ac68434825148b2e0fb68691c09f47191,1
20d2fba700d0195537705c0b64b1a4a73a01c435,0
ac43a8f632ebd290dabad8bb487125daab55a13a,1
ec0720222dd7840eceefddcbda79d61f281d1b6e,0
79bf660a6908fcf855c45dcf84881e9a2ee21344,1
3febe705690a0bf45d290a499790fa4c1239965d,1
91d7911ec578e5fedca5384f99fa7049e194cbda,1
4fe05d0f869981055237a1a9e053bac75a4b5664,1
1d916965aebf64c693af4b9997f58aa748eda0be,1
828827870f363b7d3c6fceaaa02d3ccda4beddda,0
50fd126e4d18efd1fa78ccd0547fbc4e4801b798,0
89a7743675c425fd1179b4ea4756d332d2a8b435,0
69aa8af3d57f674fa171c89b418cca2769908e60,0
4a3a43f881acbeb4c56ee7381a66342477becbab,1
83ed78c7195907d2e9b5d689f9c5e210005c9af0,0
48a9c306ed73e109a554f56a8854f92d0d66a26d,0
47d0fec5aef542111d2176ae0815742aa2c9d5d5,1
b28284a6ad843da0441b813da38c9a77be91e1f2,0
47a7860307f2de0973524216234eedf9fd289da8,0
362911b8a4a6bd8cb4059c4d2dae9834d6669746,0
24aec2a7b45dda85d6b92346cac3ce4a1c1986c4,0
7c5f532792c0814a6e7d1daa4b0704e1a47cf18e,0
d34e0ff480b1e98608d66faf78a9ace8e515c507,0
d81eeddae38f7dccb06612000c11b62e71627b6f,0
768f67c714aa8660242ecf4227df3469ffc8d64e,1
162b15232d7c348e8a9fa945b3f8b6c229907aae,0
6452dbb3449d51be3217db483e64fef2f6d136d3,0
dcbc3b774c10c717290d7de1e8b6602824fa461c,0
4fb90814d5622dddb8c3ca1df0a7c978d55794e2,1
fd780fce81fb07e6d454466f22c3ed8a4ca838ab,1
157a4a7600af7d458faf66902ecc259c58600105,1
172a300e4e0fdc75a6bea1b67a3d3774cdce6675,1
e7fb32eea83a78f3346cee123406c492e5ade1a4,0
bbaf303a6a3ac009b0bd91d76b93e8196c1af834,0
81a0c4dbf37562eebb8ba3e33d94d3ceb8eb6cb0,0
c35697104ce93164b4bac66ae54446d2b6b9acbc,1
709bbcdc5a4127fda5fcb691ed14b8603b66f6ef,0
a7251d8bce6d1eda2d2120791c5506e013ff8081,0
e1b60cea9c40e5115219ef33419611145a45221f,1
a22d055dc2f9938a20245ed49530178b9c10deb0,0
654f950baa3dec12eafe981b1726295d7b956fe1,1
4454f7fc698a890f291914e23b9e5b99400dd6d6,0
7bd70730c628e1fb375b9111d4a6769a915bea90,0
3bc4c7dee69a4fbfe8c7727100ab4295f9c6ef07,0
96f80795506df02613530ebca2970b49c74b9dec,0
bc5cf3bf2fa43fc85e857af505d85d6c5096218d,0
b2ffb850ebbc20768440de2e69cb5b6d7cf73890,1
b14a633539a43c639ed8a06e48a1015086d14d6c,0
8b6c6adb26db9350005be837a1cdeb5d88df749f,0
c74e59ab425ea986ae95d5c8abc6106394179d78,0
5baba315e36e130f5acdd6b70b773e075d1455f4,1
4957c5864cc62a32855cb82dc57af4ebc8e09076,0
5e39a22943b2cadae47815fbfb4753c08ee285a8,0
6560a97905304ec12d8105ced1fbddd4e2642b3c,0
d36d094b1bf13cc987aaa02ad8ef5d5b61a4eef8,1
c04292cc642c51607044ca91ca177e3516f7597f,0
7e8fc80ca67532dec7ea1d0d09b914884b71b85d,0
ddd63d02462c0857f726bf5f271269914782aa28,1
5ba538a1377110e2a8bf8125a4e906e26f79c357,0
91e7ff902bbbe96cc1931d39bfbe61167b16a6b5,1
adbca7d4afff60c0d6fe4fc6777116174183ae71,0
50c73942af9743690a42555fdb0496640aa90e44,0
118182b4aeb145263e219e0c0ef953068728ffdb,0
a23bc963cd813ed415ae5897e07bffd38c7f43fc,0
b2c354d2a0fa6c425596cfc6db8ce8396b5d672f,0
abc0bc705309a33f6f23bd1ac4c8bacbc084312c,1
5298c2e1550b8d765137bd6c4124dd24204b61fb,0
dcee9bdb944a8796a777212880c4f905e90cebd9,1
e54eb0ec75899e2500612981e26a827921bfd76b,0
784ffe753770dd8884d4b76f74f81f8b989f95a7,0
7f9870ff3fdfa9f13a76c118271f7d7873c81c25,0
e8000ee535cf7b7c7327160703888f8683ead735,0
0bbae2a2f9fe0b693384b2c396d9ba6c33dd3e54,0
dc488a2c67c38c341af5b4fb9d27afb6f6aa80c0,0
e12e7a840167b0b27b75db4ffb62b061646ec158,1
c7d7786b20f0c6337120655085a558110ef00160,0
ded7c567f57c1244c8d7cf236b7a7bf65186c8a1,0
a5667528564852d0730bd964af8a94dcf3dc4aea,1
4a0eef95c2cb028f9bd9995fc91c6888f1ef1c9c,0
fb75d28cfeb2cfc06ef179c4fa6b3047f87e3121,0
49dad1665c3c65b6f1bff547916f5c9b7a9a6752,0
a4e4f3aefee95c2b253d77a169d2f7b8ec710e3a,0
95bd702aaf321865fed86d7e69fb6bb7befc2b30,1
f5a8f61ac7e67c6c5282733dd0e33ac20d4616f7,0
4fd6ce4625acca744a955f39f49fdd8c46f7dd48,0
a3aade49ceae58ba7c9f8c18dd8a25dad1558a2f,0
aae558488350063ce5c74489839a791d3f67442c,0
94e6e415e965d3f6376cade9a96309afa27a0664,1
b395ad7546c1417759536665bed0e1ac2eabbd8e,0
25cc0206008f27880a36fb37142312b015bfe27d,0
eac00792e088fd3b19d1edcb3d1a1e01a75ca957,1
e35e5ec2690bc4c0b527b44b8a13c590b724bf64,0
abca4c681a04f9ab2266e4295f02c633625d6620,1
78708235bd2491be9823138dd2ae624c665fe270,1
2200b67fd884f25578e6cbb097bae0071a39a6a9,0
35f694d3dd98df8f751415de6c9c24f68d6ea4b6,1
260353f7e9e68438c0f1236e518040636f2df3c1,0
8d6a49207eb45f2ee8afedec71734a142c8e0dd1,0
c4abd731ba440a9347ab51fe8ed77c699d3859de,1
b334c1b2e267b9d8f5c478a06c18a7596c55b326,1
eef95360eb152e6498882064c7815ff257e81dc3,0
9e309d672bc793920b0bf33cb47e267c82840b3b,0
a26ebe9f450a57754379227741e3fb30c07dd11e,0
c49c5b6e3ed1e69fb5311838d9aee64147de329e,0
5ec4ed6efd693c6c9438b7a1b16c99f67b499ce7,1
671f41c7aa015ea22e8c331bf9a0a4daf0d9e7fb,1
67edee6967fc29dd77c9e422ad6ca952e21e62e2,1
0c46e931ad054a89483885bcf2231f7eda08e7fe,0
bcb318c4d612c825832c34c0a525c6c4dc100850,1
60e23ae55f2696272eaaa6ee4e603aa2ddeb9c2e,1
e83d83ab172de3fd03fa8790afbed081a9b45ba4,0
bdfc9f6594e2c9d831db88a49a38e89475c110de,0
de9f780954012dfb57fa7c4e119b76b0574b44d9,0
fc2034510a09a9d1860aa6ecd202f273023900e0,1
3210874036a1f5d5fd31858fa47ad169ed1f47ac,0
037efe23ef4b668561391fc1c2dd069d11e71f4c,1
0f4cd2bc36e2a75cb672a0fef72882800e7a4ae4,0
24d3e42528d7fbad3c247e5ab057538cbf305e7f,0
65a6861a1795c6a6504525333f9509462bdff32c,0
8c6cf6eb483cf42570bbe750530acf81f1f87fa8,1
aa023d84fe191f5f01c5ed9b3694b238776bf168,1
acd15b77956184dfa15c32d2a531f76d121e9cd8,1
b64438aae63b7e3a6f8edc3a54c52156e7e104af,0
8910cd0dc1fa4e8347e7d3dea2950742b561caee,0
d5d269903a570f7ce2ed5cc2e3376105c38b1d83,0
6c9c5fdb5366f58a018d441b10112b737dfb61e8,0
927aafc0b81b80afdd6af1115468a560f905de1a,0
366a75461e558d69c511814aa6aec3385b7568e6,0
9d87b08175b74b272d86c5487d04487944d8120f,0
346d4ee9819b23b7e3a73269eead94df7d543f52,1
525c0f5149c171576cebf996b269198b8ac71f18,0
6d59d2444eda753b3d48af99113bbc362124e24b,1
ab9478f6ecb4c34dcdddb60b6c0423ffb68c5d12,0
d0f51402c4bff64fb752da8957ba9127f37eca83,1
230e056ccc08a3eec26ca79626eb066016691721,1
ab13794679ac1eff2c8fcaac4aa95409b532c020,0
323c543c9ef24c71f18b752073e5560d87eb21be,0
b5951d8ff79f0e5f0b675f0f251aba53fdfd0d38,0
85cde42ec9e5660c6468e875e5e9fa3297302051,0
2f4a504fa0c375b0d562b688877f13ef1a134241,0
ff374d79b5bef2a34d39c3d233564e3627596ae0,1
eb18e1a6565cdf82845366635fc1dc9b4a5a1c3c,0
3396eac047519cbf08dca57bfb261a47f41e2a26,1
075cd6510b6f1d74ce196cef325854488ef37922,1
9beb42f04296b66844250243677d61d2ab71219d,0
00a71623a96e4f8552327af0e4e753bb886cf483,0
82568604c9f3ed3e77db8427ad2adeedab467e12,0
c5dfa83c746d16a25a1bcde73ce30d6f04f4c5c9,0
37530fd29f56c230e45affe8840a0517b3818156,0
6d0394dccc175d27e6ef38127f8e5bd5f4a2c59a,0
7b879fa890ccc4bb1ee967a594a1707875bf65b0,1
b5152f37ea5bb678fcd1cfb48e6b00e8adc067df,0
b9a55bb8a5f5d0ea6ebf07e2b9e1d6490da58f45,1
d2069ab8f0910c5d490809b933c3d68cd7840d05,0
47d38f6afb9c8d85463e671d4be12ce531ca2ea8,0
8ea5cde4ddb4d0bb5e14e99ed035b96cd6195c56,0
8d1b7265166e1e24ee573e7df9a9595fd7bc8dfe,0
78f71296fa38d9f85d2042da689bb6967ddfe738,0
4f1f9a0913d14c433221b93422f4829499b29069,0
41aeb0fbed963d121f0ee33e7389584612c459d1,1
5024177e7f1662246f6ff2c59134a69d76ae5b67,0
7c5b58813a403fa22639fc26bc40677e0533ee76,1
99807db21260d26c973ce402a0bd27427fa9c96c,1
08b896c777d12f72a61484c8f1d7f8d166d396cd,0
094063f3bb6bda55d9056a2c1a6c36b2b8c24e4c,0
4081e9b041ae38746788d255ca564d7956c5db50,1
f541ba7ad6fdd5a1838564c8bf5089662428ae0d,0
a6273a86215e6dfea53a6497ae5ba6a5ff791c54,0
cc4816caf02d3aab7a7f0b0eca3116e7d4c328e7,0
7b2d248a31b0b3873c2f142dfa1a5bd839efc49b,1
2d5fd2ef3888c23d49dd1a0d3edb84783cfb73f6,0
4ab39b17d5e94a0d15f949ff8500516017f19ce4,0
6f8249b0bb6b784b3139b872ea98233bb056e93e,0
38358dc224494f6afca07fcd1202f31d4b21453f,1
1490f404244112d8eef4c147e76e7a6305daf981,0
0b3f358c30fb277a729bc0d5c5d30b042aff76eb,1
f5c1c8bbaf84f116f488187a8dcdd9be853e8928,0
9ffb88fffe696803550f1d475bd4107117370231,0
d1736636514160a14e79c07aa1bf68a65c07608d,0
89264e2547ff8cdb4bc1493598b1be76c8d0ec7b,1
715ad3726d8debb4083796b804b1cf0d7f11e8e4,0
cd5c8b8b38e39f90092c21a41950bfdac67f9168,0
da838285d7982cd96de05a91bb092cbb9b94d21e,0
9228217f0c134adea7fddc144d85900c3ae52ec3,1
c7f5fffbd4a162dbe798ce58be8f3a323a025685,1
43dcc4ca3a126668fe0a4511b1ef243d4f1a2239,0
0de11ee067f5034d59640bf8ccaa718109e27842,0
f8de4d552645dea068ce15dc16c5cadea5c3feab,0
bcfcd131cda3125c216b2fe5134bd846a9c4e47b,1
3222fa48ae897f617b1af2d74d185560e2d1fc6b,1
cd333ecbb313f198348efd30923e20808cb6506a,0
6a3d9f1f71893c9e9ff501afbdf338de1dd3c6d5,1
c03ade779f8884b478b21480112749cfea5944d9,0
29ea5a92ad39d05b2a4e4be851ef8ffcb71c7c81,0
13fc74afdd877c48a56b5121b59c1235f057263b,0
298fad3042b5425061005c49797c88bfb1bc50b5,0
5c8875fc9cf94cc9e73966fe0ce75394c2f38428,0
3f67e706c109b7ef0ca61d831acdb714619a1008,0
19afc41cc0c101ce319ab267a66e97783e4debd6,0
c8ed8077cc851e5ebe32184622c06b0b837b9337,0
dd1ed2c40c3f98ff710c2d5a88e6bb87118b509c,1
9292c08d3500efb7dac9c6dbb8ac0bd62db5e335,1
235f0bcffb80ffb397587ac680dbb4b6fb3a9bd5,0
4f170cd7b5397da3ee94ddaa041d7b1582795677,0
8204b30292f82f6969cfcb217c0f10846fa4db5e,0
e65398aad2154e921f2430d659d29db37e3213c3,1
0c6e20aa492e73aeed459a059dd36931a9bd3b65,1
ad96e041cad6bd5c05342c566d491d19485bc8ab,1
4e91bd5caca578cfce8da71d1398178c56581cbb,0
f3e0d5748440871e928a34ef98a5c94c68183046,0
7fa1b69fccc617965897be78840e5c0fe9c09af8,1
a703b6e37ad845cb42496008ecfaa6b9f71bcf8a,0
4fb3b12d7b16672e165d5076dbddefa8c31f0fd9,0
f877a56a7a1f40823a73a6d9b0f8ddf2fef97003,1
a920ff6665946dea4bdc925a32e4c9e7f7185bc2,0
1840b5289d63ea629282160b3b431546572573df,0
74baf2f41664cf36ecb4466b9c2d52ee3fe544d9,0
f778f5775eb0e8522984accc0cf308d20d2488bb,1
f7fa27466025c8f0ea6d3471d61b7abbae78a99f,0
1b5791bb90b23c7242fca4f06590275a628de728,1
cf30e9ff44761da301878c634e58ed9fe6028daf,0
7102cb73e4d6751541e971c7dc113d1c8803a6f8,1
468184f7d13833ab957ada13dca3d3d72b270ed7,0
ef66ff679dcf81e4513d605994018078d12b40aa,1
609d02039bb287a4df114f045494db33bbbf1a57,0
5ba1b4704fec9e8c1100ca7f2bcac3c3168a2d47,0
c58c61dfea53677226d84062386d5c62208dd3b7,1
54549a6e064f2deb1e40c7d3a9164d0b5b4945a8,0
ac332a3eaf257d479fc9b90d30e97bb986d1e421,0
7008729aa9dbed7deea2cd675fdf867bc79144c5,0
437a85fa2f8520f50cf98411ef4fc720549e7175,0
df65c87ab19ca1d38ab7544022fce818e9709fa3,0
ed16a2fa91de0f954ab5fc224b19166c330a2774,1
67131ba43a2b90d2891927ea2f4e7ccb1e6ae307,1
eb0378d3f18c21cb199b235b0be02a3f27fbcf49,1
74bf6d2028a3a3fc1ba4f6514a317702118dc521,0
964e9fa54f5e9c05f4a9864aef91aaae8eb3b066,0
0bb6ce92f7e9eedbf781c9414d7e24812a672f42,1
26b13c227cdf5eb55020ed6b4ef6227b80fb09d1,1
113de10ff8c591c7d61587c40ee170ef66c25c5c,0
3b21fe1a73bfae759a7242b53cf8850c43f33ef5,1
14a53f570e3f75daf1148072440982c88b4957be,1
141a7bf23a88dee323162239e01e3309c8889d0d,0
419a5e38840877bd754c42685fe2fd90fa500224,1
826c46bc3268bbe1fb391ac629b58abfa27e5425,0
1b62ade08df9ba3c3698da6108f67859e6c9e703,0
d81baa0f919d02ad9a8dd0a7dd674275c78c15b8,0
8515694979ab152112d27057dd93c731263d741c,1
9559bf2a0d0a25c81118dd600dbc03705a08805f,1
aed2c5590aa458f2338ea6389e4c6377094fe681,1
f563af4b0cd83e01c3b23041b320f417e4340b41,0
ab6c6d4a5254987253aba7ba2534daf390b617f6,0
58c73e0102accff922759be19f73e1a66c374684,1
d1799edc3431e9a779a0a0c4d649373720ddb5c4,1
248375e8665193632f717a7e819c4a3d3a4d67d1,1
b710e7fb9e2cf1dcad32b6618afc4fdc70fc14d0,0
0537c822b01467dc9522c678d81f9086367f6961,0
39eb7fdfdee881232870eede4b100dcfdc318186,1
ff0c58f2925500daf970953c62335342bd015db6,1
31da5a93cae21ffe4b3f191f54f2c1815d62743a,0
3c95d2693da2c7086e65ccc816dfb6410b0d441d,1
e9e4d5dbe35ea86385dd2abecf1c4d7db4fdff10,0
592b28dd9b29ce68774e65abeaebcce377682c68,0
674a34dfdb632f2addfff4a8dc905616928cde83,0
843a9580cc1eb3f1b9b61eefde721e2ff3a229a0,0
6caded3b80854e29531ae870744902151a0b6aa5,1
3665cdb02983b0c79a799c6bdadaa5044d49e5a6,1
43b7b7b6f7aa8183146fc20a016844ac6bd7ea97,0
7fa17caa1f167643e15ab1db7667d0beee72b78f,0
df8b58aaec0edf87cc6f415674c101fc2f40feff,1
db7a283943d046476f27109c498df56913f3da63,0
42db602e7b8b87a3f9aef7d6f0a510500ede317d,1
4e9cdf6df006877aa160875a42b901e0cf197aec,0
609dc22fd425f6048e86621f0c8499913aba6c12,1
a8d4359c8e7ab250852cc3137c031ce6413e87ba,0
9b6c72f59cd0b849a61127a2e24554f73a1a9f53,1
51078281df7567228f44ab6335854f84f1f42dd8,0
4946322c9cdabcc82d4dd6243503116374dcbeeb,1
8475bb73f74af8ee5ae467c8082a0aa0774c91df,0
b3384561adc72719565ae8db526cc5ad236ef0af,0
97a7bfa381612e5734dd13052375408baaaada53,0
69b190d6cb1a74698a74938f83d469d8f753aae3,1
11f0230c118fb9452af7978bd61a68e73be9f3e0,1
2ad697d28cf5ce736ec6817b03656c6930c9c8e7,0
b546291762ab2536dbc7fd58a22e89a2971138cc,0
84b77a3ddd87db4476cbe87e6349b86e2551ffbe,1
bde0edebf0291e4a6143e95f4f681df0dfc617a4,1
b2c4ce4bbbcf793ffa4e97df93ec885af0eb650d,0
861ee5255ea90d5278c9a215b0d62902117ed1a2,1
9928bcf250851dec348d35be21d18c97c1df428c,0
1676063baa6b35697ffe12a75ec616c6f403f8ff,0
6b8aec5c77e0e3ccf820fb169b174e140b498e0f,0
d11c0be2c53d917dbe5b850dc30e90f7de86fd70,0
b26983cbe769b8be75db10ad2e95eb7a1390b38e,0
fcd57580a6b3814ff0b2a07a97e2804a1f9876b8,0
b72c4c67de0fcac26c6faae25b6328d1d44bf30e,0
aa3463e4f40cde993c07ef2880d56ad5b20d9447,0
60d994164019cc1642779cd3206d8de96d086b6a,1
4dbc21ef5f263f78503e1e027aa94c3a030c654c,0
e1624b931f94393f64d3e30b05b49b0e26930525,0
eb1194cd7b480a6aa339bf81c9ad2434a226fe01,0
8a720aac6babdec5de83ecee5b0b106636cda5e7,0
3d3ba28ad482bddc12ca4fe7839f2f195d423817,1
54d9a778f26afc78636956ca7ed88d2122243ef3,0
98245980217cad9698db1abec0e6e4c0f41c1128,1
e07a9b4c03d6ab711b2c406cb467058d79c611c3,0
2601943e0ead73d3af849b61e33dad5f4c445506,1
d3c3aff28da185c6fb755a4d7e8245c4eea0a96a,0
8fcf8c7bad0923e08b5aedde69d3285f1fe3f646,0
aec789945e83bf973536ae7113624cf5206968c7,0
fe251f773c0cb961f562c5b989807e1dbb402133,0
4f68d64ca82a49268d7dfcb071768509474c2340,0
15a6a3fa1c1d35a2ac5c3bb668f9bb883d9d9430,0
6755e9253d338f75c804eaa167687c512a4b9e39,0
9e9d5cf7a28bba5cf44076c4e4aba3bd6db1929d,0
a8465c97a3fed5a47afd902683709a55bbf9a769,0
e983802590745f1c30e3aaee99bf14b757c0f47a,1
0bf39d3597db75a372f197000978fa892e25c070,1
a167743e45682cf1ca4174efbbd57dfb6660587a,1
b0cceaaae12c4ee63dd8400db61ddccb7b111202,1
faae598ab6fd435e3ead3eee21760bc0a54f1c62,1
98baf77321636a266b65af3c1f16cf0b38750560,1
09fb19cdc99b574fa73d28e52755440800ca2bbd,0
e5f5742008ec938f587099fe0c470ed2ec0d9e7b,0
ab572e3aaaf6d81128d77be44f7ce780697c79f2,1
17214a72788b6ac24074e37c6565f90486a58073,0
f232f261512443eb1e6344491191f88eb65f6510,0
8ec8e8fd469239ebf19142443aa15a690253cbed,0
a94117d0f3633bb3d57e82cca4135f1d6f771912,0
7f64f9887b5064fa1e6526f3d8a59e85ab720acd,0
9767d7209a88d0a3576f97fef643ed41bef89a29,1
fa05f7f781c37f9458e2d5c8979ea5a43264e9a9,0
a8bf8e3149a413db59bbcc5d6842ef29fb0dd51b,0
b196e67b68f898dad70cc680938e15f2c8fb8107,0
e0f4c07b94e839ffcf5e34cd5c3fa72d14a0544e,1
40736b02233ad3505a4a9761171cce79729960ac,0
8b801643fabe6d17d6c6b651e1ffb14882248a4c,0
9ed45d91071e5a03d536c7286297a08feb844ac9,0
79cda52efa6837aaeadee1a849cffb712c4c2b21,0
b10405419fbc4989ecee9b17ac46dedb981c86e5,0
3b9d62b87c2441d5b67a8969703a9cc8e89f1d12,1
bea3281148c4cb93c4067f049eb30bf687457da8,1
225bb206d49254880fa5e7e2b493a6c7ca15ba2f,1
89892ec99d52d4aad746ef4adb921dd174e7a730,0
7d932d86ab163687ca2e316f3e8d200f8f938e90,1
160b7bf4f2dd609ac55d65a92042abe51b268a1d,0
7c0e13b619a7f0f6db87c6e399e9516f571d70ac,0
d112aba3fbb0416a9bbed264d06212161bddab32,0
c0579ba20b876f4b17ff82ce6c3d6068ffe7b857,1
277066e82a1a0e34403f4a0f1fadaf207f38534c,1
f2d8746722e2229613f1476cbe66c1133d8f82df,0
ea9dc9670a485022f74cb8a4390f954e8fc265da,0
9801541bcdc51e85885b731ddee3141a0418fb33,0
2346b846ca4c5714e4210504031adf54f279d4e5,1
6877953e95a7a3c056b24b785d4336d3ba782554,0
e1c449bdd59c182639e1fb93e6dd59c415d355c7,1
bfe417e37d67a90bd8d1e0bd50dd6201ac05866f,0
091dd38c378627abfc2170136c588a0e051af175,1
c145ac8a78573a8010cae7773a4638dce230b27e,0
a1acf7473e2b61f0531724e32938e0efa4a8500f,0
bc01c1772fe599610cc6d52d48fd89bc024a92c2,0
6135d86eb391db6c93512d43ef25236e0a71d945,1
af5ef5ce0068f941b26292997c5999bd9a425692,1
a3ccf4c74455329c61495dc401e225121266ca74,0
9f9821fd801f02757e9a53822229dc45e8b7761f,1
9e509664f8951758db7ada8263ee03276b694e18,1
0cd91bfaa68bfda535428ee24013c27a91bd0760,1
9509347c4d7537c969a4879ded580dbaf05c5f65,0
a1e5503bc958ecef44349c5bccaa2818f0b8394b,0
beb7b896b32454d364854cbc0f90c71f081513ef,0
5bcc3856e851d8e5678a3000d172fe8f58138800,1
5883a9e2883485b26772e2f3c8f35b464d9027e9,0
d874e9c56068f09bef7bd1400e1e7aed4b3a593a,0
b1b65ff52eae4a094540460e3fbbaece0b12aa30,1
35b1e67eb690065a76a3da84891c9cd533c45d79,1
9c45a44e7cddee87c962eed13592c6f642e96898,0
65230add18139de69cf6b6b0a9e3fceb0a893e59,0
af275824d718215eb3ad0df8c21c9a566eb7dbec,1
16acbb7fe5edfdc91a79d05b4543a59b84103431,1
87b0e4391450f6e4316840394a8a149cb3206e96,1
b1989dc9a160722bf301029871ecf6eda23433e6,1
835f7c30abc7f9d9fbb1633e13514892779895dc,0
92a0da85158b66939299fbfa0d9d8622b61e9eff,1
d4cb06216ce48ea2ea1c081a4cbe49f3837b0143,0
6cdac7180b1b4797a977af8974aa96b4d23bb191,1
749252a9e57b4366dfcdb43fe60f06424a4d5a89,1
ee2db18495d6c3e582defe80441ea205cab50f88,1
5dc7fac4c9c85825d627f3b7a45bd4f7a55167e5,1
36fc33c7d19300ae8c8e3f5f779a8fa023d0f7f5,0
d858e3a0a744c6c49f3572fbadc1cce78c836d11,0
ba425cff69dbf0b7f9e67a4690bcda0add22348f,0
402840caf65431ea689eeec0c291187ae561be5d,1
77586f83c8c7568dd02a14bc059e1b6fce2446a6,1
a27cf7d08280f878729548804f3166479a2b39d2,0
cdc43ccc609d083a92eeb332820c5672f8ad7c52,0
b8d0ced9e46c7c254051d1376c28ed15516ebdda,0
73007ff88fb2607c4c7f3fd4271082d852e05fe1,0
079622d5adeb1a425579ed70ab7e7de77405ee5c,0
602a97ba729b530d3c1a8b3654fb6ab02fc11667,0
2872c460a3469af1e57689a7726340feadd6c7e6,0
0a46836b8653e56ce51cfcec2ad1e62fa514eba4,0
8760f0e35a614bd7ee45d3943de19e2ba6b3670f,0
2cd6bb4ca11ac7f0036be905287ceea181f4a2a8,1
daac221bf2abedaef6f53043d94deeab016d27e8,1
f8f03088058aea13fe9be22c3aabac0f63b17c21,0
92ae6e4c380ff5e2ed143fe153e0f604172a1283,1
15c8c7793ee5f1b410924aa2c81d0c9777343b7b,1
897433ebcaafed96ae24e354a297f70d333437a6,1
4ea435ed9ff83a48c2f30ea7145c972cdce42091,0
c86ca39a49d8bea0cffef3ccecfa925578a8bf01,0
d80dec051c6b0396db769a28053fa194360f3249,0
3a4c61cc0b0167dcb0613f89b6fac07f2c2f7378,1
94f3c90057264322104cfebdccdd328b6dcdcfa9,1
770d43de093f10f565a69eabb0e48bef9cf6e16b,1
e32dbfc4db70a612574d33b1f616e3bc37bfa191,0
6d060cde31567782f4890f6864f967e6f20b20e9,1
c426a257e91daada2f9d3128560bdead963eb9ec,0
c4ef52f89e9c9d95568302bbef9db7f98d9d7c10,0
f55f8908fed2eeaec15e24e387699b864f2ed2b1,0
daf3e3a412dfbe044355ae77b38b44eca1abba74,0
ebb9cd1c4a68eef9f5481c294d5a2f905927115a,0
a4162ac6ec34a6826fe2265e196bfdf50860cbc5,0
9da99fc4364f38fa7daad19aed1849f8354bb727,0
f75749530043132c79f28e98bb090c16ea7f665d,1
5a733aecb58085894fa7decd7cf8c89bc6523ffe,0
2b0664cd4ae783b182cb2aca54f5a2cd23602452,0
518e8604d4084829a0bcaf738e4ae79d7df7c12c,0
714602e71bf8fb6e6bdaa67164b450958e8ba823,1
93907a0943b27ded3f73efad61fe2d1423727b02,1
e971b57afc63f0e7c400aec38d0357aa7c3421d2,0
569d05579a4193c4fc69a3df7a3fe491fd04d1ec,1
8f8763168f31846e4f23981c2012eb17cc9043fe,1
b2a07d5125a0059823d5d23ed429bdb5f194f2e9,1
05195e9f3b3a17ee4742852b0dcf23ab82b29627,1
23461ebed28375a8ab7a4fef89713387c2fcf34a,0
dbd24e556aaa708af35ec6e8bc742ecb0ee13fe3,0
a96fda067e6caa0a10dd1dbbc395830e24f3d134,1
f1465b094d645daac368a03785c24e5cb1d11664,1
e4502f861484f21af6a44c27ada312124f121b39,1
63f3e94535a0d25e2995f4f98bc8a4bbf52a1ded,0
cc72bd20a063d2b08d1b134411aa4937b1c97cc3,1
c29ca31099ac388cf89e6012f8de0c5a7b7f7d9e,1
4a80e2a3b3dcbe20ea2ef6bdf282f9e1b3730039,1
f076ef887c5c9feeb2f9d9f45d0a22b4a05d733f,0
bdca914e6fa7ac35cfe2d34ea9ffcb6470eb1ee9,0
3483d7b7bb34642713eb2d7ba673f8e2e641031b,0
8dfdf86880d5f5417ad3fa329ac59e1ab18a1908,0
b61654a0e98ccf1dfad3e123be642f7ce536b441,1
4804b8e3cffac238970771b7e5ea40a7d33df8be,1
f576e81bb44b002749025d4104e9aab4641c5d2e,0
8105a1e72a6fb52234fbb7c89f8506d30e7cac80,0
ebab605d3ce741e061c97cb6fe69ecc62a9f59ca,1
d46e1f372d4d078b7fb05b9c74bab4db32b23a7b,1
329cbaa9c968280e8ca3ad666cf8a31f2d971cd1,0
9197e046667ce63d30f094c3a6d141e98bebc439,1
54a0aa1c8dde0ca7da20826a8dba7ecbcd6e17f4,1
03ccc0e75d971fe73362f30c19fc35b18abc46f5,0
922fd47563cd35bcafed489d90dd6942f7263877,0
0aea7bd40f0b1ee250c7a391f309a180871513e5,0
1d4f91f9d050f8ca54478ad0393c49837f8cc9b8,0
b1120eed32a4d959837582ca0842b8bd013b2f14,0
3d0007dedc84f34cc3d113d8452d194abedabf7f,1
b12e924f10d6d05a64a1be7cbf9d82383a2e6853,0
5ca3e49de7181a2f1b4db5b06c56ac46b3e9ceee,1
4c5dca2cb4476e6d95e4d3961b30ed08de93e31d,1
4ed8858c902f352c2a6aa781b1ef6e32fec7d2dd,0
0767791009737c1e68f68114254333a6e818b81f,1
57743a7d7f25dd8a50d666f3fe9cb572d83314e3,0
25e3cf2bc0e0cd2e0f4462219ad746e87841f12c,0
af5196cfc24cf41b6cc37ca36aeaae3d48bc93d4,1
dde0eb930c972c55c6f9e239ae92988fc74d51ee,0
c847c265b593b65ba53629b7a01ab8937c8e0039,1
8ff01b045f4a7acfda089c2b9e79ed6b3c731db8,0
52a6591f4d4854baef56bf214f4871a1708092a5,1
041351ddcde8366b869d0911c8b5939dd39d2c4a,0
9032d8a8585de111a7300fc2bcfda43059af9e15,0
60d7f2f6999e34ad2b52ab4b7fd54e143e9bd041,0
3cb5cae53a20319d32c01bf43ce6858c936a5c86,0
cf41b15d72defc991e738c731f286eb883100a1d,1
2063a4bd0c164b244e29311b99e62eeb87434b1d,0
a13abd2621607b11ca4ab743c493867b38bad5ed,0
1778b5bd66316a2677d157cfff5e4837438204cd,0
04140b5c12b4011cf35571fec643018ede7445fe,0
e7816e5592192cc5fa0bc72b451916c60315fa98,0
af32344b678d51eead851ef48d6fc9ba1bc0b1c5,1
cde54172391d82e2dc7dc0990ebe32926112a044,0
b5da98b295606f05ade183e3d683246e978021c1,0
3671efd7e523152c731d6fee279c21eb591f6ab5,0
a0d7f609ace6e7ddb8a9ddd3f351142e369c1b4f,0
cfd7df0082a4739c9f844909b9fa767490120c14,0
a8f3f9cc253ccb7131286351e82b4781c80c1e56,0
527fa6f50916f6b2df49bb847f00127d58fbdc03,0
7004265ba416cd6fc13f2f6c7ff8b191ad66f55c,1
024b7a6785d8c943724a8ac8d16ab842f17692f9,0
9e7817c1931450bee454f710cb78fb0a151a19bd,0
187ff5375e0fcb8e1b4a6cb311ab9c5848e62f47,0
64c41090ace6a373112af1eb0d34ba3c2f995f45,0
f5caebd7449ffe6d5afa2960185f0794fbe7fef9,1
d219b531a0c412f1eb02b85e6d5c0099397b505a,0
bff1017a10ce1078446734f0ab552a36081f1d8f,0
4127f7879841af7b3e361a3ba5ac544459711485,1
27803f39763d14aee4eb89b7eb58996efde65f12,1
544fa44c975bea54851c68f7b288d7d13af2f090,1
d81e759a4b2dd80782ee59844885776e1d598942,0
2a567ef02a71ae405b24f8344588f8d7755233e0,1
f807b55253a4072d67627f9598589dd40f9c5482,0
9ec51b2eb058fa9b0c9a8e1194317e9f7b090b82,0
2266b9e8aabb46b5538f56dd0a225c8e7682764a,1
5f76b0aa81ddf25380f7d8356ea324b26a79ef64,1
64199dbe04411194b174f4eb90857bbfe0df9b0b,0
b4298be39ccecc90b6fcfc8e6f4aa73d34564300,0
bb64f942aafd122e8247a1bc057735f35877e6a6,1
0d396df15d67e104d5da34db3baec6797fe213c4,0
c5ed9724f3a3f33d7ea460ee00a830b07ad64e1b,0
24b4bf221a385c6fb676f1449b9240f1412fa6f2,1
419352a8a034018edfc480ef8830df6b192bdd8a,0
68a6eceea264d2766a94806de58eddf565e25f4d,1
e4884299fa513c69f1ba4ac0493a6f5a428f5de6,1
a7ee62c5a7240b2aa8676ed16c953bf193ad0dfd,1
8f5bd65132edda694c2377c7a898a72c45b2844d,1
8ac8c8b3dee9b1d90f116edca1d1393f607e7010,1
1061657cf768affefdcc7c1dd901b5a26066d6ad,1
843d2f85c20246cf57cf38a4cd871a4c9d3fb2fe,1
9c1ad8fcc9790c1da983506f226d629e846c0926,1
700abcfc0d036ba94215469a403ec465153cd725,0
482bd5e27dcfdd8bf80fe63cd677e455d51a4c76,0
8d09ab8cda88072db90a2cb43dd3a7e562b6dbfe,0
07a618f9daeb08eb82623e3ec311aeef9cc68476,0
375104f9b20d8fab320630797207af5a93ec65d9,0
2796d441b0abd6c72f15851cb35cff674cd8db20,0
b9102f328f79cf30caff299e4a5e514661e60bd4,0
d457f81698deac80163777af2cf97e757cdd9dda,1
ac44ea8f216866c40f3d1afa961ebf6916046736,0
c6262dae0878b7c36b3cc007327cafdf71ba70a6,0
4608bd3e778450e99db70dbe8a7cfbfe9641fa0f,1
1474ba28c3fde01097ac46ead6c633c39091187d,0
5233342c398c1da813343f5771f881c8c7ed0446,0
f9addae7992d17d67bca4246c9c7cb45a85ecc68,0
f6ded758cc1745e5fdde8f66c58f6a4a418588cb,0
be887e1b88f77c3eb36f217ec916a4355221c741,0
e34c6e5c2910633afab82929e8609fa06afefca3,0
ebcda29be02da2df95304f32a5e97ff52ebb8241,0
12554ca710be0fb9dd976eb6de0b2694c4bb1c6f,1
affd5d91fc49d73a9e30dfb08f41b38efbad26b6,1
35e6f25cf57c6071f35bc21683a199b7595d601e,0
5fb03e349f00cc704ad3188e906bf15312a10407,0
f3a44d64173a873edd4f0cc9416d426598865726,1
ee55efcdf37db8d66e63278f000fd1cbe7a9d950,0
ce1eac31de8e8e9e0b484504e579985dafa74f4e,1
1b440523f90255846aafb89b8c508e36332dcdf8,0
35fb6de32fe1cdd2eecbf63e6d27be195c036fec,0
07e4450f4b266eac153ab93ede220d68e9a9eedc,1
b5d923f5f5d96437aa8ee4ddf5d0b06680d4cebc,0
ee55afbebd4ace67df510c7b85a15ce24cd546f0,1
7a94d679afa7cd697461a7682e8cc717de78342f,1
809f1c9b2dfad1ab06943e07ff44f7fca84e2b69,0
7e0ad1491f66406cec18f8fd3b30f00602dcdf0c,0
df973bb9de0f0622dc5f391caeb2538692afc362,0
792ebbaca6511bf9044642be5c75695dca206f4e,0
abfe0feb319ad4f231eb8dc218405fb2dec9caa8,1
eb10e2e9b24dabc2df1ddcc79949d23be64f911a,0
a17f7dfbe0469e7c33d1cc2cb36068a5eb6a5093,0
e4f1c7c08f024654f68ae1cc3ed3f0bff647217a,0
f3ff959316c1c51063f39ea29b28d5c472856cba,1
0b42aedcf378aa743fb7cfd363c0f01dce1d5313,0
a531cbb3f9dd4608fc4ef993c41f52fcbcecf391,1
f21ca7746a71acf597b9a9286729b00b03eee93f,0
35e450e2d8d7a467442235f913a121050d223cb8,1
e95db605160f57d7e2050736856ab3f1904cf42e,0
a75e509fa8311fdbbba60c3f274b3558fd2eeec6,0
e8f44adc69b4af8060d0c61968fb4e09bade7a30,1
0c1b613924cd79f0937019edbc2796c49509662d,0
1cd21c640b1a34e96bc8f53b9766b3c77c6167e7,1
5d49e0485f98eeb76f3c8835ab8410adcbba663a,1
374c07cdfaff55beeedac22183266f7b29ca6e4e,1
5502882c01036ac1ef8eba6c935db509ef885eef,1
2010a149291a84fb5dcea303a950ffe40b98ef2b,1
697b8756d3ebbcbdfd440a6b92f09c38cad11e8b,0
90e2b8627a26f9874e3f0b58686f11397ff6fefc,1
65f36d1ceefd4fed62569d089d179ef1db3687da,0
ea7e7913f1be47f597c3278c1e4bbbf08731c436,1
5002e8a3a538d11d34a10cca48ddef693d1763c4,1
d3d7680d9735c19084adb8ea8100961eccc1f36d,1
cdfb0ea70234249660d1cfb18629c4eee32a58c8,1
46fa8c63551a0ba18fcae3ab7c784093f2c1dccf,0
2df309cfb95c0c5d069579d188d35ad9db7f7ec1,0
22ceea499c145ab79a57955204686fe4d81ce6c5,1
f0bd7b713ccd6f5ad858a23021852023787ddae8,0
e4f015880503a06d9c0ba46e52d873e578b0b6b2,0
40b8b1da254cb08374fbe9a66097296282d0daf1,0
91225b9b97948880647097ab4319095c349128bf,1
59822f72055910f6a11f01732e82184c7fd58369,0
746d4d6f547174fc98fbaa8aba55702930a0ccd1,1
b598965a59c3701b7d132b8216e79dd5b0abf8d5,0
1a95793943e6486934d494d92dc3771b32a53f91,0
27f1ee265fd2d94f768f8eb4b8ea368db53d1a80,1
1cd090363898c0914ac4af72327ca07863a6ae49,1
3b7894661ebf877fb5ff9bbb2b90f0b43d6b4d41,0
327490d61d63c9c28dd617bf5d821546238bd9c3,1
4001345a776d1c552dbf0d60d05c7215269f5ca9,1
5af83ec871446937617478891799010d870c5712,1
9315cc8eb696ee58b3272027de18592a24ad7ba3,0
fd30f1bdb4fb00eb7613a79cd30b8fde7c0128b4,1
148fc54812c24d6e2d9dddf9c61e0260146d4a88,0
2affa4d34ed0426d1c445659a05b754d40e92926,0
f81aa33ec00ca0286568da8a8468b834ecada12c,1
d528a62cc3eaa50294117bb4b9c92a537031b725,0
c155454210f96222e0c50570042587533ed1f626,0
e1127b8dceeef7f2a9809bf9145d270a6f4949c0,0
ef94d102fe68d9128400daca7b508050988bcb78,0
9b1f1b9b2db949d7c1c312ddcdaf35ea531eb7d4,1
54d512ea2a761b106ba7afa39f93830525ee5e33,0
f64fb8134df73ac044d70da77d52a7a5190fa37a,1
796ffdfbc48536635f0a775f059b2f1d7682e29b,1
cf982cdd51be729501417b4a43f952dafd5f1ccc,1
8f8fefa0c512d504bf5c93f1d3bdd799e48169de,0
39ff143036c31ec33e217fe6b06034c3bcae5ad1,0
bba9bb4fc4adabd43841c9de8764cd8cff223246,0
2f94347b06a26b258d9489b882581c7ee792720d,0
90ae34e5a8010600a3f8014a03f35348388ed4dc,1
0ccb2551f0fded1f67fcaaca1f1df0452dd165dc,0
afd185e3c2e9007e069c07c3cabd9f1955755848,1
b72f568dd20e6d3d4e4f87fafa0803d662dfa113,0
08c7c6838724398809d2077e1eb0f489ca42e7cb,0
f47b558a73ec75ba2981b1c3f29b7412c92408a8,0
7366620c5c9ef12cd6435bd286e25f83ddef1ef4,0
20a4c8fcf9ebe360b999cef4f9577bb23cbfc380,0
690850bed4d4a7719ad2b4333f943236619f6253,0
31eb783ffe986bcfffd927307f9c15f1ecfe3f0d,0
d44420c306a8c4cd9f5fb9b8e9bd63d3e5e44615,0
987f16477c1f79d25561d10d36e9b4e1c08d3f92,0
b91fd79d2da9e8589f7cfda281620608bd2ab2af,0
536378ec1e5a04f3f35a6d06eb0d08f79c307e52,1
1840135b0a9eac15ac80b5f4596acf50bd908caf,1
b096d8b9e3558b44d95ad305e52c8ffdf6a4f002,1
9a47aaa6c9f0d1d6ef24f0f9302acb36a059e007,0
d0aca93e367b8e9d986f46343997db8d2b8d7cde,0
b0e376ce74495f0a1aefdeca57a9f160a129790e,0
91cffcfd9f1f76b547c981f693f92acc01dcb491,0
009021abd0f053c26e73995b79d3b07142db865f,0
5ec50a2d18d4e86a32ff8649ec90786023846d3f,0
345bce8f33fa496a4e11c1f4d8c6d517295a878d,0
747220f245dd3b67974af8149f42a6b4ac490b5c,0
2838e2265ebecf940e0dbe405e69e78450d24e5f,0
1e8ae0e7c617f495d3bf5491ae761fc884e8ce66,0
3830f7e5f0af6635fcec831cd73ffe1bf920e249,0
57bd079e57d3b770471d07c3874d25b1728cb4c5,0
376c5a906999cf6886e92fbbeb90a24c67d4bd00,0
7d79128a216c2a9676ded5413018f9b710ddd9d4,1
c9793b48de5e24096153a159bd7cf46ea15fb216,1
4cfadc52bd10306c46bb9bb1610b168e07ce5d45,1
d4b854fe38b07fe2831ad73892b3cec877689576,1
5a8ac01ee185a2665da8ffc6878fca8b8bb76a46,0
dec2cc71ece16cb8ee45085fe002fd7a58741d6b,0
afeed36ce15ec78900779c08f4ed619dc2cecfad,0
232b2fd5100871595e70390ef608f5d5960ed29a,0
0c78935e3067a02638d12cb190b68a190d8913be,0
d734472772db1ea2a70c5fecde37a38c1a9c344c,1
1c1d8ca357e09f5a0045cf838580560002c72888,1
73704e56db422ac090a3f2742297dd63efd48057,0
721f43f22b5991d8674a89f30704a7d87e6e887e,1
2c3ec0c5d304759b1a74768e4acfd090addfd038,1
11595edd864133dbcc5639877562199848c87f4f,1
49a9194a0b38ee2be2cc8c3366bd5a38c75aea86,0
a1d9a2e61701fae407814057c2a98bd5900ba63b,0
f140717ce7d9bc7af29d866db00904786a800097,0
46188321f03722a6ab2e1096c37d04e00f88be47,1
4c5388f73c7dc732c80f3beef6440c7d20b3e313,0
f3fe403aee2b71d3e4469f19717e896bbcc2934e,1
3969ef7da98de003be32e62f27f7c910c6beb71b,1
d45e8af18c678cf3897b65767c162878d7024646,0
f40aefdad2f70d1f27d514a164ead48f365a494e,0
2844624be204e753684af3e88e18d73d187cf749,0
445ae7f38e66e29d948b075453a3088718fca8c6,0
767e4b91dcf200f9c604ffaf1eb731d2d7e784de,0
82332eee46e32dd83cfc505d2fea9a78e31d4dab,1
2ff19d845e2d430e0910d0a47fad0c8302df0128,1
721b6621c37df6021adfeb110f8c4901fd61c2e1,0
039d2e60a456957446278810fe3a4bcd5c8b2219,0
b423c84db3aa362715a84dc8949508ca9c729937,0
b3dcc6c9bd3b9ce9a6b416e30062f60e874f298c,0
3b8eb50c5bdfb3914b3cafb51657da43a368e4f2,1
8e8e2aca611faaee6ac381430bea205b75ae71ef,0
fd1cd23760a0dd60840efb90ba6819c2fa05fa8d,0
9f9d14c1fd74d3a5d2edf7fa0c9dba2ff91b372d,1
ce72ed8add10057f8911f8edd635f6a90806dd0b,0
a359bc1b7702e357b7897f1e5088304c357521f9,1
a4963b6ca822cfa122bbcc85e1fda4af20910535,0
3af6a304f64fcd3a12db2f65808e3c7ce47540ae,1
c5b4c2bb0e042d3830e8d5bc98bec23cf3fcc9fa,1
aaa82745cfb2ce7bc051bfd38a9578c7ab415442,1
c112009c03da91122e2ce0f7eddd4df2f843ae66,1
b70da425651193275150b6c9f80ec5b8632981c0,0
d752553daef4addf208be97a090d065c79ee7767,1
e3e9e11fd462192e1721b917d96d96fea3a23345,1
e7510dfae132d6f86b8723a354ebe6b1e49a3841,0
5c89d4479725b6cd8a1e71b49fb3367f410646ce,0
098435ff81efd85be184fb34216946d098d8a703,1
f83a14542bcb00940875dacc40592b61bbc00f8b,1
b92f68154d505d99d3b53c545730f47dc178b806,1
92774028b5dccfe9d32109b6e047fdf10745d31c,0
5137feb453a60f92467d07c436d6a4f7286612e1,0
258ee4565854e191465abfa5ef58b73d3cd599d1,0
8d49f89faadbb622687311f769199d6b9fe9ac40,0
ea7a979650b8d726e88dd6088ddd07719f0eb3f0,1
a5f45647b79ca3feb8254332169c6e9f00f72e20,1
54b01f22956c3829184f6f242a3169e168e55f70,1
64cfb56ddf41e2a871ac5164d61e50b238b9ed1b,0
bf80345ea806b50a973baead4d2a9703e8ed92c6,1
567c722102098d5de7fbd1292d63347819a01585,0
e4d3b4a8568267cf7ba6ba4822dcd8eaef38cba3,1
ff5ea513e98e17288906b6f1e47cacf5638d67c2,0
4953737e5b6a918191a1e07fcde346bdfaa24aae,1
ddb5f46269e745475781f2936504d062b1e94142,1
b56cbad25d1ee7afce525438c1102f4498763809,0
8b37d43f13178fce5314786ce0c64d13f5bc1cc4,0
784bc52d6483c4a9825f4bf8e9ee240d54e72f89,1
fb1df44506030b28775b7fcdd6bd1149325247fd,1
8d50bfd7e9f3e426925a61a070f788387a2c66be,0
a8c502cdfecd88665855ae1ee47779ff3071bfc5,0
197ec19208cfcd76285192137ce0b4cdec5f8e27,0
0e26c8d4fd28d7394c9a85acc4eaa04503fcfdf0,0
23d5c4b008dcc72212adc7de62da3658904d7c5f,0
8dadc0b9eb366aafa82ecdd5a4620db01b607fec,0
f8a560fb7bfcad112ec197596fddcbdae868ab88,0
f8a90c3d8932a9e5636d7e01fbaa2afea176de10,1
6fb26faac84b079143da4a7646786d34e24960a2,0
6789a7eee142615d16c85e4577439094dc2004f5,0
001bdb4b4ce651e87c85ddf0f1b5ee8412029ba0,0
b7408264da86e56091939f05c8885ca50c9fe5b7,0
2a3c96ba39abe84be9639c7a563ba29ee8033491,1
fb63c7df302dca57ab370349f632485737d2304a,0
2b8d1ae7dec6300e82f6666d0bb418a2c17f113c,1
97f1002aca544df1963b915395bebd0ac428735d,0
0f43627b3109cebcafe5863df6aeab4f38c7df7f,0
8e36280ec450e3a4c5d6369611055b62f1eecbb6,1
20fe4ab07e881b7ac3e2a3167244eac0ee39e5dd,1
e333e231d6ab21450756a2877cf093aa124870f7,0
a68aa80aa13ef225e59308513df3ef41c1604ec2,0
8f450e495463ed8709c8759c1c52fd5f6125cac8,1
48a2f65c516a4b3c3ddd7550f41cecc7c92b6cb4,1
2401a73e4d961f0924d02d6673ecd862ae38377b,0
00140068628e6c486d9fc9397f4c9a151590b9ff,1
bf74f7a4fa003309cf7598f401cbc336b0c94a1e,0
d8f4fe10103bcf44b6331bb8fa930e44116b461b,0
1987d11b32536a83c913cd2e13e5cdc0a3994023,1
373e4df08ac609501112511dcb551e97cc9147d4,0
66b4ab898e0e946149625b6ec3d52f6f73ea2197,1
94f14b887e11f0539caa4f61d5f57f008ac4c18c,0
8313e4748b990efb25f31c7ef1ffbcf14190d21a,0
87a1e306b6a5a58d3e7c73ef4463ee6998427192,1
5a7e631a6cba9774489a702bb6fc527ccb4387c9,0
9eedcf59f89893f3baec6fc740e3757461bbd334,0
de3c4a10f8f748def248ab0e490bf8dd18012bbd,1
fafb8af587b0181d1fe08e4bb5bd5e340394fff7,1
dfba365ac62a9c5ea8883d3007d6cb37f33208d8,1
1aebfb71dacb92cca196ac022e351703f1353968,1
cc9c8b04875d6304f8c5c331abca65732a1178e4,0
8bdfb1ad70a5611b6feab93283a0a53d88a52f22,0
e23bc4afdc8a3da30d24bb4d44ca12637f8b663f,1
839ca800c3fd16a8e80939ba88e45e910e4e0d9a,0
0ce5a48ccd0565bd538582f79ef6c9764a633652,0
11fdea32e35334f6d82e702be1e7925eda9f0057,0
ce25f1f178f3311ec07b9652f575c2570481192d,0
fbf5817880d58b63e5c14376839a084c0ee0b860,1
f44f86f67687b59182e41eac9d6c840a1b79d533,0
1443970c8aeb53cbfe13dd2f7d1e397bd462afb4,1
a871c48a6a7533ca613b701c822e374f991cf0bd,1
098042c49d0769bcc2b98a12d362ec6dc84adf09,0
7b70e918345aa6ddb0a5bcba5de6cc86ef8c0cd5,1
90587600f0f76493af1436b49fadd84415eab451,0
3fe008d906b00bfbf085ed5314ea401a7286aa0c,0
9c038b0a19342e5dcd6963c0ab315651847bc00e,1
26974a106daf9fe3e57c18ab42facc6594c8e974,1
4eb602146b155dc526bd3d784025e623dee068ed,1
e5e35f5ce731cb04f1dc1047c66c1b7d50a8db0a,0
4fb49480ffc65f6dbe8a7f73e6fa9add7c5c2afb,1
691d3900bdfd04de82e2f1f9e4a9de135029f954,0
30711733ef031aedd598203df5b5f28d31e09f33,0
e7db1ccbb0335c8f374bf15e9f6175d9b3a5642b,0
05b93782625dbe755444456324f3c2b8dec374bd,1
c80adabf294c493928f0d5663edfa7205759f6ff,0
7b6871c167228127ae7d6a5ddceba7afc4e78d17,0
4c47dbc32d5d01730b6db484caf1fa1081f290d7,0
2496dd3bc3d588fcac9f25048be2adfeee534b45,1
5c2eb3043b0ef7d7fed4fdf4137b930223e6378d,0
f0e361b893c9383f01abb90feafa861e2fdc91ab,0
838afd4b38fb7d99fd7a214045539032366f22a7,0
58307a90418e14ef5c959f193a8a94a5937ad703,1
0873d52e214597ce429995c01108bdc17b76c24d,1
3b366eb39daa4905758a3209ad6977c75da2de65,1
eb1e9a7e8b6d74e43a78e1f15a56da1131597efd,1
ec6c059c5f6363d9a54ef514dd0161b06f9405eb,0
0bf96ae119ca509b9ef3c3806cfc66afe9888ad1,1
ed29ea7250f95f0aa30390919bcace36c9d1c374,0
d06ccf8e593065e3c9ad7aeff69395e922d46f13,1
1b8b0b27573f08bf0f869a5a82677f23e6a28c6d,1
9f3e82d7b4d75445c8003a56f7a4a389caaadf62,0
987d3e572a3983678f90b15a072971ec6909f075,1
ee9f8ca7ea7d7f42c7c111b5d0ba7787ffb9a5ec,0
bc397e534f7ea0b8c389ad2dc57bd4380430338a,0
f6623149b2b98eae2602fe32e7670cdd598664c1,1
992d79dfb60a5aacb06e18ad94b09b77975d8703,0
152c07d7e55845e823b97c28fe7edb1a809d93cb,0
2b3d6bd3a7df89e60f80e54c849466dd16cc88d5,0
eb58f983527ce775417c9798abdade93572a6305,1
e2ed6e8ed202c821f43ace3ade3c2740a57e8633,0
4fb467e107020173601a99d524e46630635657f1,0
7fe99ab09c056070e1fe254a70e98bec22f4a979,0
4cbebe07bd7c72d4aae4f6c89141817db069310a,0
a4e714f769810198c15f8fdb3f41ac49c79ffca2,1
24c8101a7976d863d2fb1a25309943f01726a61e,0
00717411c2b7854df9cbae4b9d4ff2e5f91211e6,0
bfb9c935896922d602f4fdd5bb12319c9795628c,0
5d491daea8e52e2a19f7c83cae69b19a975cb120,0
de24c5d0dbb16688788a8df111f2d28b6eae944f,0
7b914634d6dbc52f959751532d20fad4edc3fe37,1
e3f1ae2ccfc76754745a75e6e592c67a2eb6fe49,1
00863cd8cf958aacefda796238290d9335252c65,0
6e3450b8aa655062abbaea108c74843ccc90ae22,0
964e4cbf42b0ca4d68fc3eb1e2ed75603d52bbfb,1
717b9950e41902ee13ff93f2fbb297feb9a637d7,1
2a93d5bb1e4979cfc7f020090ddba2d630a4a255,0
39e138a2b63ac8fbbcc6a51a500316cc51c38a89,0
89ce5842002951482cebcf7389ddc7c60e4ee040,1
3616a762b65b66129942136d5585785a4ad0d2bf,0
88355430182d8ab523d0c8e2877e509797ce1a12,0
1732925cb9e16307536bb9cb7d4967829369f53c,1
d5e96a06f0750f86a31ddb8e231313228217f393,0
a9f199f0b286e30b214e7b5350ca137509f5501b,1
bc9ef70e3677483dfd1669914a1c110d83d754fa,1
02165176f51d68f1842ab267d4bb3a752fcbf29f,0
38d091b602c317d4fadd76da990f4e949cc27563,1
73cf4cde11b2919c8eb0270a4006cc02604c2fbc,0
81026cb2879de107261c10cf2c38f87fec2dff19,1
e15b9fb2ce3384a3c8c1d465691761ac9a1c8efb,1
d771bcbc74b16dd77f2d9a6c509e72a4b2ad6f21,0
e7114d7f8b79867350b3e19ebc7ea597c42ead4c,1
fb92f170523f415a826ef60c5ccebf4d48183e1c,1
a2823f0740f7c2e2edbbecdcbd787eecf1ea5f28,1
85991ebd872c1f4ae22ca994d86551ac463efebc,0
5cb5df5afaf337e0960185305cf552412dcc0726,0
7a308ef944b67694425b8706b4838df30985f7ba,0
6a611c68a9be965f3a61afce25797b835dba1e9e,0
25a93843189883f0fdc7f0b2439a9ccd955f1c89,1
d4047d3850b13e9e3de25bf166c419779ea234ef,0
65d32acfb528628f3780e1ade013dae10e9f61d5,0
7c515055c5d50c0a6919c9a80f0e6c085aaa0e2c,0
d3f4f4c4f59151e6811abf09d6a54a1672038e1c,0
39ebf6ace30508006709996088e6dabb05d59c36,0
ca3cc2ddf48abacd30704b0176f02b63fd73cd0d,0
9d8a4e0ba6c3584a070c01b430feccc0b678d468,1
a88ca2b3876d879ea61bfcb997e7f90f685bf0ed,0
f91d1aa3bf0d87ff1d16822beaee32ca8d562c8d,1
d721ebb3638e62bfe62ef8d1139cc6c62130fb78,1
762b10750f3526237cab7ec902de6f6ae6342600,1
f72f6143a3880d4593ce332651befdf89e9a1c44,1
6becdb329f7142244a2d81c41391b7c6d2accbbd,0
fd7e1b869d5e68ed27a11696e9cd0c460eca69ba,1
3ea12fcc425b59eebbebaa1e09b5c204d6e16285,1
e6bebc6cfa9607296091f67046f11425b0d2452f,0
a76c56e63c28b78463f6561f5a54d2eb2fe20189,0
6d0a99acf31ff4ca2a32758e890934937ba9e1aa,0
920560ed0eb3ba1c14e8c313e1e7c71ff03db1ec,1
9b435db4629dced23a79788649213d3638fbf9ed,0
e709f6302f440dec0a4dbb409fb498de18f179e6,1
081bf00d89059c97ed695dd7da758580b0aa2b81,0
e645af0416ecfbebfeb4945b002e2e9ff9c75956,0
a6a23ba6d908f4fabfca42ce6fa9d3ce3cc33aa3,1
2581d78945e298342d55ee4cbc9967e84a7f3ec4,0
7cac42f7b2f0a1be2f8656919ad296a56a8cb623,0
87c352353f277b1fe7646d39818a7eb3bf69e13e,0
8e8f61ee3cb593916eeb6a1d3c4c1a4edd4c800e,1
ecee69d150845261861d6639fe7c721c9477b5db,1
490fe13d2934f156f93dfb5529291520bdec643d,1
ced408d9197b9ac471abb924f3a93afa7037c825,1
19e250ba6c7c563736299f28ee3941f8b3fd3ead,0
4a153334a994f350b5390338ff3d8f2d1ba2a015,0
ea5770cbc6d4a9e99565d92e6ea54e585aa7ded8,1
dd7f78a6834f3c7cef87cc799020573806dbc8a7,0
3c62544b6a59afa45e531aa1afafc2d190d87b75,1
f4575e6db256ca022305d15441b41c64d2548bf0,0
d6f1589fa3fd2e792bda9f392092836de23b103c,0
0da79e754ee5b7eab80e0f7641b09a4aa62b7b63,0
4671977e9eabbbbe8ec38a63753f497afc0b52fd,0
f3c008b1b17833249f1f63599f9a1c20ea9a2e39,1
cd45307dacb4bd0e2696929fa9a28a21d8ca915f,0
d7e90c083aeae377bff50e0ff06977ec06e64b90,0
8eab1ef9f78bc37c3ff4f5785dbda7f656e167f9,0
dfa1c35efb14d7b77517177685756ea28c208d7e,0
67eeb9b7ce5b70c67e2ac83b737d91a9e1f6f135,1
78ffaf046c0e039eeac30202eadc638c94dd5e25,0
22fb403b1d86212e96411df68071f2da5a3d9c77,1
41610b29a15929952ed65963029ae91f1c2a8bd4,1
2cbdf74ac5f043056f96221098974397b9fcb8a9,0
672d2b846e375f998dbdc2b2a78a3d0d2032477e,0
f8cf78bf652418fa9f5e5b830e74a015f7e99d8c,1
efdf8fc7a4575e4471a0ffe4b577147b8b2627af,0
5907a625fb11a6ff96f22194492210b60418ed2c,1
c1d6c4d41de4822d3829d3e068ad2e8ef992963c,0
6ac21cbeb62ecd6c92f0f68232d048c49990ed4b,0
b1def95a01ac4fbbd6e33bdd5604a9e561d07a8f,1
fcf6a58a0b687962f738a329f091654bd3c692ed,0
49cde8f68aa95dfac6d7574b572d6479798beb4f,1
d90446f5684ba768b00cfeed92ba76c0e4d429ef,0
c93286064075a04b00db67a054bb96f70fdbd650,0
e30a764c783fcbe5fa83651561235108d0377bef,0
b26eed42bee2bff0cb831c8b7f2a7a074c348685,0
6bd4de5bd87d4fd360e26bb7b417da1d36b75162,0
bee6fead140f0b3650a5cee1274e0fc5fada30f6,1
9301c15ea269fd2735e36aa14b82856b21941877,0
e0823ebaea2df038622b5c927cce87a1ea0d7dae,0
abae08a172e2fd397c26eed54fa388bf0aae1857,1
750be3dffa35e1d12878d5c465bdd703a1e8d6f5,0
f01fa6aa3388b0ebe81231d00023c5edf0d01eed,1
53f5df30aafe9826e3a2fc024bf521881a166119,0
ec462e44533c34c909154427fa65b5290035955c,0
855de86eaf714fc285e3e1d0de52f7d056b8b894,1
2e25ebaa08adc4e5585aca572108b8f9b6fcfe36,0
feb11d9e9be572f0f63d3a78b598b2c78f616fa1,0
d0fd9143f58e891c15483f5f9e3086085ce3f95c,0
aa3822578c352a11a8e66bc7f74e4dafed052484,1
b860015aed1018443fd52f9ba9f549f927df302c,0
0a22855c4a5c71bf02d90b916e22c3e36741ca57,0
1c11fcf35fe09398e36dd7c1c2c88b283102f27b,1
22d6d9bd056b407da5eca46b8a8800220a2baa8d,1
a2313fbdc718ec5121858620d7c8df92e6ec4579,0
c8336a779b3787e93a0e16756ea6729ceee4eb46,1
9d59db7203b5444b9a91035c4437c645ca581838,1
c991955818848fbd2ab69f53475243f7c101da20,0
058fc4629300ceb46321d0715ea9d417307c2b93,0
f64ffb22c28fa266a2044b962e74370ee2f614db,0
228d7c7c6ff90f411da43eb8e09635e27daadfe2,0
bed1baedb59c940d683a5279f4cf0e75699b8c11,0
67de42fbb962f34818ce1b2dadd5e69ccb4822b0,1
ec0d6fdc61a79aab8d09c9b8c82100f799b3f3dc,1
c030e338b474404d05be305f3f47f895c6b4f036,1
69eaab9dc84f018f1c44442b0ab4df0ad46983a1,1
b42cc8f3eac097f2cbebc49cd4982eb0ba095f59,1
20544c28b713814452714c2b656aa88452990ecb,0
e8728fd36df0c6fcb0fbbc420f568482f3fdeb19,0
428ad96f3003693df3035cdf649bbede0a7811b1,0
0fef029f35b7f8dfe37bc4e77d92a476f4791c45,0
656a4667f7b685ab3a827676d144a721a9148ebc,0
bdce9074488998efb69c1ae9ee32aa8c077c5595,0
d941c7c351a8bba43d2884bfd63fc38015982073,0
9301339f2e2b3156f1d98a087e66dcefa9da0434,1
2cabec8251ce254adc6e855bf4c7c83190993758,0
9dee51ddb75d53e4d0bb58e030d4047410500f69,0
efd4db89ef84185734d54f6a970a507948072663,0
5cb0cfb6a0cfd2e8268cf7082940348c09b03c12,1
237270f4d64096d20b286b4a4475a822b69142f5,1
a40ff1ed73ec13d91e227e142be9ead4576a4345,1
3fe4f27985e2c851824b376bf385d7f5411eabd2,0
c541677bc843c17e78155f2df0cd150f4b366e4e,0
460050956b40819f72d99a5d3cd28db8dec04455,1
6f1bf7d29fba4db10a6341a930d80a7ce7063e45,0
4a0fcda83d5e78866688e8df05079ea7bf683e32,1
e2995bbaa8f843e14846fc1ccdcb6abd30b4387a,0
fa89a83422e4a36d36ce9c691c8d1069783bf1ce,0
7c07897831048c90b4cea7c81d6a3396faf91783,0
ae10d25c7975411c82563b9bf148082e4e11c301,0
d7e934f6ad4d98c96d52c63992464ca788e77010,0
bad51524b963df8325ded2469df741a51bd341cd,1
a499dc437bc566db3012a6e495a0a453c968ac86,0
3d8f49b64a525c84cd694ae73dd9792e2c076e95,1
50b9cab8659d91f3e8199b86cdd70c3d743c1b79,1
5d32fb02be79107d24fdc0514167e0df4f2a2f5c,1
ff2bffee8c58b880ea7480c6058b5079c2ef4416,1
dc27f7d7fecc68285a313dfd5c4e6c8fda74aba4,0
e62fbe4e092e635290657c2b24876a8b16559923,1
cc0d51cf4a1141c3de6e8af40a4dee76331d9875,0
d8bf6eb4878bce7e4df7139b86ee5d75cb4fd6d3,0
3e84a58a2fae9f65f7ce568b96d95c446b405d9f,0
94312e3e3c52490e7e491d2d0dea23e4d5a8a3ac,0
ff497650b5af42a304ef765fba3a1a64dfcc7370,1
490d1385153c42117395d765d99dd29e824b1889,0
9016ccc046b9690557adee4f3feaf9ffc415afaf,1
6e97befe619265af04b662c963163a628e4ffc89,1
8017342f07bdbab4bc652a503a2aa9f89c94335e,1
4d689c1ed77e919a9545c5c0b30a787ddf1ce637,1
e46bc7c8162048ec40721a370d8d79c720487807,0
69c8772e2070f5145d5647024c0ece7c044417cb,0
9f1ac9651de05eb7b38098223533ec640af1651c,1
58a31767832e2febf0100a9432545fbbe2004a6f,0
a1c8759a0a3d11280d1e3d05952b909ca5d8ab66,0
778a2359e22a2700a187ca41f784acb0856b9b4e,0
26882e04e319479adcb8fb40aa5ada3888d51692,1
936d5ba60bd18c352190eb4ed2be4c226e829949,0
b32a61f702ab0205c8ebeee8288fab02f2dc794c,0
0861227cc58d7e6621d00d389a81ceeb45dd6514,0
3fc6b7dbe6cc3b858b1f954848d145ba328c4633,0
edfba05fa2028c24a1eb44e19a42971756d9a39b,0
4987a00ed7a6c09e7d059ff36f97ae6677b3053a,0
318c378667857347852464d468533d0d64368f97,0
270c2684a8f6cb05491cdd6dba27cb303c96b515,0
9c9b3ede254833371b1ef0de15a82471afc9fc1c,1
1d923d6ea88220c87510085d0540e116cd311bc2,0
acbc0e5eb55464aedd709eeff6a86014883a1d2d,0
aa5044a6843c8ccdc6440629c9bfedff5e8df4d3,0
0b0481056e50ee7c6202b86670d6241116b44cc6,0
fae453a5142136944912816879e9657f7a7a2ed8,0
f9353d0aee2f57e1a27d4bc94a09d0a3e6facba6,1
3c0e0f5f4e4fb3cb762202d41f2709ea44c3182f,1
55391d09b2d51b14be4c2bd51e86c73af67a3b01,0
5df61acffa7c548d9cf9c626240c006c7cfdfe98,1
a8d0bb05f46a41b82e93f79dd84b2dfd1bd258b1,0
b99fdb9fff475e2890d3216b712c2c452006dd86,0
87153deb384804e7ce733f9d2bb0501be37e9449,0
629b561538236ebe52e289f27b1cf1e24bc8d7c6,0
cb8f387bd34e5f1bb2d092ef8d15da01cf3d0f60,1
388e86df184acd28b0f9b31585cfbb13217d23d8,1
8761e178eb75f8386a7477a81084499c9af30be7,0
6e3ec6cb3b3465c72a7b5352af178cab8a0671c2,1
ce628d977112c8b45cf1309c99feee2c54f9fccc,0
c04b855c6344424e13e922515966b44530c17b8e,1
347ee17175aa69ebc0087ab90c325ff1ab0d3cee,0
4ae52bee1216d0e3938f9c360792daef3b641ce5,0
63ed431288df77ea863a45919d2c3074da2191c4,0
b0f924e0faf3ecfd3cdb1347367734998b615a12,0
31d316c179aa92a5cd759498041eda4190f121ce,1
97952b8ca26b7f0c86568c9d8c36876d3c138f3b,0
81550343b5cced2467dc4b9c40baf05a7752d88b,0
aa5c0afb3564264584ee7364b7c4f3dad6a45221,1
fd750fcc3d7b7fa3a4b2ed59b9658b2fffdb3e68,0
6a4c2fd9b150e993c8868ec3c76a03ac69cf3b29,1
a4598db97889adcae9825273ef3f7efc59da8ca7,0
d6dcc1a0ed2ff372365a52303fe9c22a9657dc94,0
f5ef54a5f1afe8221f89268d44f188c12bd2a7ba,0
9b47fa199723a0c942583662c08c16f9cbcee66c,0
fb59f01b14cd4ce74d3f651c6dbdb8731a2d843c,0
5615168f6d29eeed66d8642890ce26de557cde22,1
e73783bab95e26820d2dce19ca4908713a46f104,0
8f2e2677262baea03e910b128f16fbcb7804d67c,0
1dbf9be73d064aa11b3eadaf6fae79b950e78193,1
62db6a22ad516f82a8b950113fc04aa757e7c58a,0
bfbb5802927d3fed3bc48965cb007001d344e93d,1
47ed4e749c6f52c5782e66e7363bb59aeb75e653,0
8a214ee0b1dd9ad5567469b8c8915a4953f5a4a6,0
8c826351b8080f085c83d7f315dc6d8fb12da8be,0
a0eec2122d06bf237ecfe6774526b9f48d4f2720,0
4f4928e25eec0a6d6fe60ab0a7a7bc3c48d2e8c1,0
a5497b3fdf32407f93901469115b787d33d2bf0a,1
df7e4f6879453cb961dc0dd6d0df872c67a6c591,1
267a315b577b966ede2d170fad540be93801dc86,0
dbea051608ae32ddd85472ff0df9ccefc32531fd,0
fd15f6862c068f1552809071d501229285dedc70,0
755014e3924973bf47bbd81bc8d4620047d511a5,0
f7609614ef6a3bfbbf22a998e48a3c5a4a11cfb8,1
c74fd4479685f0d7a575c39d72d42b6a2e90b3b5,0
43122699dc027a80b9f891038f6388bb3a719d7b,1
d75090a37c58ad6c35e88d464e3010f18f4214b1,0
d9a5662415b346b39d1a2d7c68ec66c7d446a117,0
44ff6aefcb1f076ec08089c1013de2acf21366c1,1
0ef81d554390c463962a4d8590b85f5ccc269284,1
6de310dceb8e72cf83eccb8f4896aa536f67dc82,0
02f5f3a577f38fd9ddafbcace2d7aca421b597be,0
7c064f560c5651a8ce0fd8efe40707a540dd91e3,0
1008629158c6635421ad483971d3780b6437b082,1
989afecb5c92af7b2a8a961894d8756554412c34,0
b1f1b97a6b3ffb21ee84c5d6007375fa467a8812,1
f0f8f89a66e353964106752babe1d88db44c13c9,1
05eabded6cd6882a4a6f6264985fcb61a92dbf5b,0
e11a3c2772cb92cd986becebb2a8f6e8abc04212,1
202c563666f545903487b4a9285c5a326a0e5712,1
a139de3efa1fa85ff94828be208cfbb1152dc2c3,0
b6e6c46a7c4fa27ff41bd68edfba841fd6163128,1
6585ee3ebe26565a918f68a11e3af5c49a164cdf,0
d3984efd7cb74640c711787944c04cbf991fff12,0
82339cf7aec05186b1fbac31bc98f1843adc895c,1
0318f5aa6dcfb94549786a67789d55448521fba4,0
3f075c0c4aa8fa5056838a9adf35182daa2504f9,0
a580d795c95b2ce9247f5050677641075fb2af5a,0
a36ac7695dd7382c783781400c13caa9bbec6e57,0
8e42949fd712f25e5a0f5b7128ae454cf3a2b038,1
ba34f8d71cb85b6ea08c1723e9210877aa42b0fc,1
6d43ac6f26746fbd76bc56f52d333f988a5bdfa7,0
46e5b6d7624cfa04fc4410b81b90a43141a6a885,0
f700e432b60463883dd636be0ac81aba7858a9c1,0
756af96062e25423eee3d60f1039267e286ae7c1,0
24f2df49647e791f4b346542f80e10b0702e2462,0
a003354fa723078223fb7b33e6e3c4d444856e7b,0
025c1f927a45943567aec0ecc126d1542f1d3a0f,0
7b03a505026d02e4632edfe3d4477bafbbf0cf1d,0
b81da1243c2d20b58fe1173fb9989fda2afe1576,0
889d28323c0fbc816850b75dbf2fc13fc7127760,0
ffb275d65f2ff5a812f75c46d20c51998ef301d7,0
e8f48c31491919fc30f3ff4bfac89c2c2916bd75,0
9a762238d6a37676eae469d8350cb5988c37b621,1
61cbbb8024691bc04c8c179e3004c138d93fdda2,0
8b8ee707b2857eeac126b0ba7ba4d135cdfbb256,0
aed5cbf2cdfa2deff1cd992049a3e73c49b1a9c1,0
a0630c080b143d0420257d03e22a518370f120ed,1
8f2c3c3255b185acec6fe1ae39dbd665cd5a2303,0
77d929680d6b51dd30c002fd0abadf1cffaddbbe,0
f0d3b6dc31e85477bd5d62bb715cf0b0826449e3,0
2702515cb38c24a81cbcd9aa534e0aa5826ede09,1
78a56003e926c749ce07f561cb742064767380fc,0
51ccd0c8a3b73b9422e1a99f877e6faacc60b8f9,0
a537728d6b596bbf09af2cd30e1f8ff8f6823634,1
57041c553edbced21456645dc489ab1d56e0f0f7,1
bda1adf17939502f827a56c31850c07d24f64961,0
2ff9d49c800bb9bec8c6b38a873346c6edace808,1
2eb39a2affaab26eeffd5369dc9f48d1e20cee0c,0
3dbcf79d4a1a19fafcbf1c036e1a1296b83f1f21,0
0e739e3ea84ebde0f82a6edcd2472fa62366c7c6,0
56d92c14a818858ce8955343b5f01b20cf0b6ec8,1
7cadf17fffc0319c83f2143f5d9084921109d403,0
6ddee1895aaf6c3614ca1b7b31457ec522053148,0
6929f590dcc1752efcc9b81796c1bfd5fa4399e1,1
ad7def600943e5c4cd993ed9ef009c883256fe8e,0
24191e8ce98f6187a61bfd817f0dd8114dc7dbd3,1
0cfd356d74739835065aeb6eea558dd36c7d779c,0
091d12187b5587c06584d3ee9989f23d157ada6d,0
46c4d86320ed0aa7b8fbbda907e44cc1d1675007,0
2cb414c3476c70e478816e1016a4983e0cc171de,1
011efe17aa104b34b6e89e2cc6a1e2995fcb813a,0
e701ae175161b73d70ed3bf0220137dd9ebd5d36,0
c13f0218a5899bead19c7b1596a4281ec2532b35,0
8b00593a3df1d0ae46c3552fa44e8adb8da622b3,0
ef9cdcecfa237ee53f3f6ce01db8b227751fb0a9,1
8836cf006779015ca2ab8880708fe9f9b00eaa06,1
d5b06bb865ff77ec058348c4adbb4bdfbd4208cb,1
ee4cc409278eefbf4639e8af91bf52df815894dc,1
a98487a8737f336052ff6b4b48a43a3b0d949f2e,0
f627722840bdf5b22d72fe1407d814b3ddfb3e0c,0
2bd28025e98aace6840c3c3c11b79d29715a993a,0
cb471222cb10552d384ab219c54b2c482a79a18a,0
ab437d11073f5f91d58ea1c14f7cf7ba163ba0a1,0
dd70307893615f22254a6529d6e235fcfef33b93,0
5bf2e8f3222fc9bb08acc033984d03a0b66eeadb,1
840652876fb49d8d75f83bc0e84e30e1af9cec7a,0
e54d294838c4ce722322bf79ad2f6fbada096bf6,0
e77a418b25cb2850ceff6fdbf93b4a457d0606a0,1
6b34ea3920371d33fed43abf3c0241f898f747ea,0
060eb25fb278644db754f024436a0c6fbed7bde7,1
8332ca24720e5132ece4aa7e3c671d8a9184d449,0
db239c3e7bb029f51ae66690c3435634766f66df,0
176ea1b8e330fa39a047415eef2875013dbb5406,0
8e80790b0f0be0047ee8b33a1675ef14d5ab2f2f,0
1d7c6be6c96d671fb478cbf07cc094276f895541,1
56dce18e854bbcc700224366612d8dd054c13d0d,0
cfa1507e94e36ce4a2315b325950b226a0cfd2fb,1
f2e1768d3b8c0b12b68d383f19a598b2871aa4c0,0
a03f78a412d92ed6fe1bd3eb34e9bc25f0a8cc0b,1
60060601ac301e99d5c556dc069ca69d698aaef0,1
5779cfb63e0a863b1449f569bf06b9acad0c061b,1
3addca8a5585526b29491f5724c0114f7f8b3cee,0
d50ae39211184200a8a259d4eda36e222a9aa634,0
6e23be5fcbbe217bd0ebd0577bc2ac83718750d0,1
e470afdf7327b70c72ff3b68dcde1a16f3dddb99,0
147c63578624b479a9a9cf4efe8bdd9d461dc805,0
b72d154b2b2ebd80a1121b987071770c78fe4062,0
0c84a051af61ec83fc287662131f2c4d068b430e,0
273cf1755695063cb26b8d0f9df7be298ff2bc36,1
7b76fa9e2c9f063164c255a105fd7709437e341b,0
8269829f339a6fbbc7b62f86384f70bcdf25d85c,0
6c7bfa4fbc23510420bfa5f26fa3a2ffe8eef710,0
42ec7a0a66b0815bcc5c0b97021fc231dcd76b6e,0
b34461f6f66c81cbee18e38e225e00a35e9e617e,0
8dd0babe60fc6c4e64a48678377d63e99da5b491,1
d35145572741ec518f4ce90969e5bfb91fc6d3cd,1
c51a6b7a92dbadf11b2da4252ff71186e20dd8d8,0
c8309ba4e8bf118c8e52bc4efbb6f34399454b1f,1
022d5377c77bd0a672dad53c8378b5b832e72f34,0
62eb8420fe64c7344694c9127c5d7ff05911efa0,0
5ce9385bbc49d3f443ade6adfb68d8e927afe2bf,0
796b97653df471e45c3c2ef13dcd1d8bed82b71c,0
ba2b30880df19c63186c95d8dee4b8bd7e3fb081,0
b36e89711131a8b6405dec80f8241c62d2d5b042,1
ffae713e9a6f3dd340d6be798d6e538c60c34ff1,0
bdd12ebe32f68de48893d29661cc561669d2e14c,0
c200d048ffb2483b586f50e7c69040065797b218,0
ce04b2ef93935ef664952263ad62aa6fe787141d,1
509c98cdc078abcbc26fb3860ec42b26f7b8b683,0
47e75e7276ff9572dc79e059c090cea35c8e5634,1
c6ba6f6c5c96aa03adcc8a85eca4f3fe88f56928,0
a935cadbc61a8aa116b58ef65c6d2341bdf1954b,1
f915e59000a7acd5295aa5aaf0927393a36240b6,1
7cbcbde9317683a6d933d56ce5e3cde24bbd2b38,0
54f82245f1b7125da5e1d490c43b8f3249eceeb1,1
747c6e680ae2f482e7d794362ecf2b367cc76cb1,0
7ac74fee7c64a02d5afabdc008f14b07ad9df2b2,1
5c0ccda4769e9ab2e570df698984361661dd5ebc,0
b053c051ea5fb142f9c0134a7d2e8b4dad92722a,1
521703b5fd0fadc459f123c9991b059e891b6318,0
feb6a655f026a7851408ce1752d1709693b9df58,0
a691e9d26ff03554e61dd0990f4085cc7dba107c,0
793004c265036eae3b0278ad069b005d671befc6,0
8bfd4cdf653a5deb24c4173ce6d7ad40a82e3111,0
fcc0d5d7dc1181ec4b1b7987e393a0d13948e4ab,0
a81e121eb20b696ae46f611f788a2e56f0276f35,0
cf19e02642531aa54290a4a115fa8e3b76ea6591,0
b74530ebb5d6126b75a5ec86f70165926e85b15a,0
4a1c90f0bae2c8f07cf3ecb473684d7f2ca30453,1
c9270169b8d1e4a1ec38715db527f409f26f8440,1
66034d8d48d55319cd50527f243cfd352403769a,0
d9ce5edd2dec8cb8b16691eb2f7b4461d2f84cab,0
fe278701ab32cc90e88675493690f9d1f8a6af74,0
ed665cdeac7c4afea3b0f0e5ba53bf4b36a73129,0
2e6798b327eaab56d0ca40e0e70acb0f1b22d509,0
da76a0845471963934de5b0f71cebf0e5c10386b,0
060834e3b9238f31958e19968410bc8ebfaec02c,0
6783193fa3395c7cb36352ceafcc99ca656cf7af,1
ef5cb0e8f92a7cfe260dd68912e6405b3cbb5511,1
d6f6592b0f2dceb50bb950894e35ff03a44b3308,1
963f3641e211cdc3435d2d23efa021a0920d4c65,0
42e15aa0c668166b3d30671cd2a10a624f51a3ad,1
7146b980c578bfba2fda0924df6b0c160563dbca,1
e65b8d5972480ad5c0e044dc47de7b53203734c0,0
e6b11f1cdce1bd50bef25bc2f08167474263c2ae,1
4014ac5d504f5a1c33f6f43a3b536f343e98fda9,1
49f6ab4747c23be9a10ff3c0d182cc2d6d806e97,1
c74e66746e033548bcadac3e55b30ffa0d85e48c,1
54a7d61175813720cc1b0b1dba5984f4700107a0,1
9cb40259da244958dbca91804103b697d3ff47af,0
e491b975426d1eb5e4708c9e32ba62718d73b0b3,0
15661727b438a55972ca62ddc04b86828d66c2d8,0
df604eef05d9ac2b905b6ea1069b0fdef013e9ec,0
5266464c53ade95f9397105af2516785475d27d6,1
63f0883b0fe5be470765e624915dce8c400fe33b,0
04d4d0271d4280e7782801bb8ec3b92cfcbd065b,0
d9fb1421385b5986bb3a96277b7a4ddbed0c8198,0
8dc6981e8e1b9b4d42bc078be323b8c20a736523,0
9b1267fb04ce75ce8271ff37af28c245c95d300b,1
c0aac8dedc7439e63462f83b94b3abbb481f8f67,0
cc933ce85979d9ffd1bcab2942198861b0232a10,1
3cac050bdf21702d2a06941f6cbe73604eface01,1
413d28537874e27dbf6b6eaa89fb0220db87242f,1
b14fc91fffd3e5e673c9093e51e863e3b7c57d9b,1
edf57fbf91fd7dc40ab5b08a2918ad0ce5407e5d,0
20a46c9d3f8dedcb64b4e1ef5c953c4c0d020b95,0
7bca22fef8164a6d1c552dddb3902c1de6e458fc,1
98555874c0bd697aeabba36fe28b2c1ebe8e610d,0
2a4d8d0a1613e8db0950454c9772c0dbebe1326d,0
b5c8bad3602b7b666696eeebecda91a4ae945472,0
7226a41e1df147b1add3d49777624fdb2f3d0c5d,0
5d0e3502eece01d77650d9361697216809c7f8d0,0
d212b733fb60104ee6927bc0cf92f18569311812,0
a4dbfb67d2b9585a22aa843da532ea3f290721b4,1
a10a3fe4063077251bdd04b1ee1e5873cce53ae9,1
8b78922c83d89db689ae896f8e706ce03a8f45b7,0
113f3112e87472e3418017df9fd6d899e766dc68,0
d5bd702bb8a8833dc94f360244fea24072407c4f,1
2ffa287651df6d55e0062e732e9518041ea7242d,1
401f5c1ad0af6b9702b361b020dde4a80c692c3f,1
59cede8c517f0a33ae65d199f53ef17eb38bed4b,0
bac444a26739f64ee0b9dce68b30f9ccc95a30b4,1
1125f983dec9e3f5239aa6b934d7cc4f17cc9ff5,0
0d8b83980d600cf87264361ddcde27fdbcd99366,0
906bdaa713e5b1b7f62662218c9afd571cdcd3e6,0
ff4a7fda077a321b816a00aa3ff66f4021c64411,0
96b721b0c61303d91d4b6009418177c327daaef8,1
9f0bb946ee89c503c6b8bb8e0799562ba23fc0a8,1
cffd020157fff849094b639e8da096ff95ea694d,1
5a739943b80ebdbf4e48a002cd12b1310149cbc4,1
10f937016cc67d25cd4ee84694c1c3689552b1c4,1
092c72436b7c0e0fad29c45b9c62b77c2bf6513e,0
59f303c2d36eb9da1293fd05c97e3dab1423982b,1
0d44d1594dbec62fb24f1fafe42046c1d31c032e,1
9be8919fca5316a205cc9947f5a9bb0ce52680bd,1
15efad86d95373cc0320fb845fdf49f909ac5608,1
a7ae067d4748cbc9e1f7790a6de15bc3683a10b8,0
243d8dd8e2523d9d3742bf8d0c9d3706e083fb02,0
64a0533a57c28569fff5d6f29aef06e8d6aac5b0,0
9434c5ec6f0cb281112612e8ebe108398a6ca3e7,0
8affe0eef705af261be4676b0a0519009ea25fca,1
8f73d6c8c485c687637c81cfd31af24a8c267e3c,1
85945afaf756a3db6f20221e2b40265ef1f40f78,0
edbebf8befb22722bd15f21d10ad79fa6ad6a090,0
aa200c111ba52ff701469a475544c47533edd4aa,1
ef260683b4e884f4965f767d0ba7bf83a8cefad4,0
3f3337c85a9db921714eda7268bf1108192b23db,1
671260ad16ec81c2dacb04a52adc1dd2fd47559e,1
8b1d87603ce046705a163aa5fcc9cdf95c227a19,1
04d69993f4e1e54d402af7005854b0346b35bee5,1
574cfe1b4a66d76353f6d250506a727b3388432c,0
14f27482072ccc380d15fd7c86dbb13e982290ed,1
ea6eeadcf96ae174f7c79b8a6497df1b3733a15e,1
2073112aae88c5830102aad720bdf9b209229b5d,0
674adb608a8b75d3d8596536212eacbc7cdd3efd,1
f6fd45fde3843b7c477360bd0f57f3ae7aed2db3,0
7fed3154b1d2b00051532b019b9a1b35904319a2,0
7a62d55bfb9bfc5d96c2f366155242ac9b217cbe,0
753330e70252b8867eb73cdb1fc7afcc628413ca,0
918c347befc0394015f619c5accdb1022b62878b,0
789f516a13f079950c34362372181f868a645736,0
155060065335327bb9ca1e8d968be47d6d12f643,0
92c8b963b2b18990b989931ec922474260ea0332,0
3eb571734734e7cd9603c0b0304d1764dd9a86c3,1
4dbe00dc1a20082db2dbebd4a9c9ba66715f30ba,0
a26975670c4e43575f122e74d72d33da2b4d596c,0
bf66f87334a8c0f1d146a19c5cb4828aff725bed,1
8987d1f10ec4a1f01a2529ccaffb5ce3ffcdad3d,1
0197f6b0d626ca931550bda36cd6ef3d32adf72e,1
20cc37789c25b94f3b34416e5a3f29ba3f7ef656,0
f041ce44a502b4258c4f940955486dc17d65c25c,0
01d71432b52a1539ebaaec02add46d41546cfb3f,0
0624701f7ea708eeb9dee36d847028c12327f7e6,0
05db56cb5d3883f0982595b2d8ab821778b87f06,0
8c37e3f1cf5f9a0a2c2561a092c5edce9379995d,1
7b579ea6553fad09754e13abc5adf0c426d29355,0
07e3dd9cc2e2040bb7a71ea7593ec5d272363d18,0
36c3147d6c75f77fb58923006256f8ed317fb25e,1
26a21b153db7194469fb272ded90d00f39529251,0
5513e05dc9cf2e23a0d025dd70479ed18f2e3a42,0
7a3823a89ff2724227fd1271eb5b2fedd2736e61,0
566c255bf41ed6b7f364b524e4ac5e6ea9f4b06f,0
55416c566b54e01585cb4e7742661ab7d9ac34e4,0
f821b322652501d5b1d510be7f20b64fe6d6f413,1
2b07c7cd0f4d9fb1ce2ec05bca51de1a3a50c817,1
512b2d1e6db0e57a7584ab09b0d0452aa64e045e,0
8a3c20f987231c0ea3c8f12ad8b764046f68f3fc,1
ea2cbb04713bf1c705412e5ae8428560b509da94,0
f5c6138d55ac8d9d3ffc5e0402a733b0e3f6a67b,0
5eea1cfc8b41dafecebda36921d6a83bf1bcff5f,1
1a09afcbdd6df0def0b215377a84ee43316f2a2e,1
9355fb11ec2aba5d2d6a8f9c09363b882c55c808,0
1365a2614c1ec6de4fa566f58135b4ada78084d5,1
fbe7d76138bcf3c4b3f58d3fe490cd36b1776788,0
848296ff8d1c938b72f8593050637f84733d26c4,1
6f4c79252c11bacaae307c17e2d556c7f1f8961b,1
37169111ca489bacfc1cf98486b7ae42488a4484,0
a0490ef323a9b2fb1735989a566e536ff8d0791f,1
f63ed6993c6dea1c71ffc0db5f17b0d651a2f1d8,1
bdabf05798a284276a4b516d2bc3a70761e5dfc1,1
ebbbf64621bc11fcbbc2adc8e9db4c331e481b65,1
79282501b532498f18803e188b4dd3a6ac8aef93,0
6df60af40dce445bfe552ebbcf486da9eee06f6c,0
f80885280a3b3bf408691014376761bac9ec0227,0
031ec0439d77c1660a4c0a936b1824c899ac5e20,1
39d3eeadfd0fd40d43b68677482c179923040c83,1
20217a05433cf9e22705db4249fcce1564477cfa,0
77fabe832c674bec15018c94881c088c51f9bdbb,0
0673525d5d4c720d6435769a4ca64d0da8083d87,0
a17e06734716bcabb2841836cd9c185a59220a97,1
b52ae2dc8d02e1e95c2442314a65a44d8c9b6fef,0
4e0dc06cb9aa691900fbc9ddb20b5726a18be165,0
b7c688fe9ab8148e50d435bafcb91fbe0bdc59e1,0
88732d8470435cebadc3e3f8046b7ead1b555d3b,0
dffef9988bcb20ace909fd5422c833c64ce1feb2,1
2fcb5a75b09a890089acbd6f40d2d76baa23dd03,0
0a1ae938ede8b7836ff9a349274ec7d8861a47f9,0
7bb1727ed898a6eef2fd1e77383b89a732d6884d,0
7be95602f658de506fe8fa416c03a122720bc557,1
521718f66ed072b21523f3e16385e1872db3d015,0
e3dfb1a6124574b040764055196bb49f8c372254,1
6d4cfaec77ff861c62411a0a0b4bcabc85d14838,1
94e68565ab8317017d36bb34559d34b87160338c,0
1d3fcd16c149695ca1b01b1233f9431e002a5322,1
72ea57794b2e41b4760ad744bdbae2bd2d40dd61,1
e135dd5be4ef50e2a5a233f9491082d7ec30a1c7,1
8d3be9df3bdca8a3eb5bdfca416a95a9d86bd4fc,1
f76e2b6c27749669a99eb0bc94ab8f8d882a2548,0
db4933c29c0e24570a1a786b4d05bd4966bd8988,1
f6e3ccd1de798e15c932e7a55e07b5acf0e9b965,0
a40e346f7132f713ca27cda0d52b240678e11072,1
cef0e0bed44bfc7267e70a93bd314e7868a807be,0
a791ba3a7150e39a137a0df3201917d21ac3cbd0,0
c3f86f69e105cc7af36388f3fe168325571cc3cf,1
afaca63af28338db2b5343cd7790bd9bf42a6cc7,1
693a075ff391de6a15eb4d59bb4bad810b977da6,0
d4899cffc28a79605f051a8279accd69448ae1b4,0
3f803dbf8c00af8aa2d6592a31d45b9e7e0bdc53,0
64da4153c442c04fb85bcf75de76268cf5a23cd8,1
d92a6c8b8065942e6e78b54c6189ee06205108d7,1
481c12cc7114a05c7b61c9940af2c125c55a62bd,0
00d778d67df67ddb6b5a29e064fd647f8fa428b7,1
0c9c273d4f99d259ef61210403f3dd4f26d6cfbb,0
3e6632c790e022b94e66ed75fb12b80aa2d70c12,1
a264882e6439bd1548267a38cc46b61acbd1f3d6,0
07370cc10d1f1ff44519a0290e39b9d456e6ad18,1
a01599f08fc8ed4c4111643bde563ec8e28e24e4,0
3263a2cba7f341868a6345c4d47927a7932762e0,0
f2dc1fc81e088381be2edf03423018a410e858d0,1
44d9354e7ff74e8f648d3b8c01890c3f46dc4c6c,1
85c490f6337feb5c6ae6126ea076dbc9b395bdd9,0
4e00e1b7bbf250b18859294e80cdccb7a52791e6,0
4d0c4408341a7b0589b20604a2ba4ed0d427aaa4,1
219755160c877b1b1798daec15fd1e1137f2d50c,1
127c2d5a93fbc4b8a7a6d333b9dcc994247f3006,1
b5ff192f8e61e5dce85816f036307a74c7a5d7c1,1
de1708d3ece4f3a0d623a9f63fb28d7ff8d5f141,0
1b62bf823400f4094ca798aed0654995c68fc098,0
55aa66abf32cfc923b8f45ff3f350b19f5e9b1ce,0
d2f351847c972d32591ef25a61d79eb545906345,0
3d1bffede9bc35a9c3587a124adfedecb4509496,0
5b6ec8c4474b288c43a7ed393d18801806ae3bc9,0
ac08b5153eda153cd5bf85a69b37beba37ffc1ee,1
6c58123481a6916cb31a38f2b0f918da84e9db0a,0
b37b6e84d9ff8fb1ffb3203ceee5d61cae9670c4,0
4dd7a3e44fa79a0a75e745ad6a208f14cac28e94,0
161d0a29ff524519cb2ad84c4629ba27a302587d,0
c650045f88348f4943ad1519838cd94ede700c26,1
3353f8d72b9f908df018b70ebe1fd168f8c042fe,0
e3949b0148d3b498fe4fd5edd0e473de2bf42391,0
eb4d0c886bb687cc7b8fdcb0a2a47190b031df19,1
aa62a2f7934cd780a35dca3f964324c94b6f1f87,1
026405263ca4c9d96e5042ed197ee8fbc15b7c63,0
bfd2c9b457b6437f9e5cff3689ae7e5796580f2d,0
5191189056ba668ed7d34b4e9661d7d99642e8bc,0
028ca715abb0b00fb2f69a6712d647b89a07e682,0
44d674e6ea2de7ee4c3870d3593a6e7c02d92e3e,1
ea99912e88449aea96d053222b4346050557a1ae,0
9f20f1c6c3fc66c476d1e184ea7cf4da0463012f,0
7cc430efc9e070914ed13a07a4c4adb847770dbc,0
4fc1c0a4f4a03134e0d5b621972e7e5ad784d2d7,1
65bc148ccabcf09c44b06dd026c277ada599f8bb,0
2e816a1d60c025a792d8fadf9d81d39f1a20065b,1
234f644491a4f837f5933019bc22d46c59350aa3,1
f7749fcdf4e24d4ee923abc29dc1ff378846d494,0
5ce9e92d9a9a254af176227864ef0fdcb2d99d79,1
76226992ae3cfa2c466e036494c2aae9188426cd,0
3e0f407328e1effc92f0ce29280dcf010d9594c8,0
873afd59b1675c7a96a44e90b2e66d9b02537f5f,1
f7e3cb19060440c17dc0100985c5794d9c068d26,0
b51eb81dccd4d0fd8ddf09a871233c2bc6686a67,1
7887b7778705069d22c937fa288218346a5c847d,1
52dfb783c2ee79644bbf89a335688ea84c84de5e,0
88811be18738cab5e114bb6ea2b6a248c8a48bf2,0
b16371ea20f8bd0ab3dd81495ebffaa00fc57126,1
4377658e3f44232420819ed70f5d04c83cc2a183,1
00011545a495817817c6943583b294c900a137b8,0
3e6a8f909867d90c8287126fc0e644ace555d4e5,0
81f604a3a420cf53fbcafa14087000602967425f,0
73deff1caa09691cd2a96060f12abc2b8dd834bc,0
deb454c091758b712ef94a13f37fc7e3830563b6,0
00043555aad4d531c165e1129d281aaca9316c45,1
4b44241bea91afcc6f64b0e8e94ae3a7c0d1a503,0
353610c26b91280098aac6be6a5629e4f5d15d39,1
a2958c34b8258497563e6871dafafbdf09b0733f,0
98d7235989be17c88c368bcb5eb2fda64e491081,1
bea90b816321501a05badc26386960815d60559c,0
d26cb454f6c6ea07c2658d8b51ad0c49caf8bca4,0
637f80a182dba3e18e3f825f631a4edffcd972b2,1
77db7d6e9e3ff1bec9487ee41bbb272215619972,1
e9cb206618ee218dc187dd9e4d60f214371f2312,0
7796c1dc5d3617d33ea950dbb0d18f443366244c,0
fe75f6e77dd4858ed6b0975fc25798c4fb031c6e,0
032631f6e9fa3d99f9ffb67887976d14f8eafe09,0
bad005b5aff2e46206cf32cfa3d8dff2548f3658,1
a6178c0b2014b426338e2e30a334b08de338586c,1
a63f71c2093a95bb4632ce0102baf22701089039,0
79938c4c7b5355b3f5da9c3c9ccea511ad24dd53,0
24eaac384d8668dd8b1751f9a5a031bc720dad8d,1
6609ced321f06001c8ae40d526f7b81c5320c607,0
37ba677d4ca235c826d894055f23899e02a2c4b3,1
2ab83d2842d6056e4d90dd232c559f2a32870a9a,0
44b44f5fd46bedf76cd3d144eec3ff4239fd9834,0
a64ea7738c4b8231a84450393a8d5e01be6da755,0
403e186b0ba908e101ef663f3833a23f7bb15db7,0
2d041756ade6c4d308318b86aed5ef8f94e9529a,0
2a600ba82fbee07ad5ef73c086d30fe8ce2010bc,1
3f95bc9432b542ff6630809fe97b56e09b7907bb,0
9bcab99fd1b989a9fc48dcdab9d3556c51b6db68,0
bd6789eeb3fbfe7eaf305833d1d373b715b77e90,0
b7e0e727f075adf19121b82f9a2309e2b8219f69,0
a7149e8790263773ee08c9bd61154670d8780032,0
8d4a5ba6ed0a381e025f1481ba7bff34ad6d8350,0
f5fc87239f8a8921f93f5bc3dc3929ae7c39d2ab,0
7546bc2789c30b44b7ba43d2c6d8a9264ab2449a,0
c601a64226f623027a9f0a294f1c2d07018ad84e,1
dcbbbd525ff0a309b98cbfd909a3594c647385e3,0
b0d5ebf1c3cef7728d1288a8f7635f15535cade1,0
fc2fc5cf3310947f673a71fcbe1ddc2c26f57e3f,1
becaec14bada3c773d58e9d6f1975367229347dc,0
eca5f07dd5b155f61f2943c6bbfd1af4189b11d9,0
4c20a1a9f9cdbe94c755fddfcf8c2cb3f73a6782,0
a5839f8d817fa274f21f150a92be49c20e3874c5,1
f7c170ae65c5bc12d8faff2a0279fd627587df9f,1
9c0187b37f7421a8b9e91d53d2199f4f1fbd52f6,1
5e24c765cefae53da31c1e8a7e0ed9d901e5816f,0
b16b3f06f798e1551fad671fc0a04c50ecda89ce,0
f950ed6836e82eadb0ba30a22b6045d993d79e45,1
f32f4f7af251fb01a7e18fa69e9bdcba9c38c78f,0
cfa29539b67aa36175087453028475b471a80501,1
c0c431cd48c8232732321db561b3aa52c5fb597a,1
94b586bc0ae6f7122cce4d20dea299b25f9d1d9c,0
09d907a51900e713b9d0815370d6f999d4391c3b,0
c156c903c53da62c680bbeef8eb78a581c5dae81,0
4a364a02de768105398912279734cb6899b3561b,1
aad3494abd098a919f06f265b4c495c5e5177b46,0
c8a63416f761eefaca01f9d983729d50fc9c91d4,0
0f8b3af6a1a93d486f247e0687a126f75aa87f1a,0
08720f392cea00d8cb3c934f21e611ddf3c736a3,0
4f171cb9d00ad23bdd25a73ca849cb067c6bcc94,0
4a947d954db61df85deb3087bc3613fef89ac09b,1
fddd90b8df5cfe38e8b5cb52beb386385071f0d0,1
caa429129f6ac69139fe37314e3236be1df56775,0
ad16f479973e4d16a5c53eebc4e10294c983a736,0
1671e070a86bc05c21ec7032563d9e2ca75ccde2,0
e2096eecf9cfbc9de2b2b13013d190c998181bfd,0
8ed563a7d7c25d7925136f221bd63143808530b1,1
e5d52c227cabbc0fc02434afa0d64e8c41a12c44,0
214097215ecfb8081f43a6b705d959470558ea65,0
c9da778c4dadd13a0c6a36ad688975bf8908a1e6,1
9a97e72b2d5fae87e33f7270b0b53d4523154ce6,0
c09245e3b0b17baf180ba6b81aa1e535b25358aa,0
30688526be5b71655283c98e2a14c25cb1fcd2cd,0
b78386a1037ae399f9a8045659a58e1ae61153d6,0
6894ba1bf2ad945c8fff8992b879582bdd116d41,1
c34472184cfc9a77e466d7804dcaa1279a0283a5,0
a55e306a3c6796cf89fac06ee990a340f2d8b9e2,0
3131c48af22826010a4bc058f5632698c2d5449b,0
cc9cc968014ed5d366dc90c693542ee183be47c2,0
7e7b860382baa839d9a8d2db19fd7fb1624d723d,0
da532a1441379a9b7fd16834981ef4bdef1a0394,1
acd48c629d74be9c4addfde44f4908ed2546d97e,1
dd822db364c0ff9588a16d284d96cedc121ddd39,0
8e17bef50f7339e0c7535b2b24de11eff8931530,1
5fcb615dd3e7f8f56caa75cb6e48bb80012c6e8a,1
8b8af4e791342e7eb141a5483aa0132ef1817264,0
73af699bc10aecfb2bce45f28f9245e3fcf5dae4,1
8c2c5e14e301952537bc18e39e40e6dc79c88b02,1
50dbb41a2af3e12c4c8a00925e8b25141cd123ca,0
c96370fb9c6f0a2eeaf489256784aae512a729ac,0
1674779bee5f82bf9ca722d308e624273a75600a,0
393214b2243ee9023c1b4db6cfce4bb68150065d,0
30c329f3e616c40c12133a75c00e40b08c578729,0
f808a6ef646f78e8a648c5c6e7c027e0d2c9961d,0
b9f79f9a4247325ef99f9e0cdb922be87b09ef19,1
706301c655b6f49b38d60625bae644af22d4d475,0
162f517dde2b7e6be9f91bcceb1027170dc32c6d,1
c13b0d42cecd4dccb9c2f0262a29f058b3a7600d,0
c952cd60f3d5e89a44960ae45df6156b0f0eb1d2,1
987acceb6482daedc5f9744abad17bb3c30e11fc,0
447bd97d1c37e32dd759382dc7dd21c935450615,0
8602d2a39cf143289c559703b18ff3aebc59479f,0
a4b6c3aebfe2f49be81219efc2d51a7bc7c89f79,1
42fd0a7c874567efa9f9bd86eb33f18d8bd852c0,0
d5d5ba729228aadf8d6ad9c9fb2da8ca9869d05d,0
cabdd6390484772683b53a1425e3928a9d840080,0
272d0616ab57b9d546c26d1b25d8ead3f76dabbe,0
582405b401dad995914378642c6013dd2321f398,0
f907700ba90da6cf81cd2df1a39cb58bc0a03473,0
5440d880633ec4513baf16ead7900026a7e184ca,1
ff9e36bc868e5b198a984f0d9e98c35931ef1665,0
a522548cfaa857b3ef54c0c6e3f06170b04c71c0,0
9ea7862e3f1a8dd210fd34b6dfe5ea1951bf68b5,0
c8d12d96c932647f31630f7a50d5c81a95fdf616,0
83b01bee27063b61e9be48f603231d97437a9987,1
fe58965f2674d08a9a66bfce4b729ff2ead73a86,1
981783ce3338ebf6fe47a1f0ee5da108cdd76662,1
f4b700173c73db0d3b78578c2a117c85000cc223,1
a3c637ddbc1b3df561fdce53ef1ee86c2c171b26,0
1dd7b07367de1eef7dea013de962ac0ab3710a85,0
6d74a2cf9a8c39fb97e603b5c3f561b8e9cd9805,0
18c24dea87025b3a670355e27fcabb283e658540,0
f7acc7e0542fd627e2add35512aca616a2e74f11,1
2c424d029d783ffd46e37acb91cef4aeccc8cc92,0
eedca3a5b29711ae902060591b030c2600c6e45f,0
834528bfce69f0547d6057002d1f7da2fe93aa98,1
4319968422a92c32b21093ca7a4866bee64916f8,1
9da61dc0f0f9b03845a05be15b26e8aeb035d6cb,1
fd29d8f597585deb994003c8dd95e8659f609d04,0
4fd9da67576083d357bb38ff9d5f76c9aa601c0d,0
06fed80ab188374b7190e2539ff35af2aad6f3b4,0
7e184816340572f9dcac99615ede07ecc58b22ba,0
99491d7f7dd0cd7e1a21805e2b9237bf7ea80349,0
1f94e8603abf53f4b627a4d31842fa257410925f,1
e61d2c45ac9e2bfc3ce1c873d806333ad3e66728,1
c5721526b65c2a0bfdd1571dc0b37e3c1d6d09f8,0
102acf6eaeebf30f47892afcea0c4ed842cd9e1a,0
cc68c7768ec7ff0ea961794ea501654c7b605ae2,1
cc1191e93b9c344bd12cb240e1122622081d3079,0
e30677b6fc42770e1f26f24243a2f50cb960e403,0
9f56968d5199cccca9fe5b9b3829698e8cfa9768,0
e936849240e471e05284424940aeb61c473aa009,0
570272d6f54547797d656116e3167ef52952963c,1
175e675ebc0ca5164416692ad23fa49a1c3d822e,0
2b2272595a583aadac85b557857ba0d8f5f5bb69,1
7a22743196f46d04df91ba42f7a2db016c8b3f66,0
ea6d7e7f658d383ad59639276eff0acc48dadf08,0
05fe9b13fe1bd15dd16e1d05d6b5976d7a4fde4f,0
ab03c991eda1dc230ca607d0dc520714ace0edeb,1
668769cbe1be5f426933e5af13e5e118d8cc29bb,1
a64cb948e70f3162eae5e5b7414ff29f3209f33f,0
b1769332126d7bd73b7702cd2fea2a236dc81be5,0
a5465f2efcbfdd684b9fd6e99231c269f11daad2,1
761b5c96b4b04443f64afbb30199a21e2ffbdcf8,1
c9743660880ee5d7a34ce9558aaa4b0094f55e10,1
4e6adfd78e8b40eb0ef13498964020e8ab946d4f,0
588dafa441ac0a4b53815bb95d8e3453058feeb6,1
3edcc770714726d12b8d0246bc7d2cd1475ca9d9,0
45e0e0d3f82873650172991ceeee4d31c43ff508,0
a0eaf269107ce51e0820d031153823c21583c024,0
2d779654a2d4f441df7c4285bd0bf271fe992446,1
fa1448f928a332b190da3cebebba9830f1ab888d,0
c8b1074b63f758bf4fbe377fdea48c1c4324383d,0
51af56fe9957341d0235461b1784084e33af163f,0
28054b8aceb99b19a70477e01d3caf40bd04ac1d,0
55e13a339a8100b25af608fb42b9d081ee452436,0
e3ae18be98b692e04c67872ffee34166afb7accc,0
a70af2d673cb65fac2fac3924f9a6ae703a5af27,0
083fdcd057f015c665c3b17c741ec849d561650f,0
4e4b3aee095df7dc773b51bc44fd011fd89fd357,1
97c3213b1c88575a3e63bddcb68974583207db45,1
339ba387982f35e7dad5ec894afacd11fa668ba4,0
94f4bde33313af3e695f7460c9ea65330315aa1d,1
14f89eae875254563c923646e284fab1532614c4,1
3b51b700f7e1500b0dee89f40a7d6f3cab49b01d,1
5e29a9e729ceb9e10292d5b3efde2bc2c4a41376,1
73e2101151a87aadd756e0512d1f489bf2d80bc1,1
13882e44ffdd21143e98fa74fb7d5cd1af589a59,0
8c0a2d50af510e5921a5626f1bb4cc8e0ce2b996,0
5c302e09fc6c68b06393058285d15271812c89a9,0
0374dcb696ce1f36623ef681936c8add7c3e5efb,1
060a51ff3964552a3e288d33031fd4a269719e00,0
bca613952e5303446ed81284aab1d0dbae2d89e0,1
0875337d348197e1396a6508c27ce1bc1143e6e0,1
20b7fa27cad18a64f4dc42829b3eec5bfa955dba,1
4cf81dfee79429afe0de5c210fd9eac6972817a3,0
b020bcbb62ef28493f197cd15b748b5408bf05a3,0
c1c6e1b9f2b7931326788debe29f569dd9434cbf,1
c8b8629dc46f165a148e5b0666a54f5b21362047,0
e57adecc2bac1b6c33754b3697645543558f73cd,1
41937676a4f8381a8d31e11f17cfe874401c9459,0
87e723c6ab487f93a49d734f45ba645cf0996bee,0
a6fff8fe63c6103f6c100d9b72a8cff8a5bd42ba,0
717cc0d46bb618ba231259945334705f30d8d9c1,1
8595945f5cf8cf82867fee360812fd6b686f69b3,0
93932b6d4caba43ddfa03c938e5ec5bede4dd200,0
f703ef2783478f96d2eac2a63fedb2c330ea0f60,0
64838f43a0ff3fa0fa0d5362490385a8d562cf52,0
f31725a65f919df9c38ee69bb29bd6bf967c6c98,1
6e1fc401c75c882739de126b74d345edfe57916b,1
0550c3e944eca0afd046fa226f3fa900f9a8ac96,0
50cbecdda55dadd879e31dc8f9da016605dd16d4,1
5c84c6f81a1a5ee503fdc64d67b036551376c62b,0
d183c6d5c1a5990a3a04f97a812fec4d05af6730,1
2c649526ade03f08d30c74ab1e7223c3148a1496,1
c05ca990b6f454aa2574e11c5c6b1c596a39a969,1
2470f241aed5478c1df4f61b997a6ff356620eee,0
59251b40b8fba14aeaf3cb335bb7725cd96d394e,0
4f921026dc777ca1ac49f32897058241cd5f7860,0
83a581c8c26f88e1c42d58aadfdfa8e5095b05a7,0
61d17f8c7f3faef14f790a1ba4ae270f8c6d1269,0
f44d055502c4626265525e38274664ba23d58d66,0
fb519dde61ee662e2290ad51b2ac5cf010c23432,0
6ce81ab3febe7fc85912adae1c09ee9e396d5071,0
a09fa6be6e332241b2cb67f8b97abc772a786e57,0
1e78bd89af14a0c7781c96a47e538620a2d5aa5f,0
5849e61ccbe1dd082793462175c36c3ff83b2547,0
4598d126bce1ae5439eed46d0dc1923d41d03749,1
8f8387972a14267d57c1ee676527c616ab9c48bd,1
89e6b7e3796e8b90f8fa8b6d84a5d491073ad11c,1
81a82d391d4ef30df9d67c210120dc4cb25003b4,0
efbc9323ddb650cf31050461af0f87becdc271dc,1
d23ecc41910b69b2539977739a4b6d5444587688,1
56e019f2657d3e51227f7ca2885d53ea46e46ea7,1
61e7b08181dc31ac792b8baafc5dd874dd4a6cab,1
0b2783d5683bec2e238a078fda96ae4f78b1fa61,0
43c8b90b33d950ded755d0443784d7cd4b68af60,1
faee9f2c561a1344f793c0364151419911ab37d2,0
d93555e33a3583520d01dfd1fd1b6e3db066b09d,1
f9cecc39e3a6b4314cb692ae5be4e8071165e6b0,0
35e22c105bacdc5d6bae1ab26dc9477676242907,0
78904336d470f5028a31a9023c177d5fd947c842,0
f1c605804104536da24622b99779171a600b4540,0
970d298062b9b5c09615d8562589f3a07a3374aa,0
6d8e085e53d6ce41d9b96f789030b570e5cfb986,0
c94dfd86f0503b191b3d84cb9c8ac610607b8726,0
bcad418ff936becb323167d0c28a6b04dbd1195e,1
200f8088b94e8e3a257c0915efb8a24cfd4e1b20,0
4c0026fe854ffcae5e0bc2a80cbc4d55964dd07b,1
446f0999d075e2a185b9593d5129ed6142ae98fb,1
4918332af64fda19de18f2e49d6e4f656e084bae,1
e3cc74a68f747f4d543a13b2e2c3be9713fc97ab,0
a18d548aa4916121183618bd20d4edaea012f65d,1
33138b2fd5acae9e33a030c3f4b0c9ec2b009bc0,0
d34296b45723cf52809689ea9fc2a07d77dfe04e,1
ec9db2d387b0a8ccc2fbf8f3bc3de62beba42595,0
cbac9eb930e9e9ff53a1e4b502ab74601ad680b1,0
f6003ea5e9639bea7cb591ee36babbe36eecfb7f,1
62cf9868f9ce0a3b800ca28769a56748944c8463,1
df3f334ae984afe488e5bdbb45ccc97ae4b3480f,1
b79557c9abf99a1674f4611b54235d6b0a527673,0
459e47250ce21dfacabf431cde42a46f20d1503e,0
b34de85de338e23de6a8fb74ea0b86824e120bdb,1
75addce5c7f1c2bab3e375242eafe6ee07893b6f,0
5685e1508c330594dde7c6bf5c65f54f2c67c194,1
e3a79073b04b3f9e04bfc76c83547074fa453926,0
2deffe849483c8072fb09067e09acc8680413796,0
c9b49993c7f211cc027b0ec8f2d4935e09d191be,1
8851ac91539836d8e26317352a8456cd8b3f4c58,0
a3f41277904f3f5e76f63161df34ae9cf1e360e6,0
0b7ecd374df87f9c6ce2fefbc0256758643cd14c,0
7b9e280f99375418b38b100fb5dd572ad78b5b71,0
fbd682f3d3494d04afadfd37614e93c0bb4cfdae,0
6e487b46dad73618f548f03b23a4a07ce18f2bff,0
1c4bdea5ef51457a97cf24e029c600f6139e5b24,0
b7de4e217ca8d38557a340184cc544ea159486cf,1
60b9eb9745a9a2020c696c17ca31379c9eab2e12,1
24c3148138778c0961ccdbd76173410199e18d84,0
85e2a283920cc29de6af029a31a2a4ce402d2e59,0
e6ad657b28e6fd52483779856bed838ce1e806a1,1
3b626bd5432982eebafb153b4a1c28553c5a81ac,1
c04a917e28ade640348157b34843c4fc5c726123,0
9ddf39b860f079e5171f2c8841b69fe439ca55b2,0
5132ee340c5a6d806adced1dab107f0cef512375,0
9fe1b7317fc1425fcb26bd1cb1b75109f9014b5f,1
c689587e7450e64d8503902d11617d62cd9375d7,0
5789ea4b7fa988780901a3991f607af53d39333b,1
d7df7c44a5b08d5d4c95bc987c215b702addddec,0
72289ed1e36e7c732e9ee04a6f662131c9c0da87,1
46595721d388fc363d93c3f8bec1ba02e83b0ce6,1
5bf564e21163ee74a52ac781dec49bc50358e78f,1
9c619ea4caf008eb4ddb8f3467885097c89109eb,1
6b92471a13d39efd36cee46179c04c3d0fe5fb05,0
b7f136d367618cac1cb75c7a655dd0ace51923fe,0
2b50d6de928334535dbc683a1d176b0653b4cce2,0
21f25b2b2688d6ebd1faa580cd517dc6b5e21006,1
b1e2ba479b43de195ab44dccfdda930410aea6c1,0
58fb32b8cc30510d1895b3272e5e1d837cfc5e0c,0
aaafc193992593d5b4936dd39ae0f2e7b4efc52b,1
bf42ac76820b9c005ac9cd6574cc9923936d18c1,0
2f92e71a1407f994311c63739d6692a0cf74cd4a,0
e73dda295e5d44f5074f915977eb73c1d2985ac9,1
95beebf5b0707ac5c3246603a79b7cf234c0cdba,0
8cb2271891df677cf213b91ca340812bc9d79d40,1
0c8f44024f8e30e21d5d5fba679040912850097c,0
c5227c715bf1a36c2c79bbe1a6ecaf86cb69e72e,0
e5ce136b93a44517d506815cc00543d76c5f1b87,0
053a67cfe4e2a48e848825c1357d40bbe077d8c4,0
f34cd38bc4bc88bedb3034ddf04dd762816bb4ba,0
689647a82a69bb07336d54f7e2a76a10737f2ea6,1
9f7868df0db5ba5b9b616703dc079b39670d88ad,1
cc028768e6c622d054e67d0ccb39444875c7c344,0
423f2f005c353e24842bc21bdeb39baca9dd8357,1
26fe16f6cde60e7a2d9a440dd98b53b82056ea6b,1
594876d922e5830d163c163920605670a4a0f43f,0
f164d66585a28a18362ba419f19ea46b3f7fa3cb,0
13ca6437b4ae8ae82fa8777a0017b185d35f529d,1
0e60fa79ebb53d75df485438f5da85f400e6d022,1
9887f23f68f2643115a354b4fe924c02d817798e,0
28b292573d636ad62ab94f27b0a656a36cf35b81,0
72a057211d964a39a1ee4a84d2706ec9690c878a,0
aef0603124cc445f02b1835b496f41b011be7f37,1
5712122b573de26886ad12e2548fdcad82c11e6c,1
2053623c71849c821124cf62277fc5fac74624bd,0
401fdeaa6643b4d65125a5d1c14a35529b0effed,0
3d31532b00a6d598abdbf7669ba12a5a7a802ffd,0
35ce3e685591a39d93cf5e5b2ad118a69393c938,0
a66969a8aba9b913316e11a09dff1eaf6257d97a,1
75e1b6821a7c13c4de730d14106b05765b99b9af,0
f736247153858ad31c3fc4911b502b03717a56c6,0
4892e0be2893543d6d0075d5d89119d50c92fb39,0
26ded7a3d7fda12d549f39a8d5f4de92604f09cd,0
8a733d32eff93510f8b940523dfccbcbdadbab4a,0
c1e44921eef10c11b7a1c79ecfa95fd09fe25418,0
e3f5f54a1fea7ca25fc59c53d45b5ac1d049a952,0
5a6e94650500644b9a98d071018e50e8bfd0a572,0
e04aea8404b7183fb310d72da447706e053085ae,0
0dc1eb5db69a708a5969bb9ddb5492bc16bde5bf,1
158226331e373444ece157a14e87a49e75680023,0
12dc21177088a81153f8453d11a78d0253f1895c,0
f0a7607b4ac5187480d8c91a7dbd448f2df6bb09,0
9789d96ff24db9b3e6436b34d242eb4fb098a97f,1
954cbfceb8bb5278d8a4e73d065aba26acd08735,0
fab1c321ea82049655b5c4b558f929fa23c2bf89,1
f0119b22ca9e28723edd71d80d143413cf4af7a3,0
71df76f080e5464d7693ef833ba87b6fe0ac8fb2,1
093269adfd201ddfbe6948ec08544b3b77084b56,0
97714c2b7dbd071756cf0dbaf6924d638f1e3fa4,0
9269652322a7ba8b6c0c34f0ad3d6571b0da49cb,0
0c4a7a53fdfb499834adc435a929c3f0d62bbe88,1
4288479dc281c848d15629dbf3e2be28186faa99,1
746538be71869e9a8d101f50e645a29eb4bf2be8,0
5bd3ce4f889c23108583763f63de46135a6af4a4,0
6ead9e4820bacb558975fa34498ed5bf21c436ed,0
e593ba2d020c0f6d3605c1b075756c89db6625e2,1
e7729e8a3802df7c4223aa19fcc8da1472de87dc,0
6e942878873f8d4e6f3bf1abbd809a96542a0f40,1
8eab2f50f61e1ead552cf7878d6c1af6fe59b478,0
69d39a4b3463fff8fa763add206f6abd1e879740,0
7d92a007770f3b73afc1aca9e8379c140140a372,1
faa57b7d1defb85b628d46c15698641d7a285636,0
a1f0cf776ca742dda1ba5ba6fb2edf66d4ad5edd,0
7f04b082f4c026fb419fd1d5127d503d82b9bd85,1
53f9989c8cb1234da7af78755b57dbd028821164,0
b3ac9ffb7014fe083469a48f5a3cac6b6828a529,1
499fc499c5f7599c21c8a96a884cda3d0935390a,0
1c0dcf84eae29a0b152eb233ef87f9b351cf12b4,0
e4f16d2d9cc86c116859b3b0730d5eee0c5b61a0,0
4fa17b45571ffd445c6c016c1ee9b01bcdb7f96e,0
5407a07839cf86beca37d638d3b273bc62cd6c4a,0
9d1a63d87a25f21e1786172b49535ba5cf8cbd14,1
0f7df587fc0dc212e29e8cf745440b1ba80bc4f1,1
fd184798c42704566e0aa19ced002b554454a7fe,0
7303534b35360c685a126f3b5691341b50beac90,1
9d22a9acbbb95ce9df1f291237ee97633fd8535e,0
4e2ceeaaaf7de645769c9544fb2a735cc41ccf39,1
21149193d9c2a6c52e7857bdac990f665064ff8b,0
235658d512525bb7e5256811ccd37f69d8b81c37,0
d24f82d2bb0e2f9b65c432291ca38e7a98d3ce90,1
6b10bcf0c6b7ce1c394ee8b8e0f3e94f3bb2674f,0
b2e74f7b5f563039c4dffb72ca858f9217923302,0
4a30722dc1456808f12897d6b6890765670dc683,0
f7c4e32a9d0fece08aefc2620c87b8baf326e9b0,0
6652d264702c7318ce882272bc7ec1047975f06f,0
8508a1e4bbfb7fa2aeaaf7f573b259f28e162abb,0
71506254494094fa407dc686b61954ef43279e35,0
5f888d4fc6d790a2131c3e4c256056bceb0b7305,0
5378dbec216a358aa5e6b6e03311f28a5f69b12a,1
afaa089c11b4d9ab3fc8de80aa73b6d53e6066d5,0
8c89b4f969d8f9c262218f270a57718f7f388595,0
676777a0c500eee445047dc78e3d89abd6527eb2,1
b17339af51be0f0b4abcd29380fb350a39d5502f,0
b9abc36e99f5ac5d6d701c820e497a1ae2a013c1,0
02424a0f23f73390c8a5477c63e9541f511a38e1,1
576ee5500f8997e0bc28981011118a5527a51f25,1
9c5392d00208828de7b910de5e7f06399f4f5b8d,0
1d9fa387e2ae0186cd6caae203e868f96d42b917,0
b46a8f97d65ce0d4f32804cd3fdf6d2aa23b2898,0
dabad7face4c3fec3e4548d89b9d49630460b14d,1
1272e626a41fb963b11b5ef52d0248a45c1812ff,0
977cfc5ae2f8ba99b3bea287b6da02cda9c77e94,0
a01ba02bd927fb41610bb3d692b08f1f9e51817e,0
2d941d868e39501279dfaf57598a6f9dd0086471,1
fc069ef93eedf11f06f365b110059acfc5e47c2d,1
7a33d7b5d464c1eb6ac4a98c4091367c2cc2428f,0
20545d6eff3429424e56a4e6f8f7a1cd46a467ed,1
35b584f4b4eae52c9640085de2009e65ad6698ea,0
1863360c63d66414b910fb070036ae5e54047334,1
e9d5718f2e3c2a8078716be2c8e3fc0d70bc82bd,1
7da46dadf2a6095ba039c29768a8cc986b165abf,0
d42caa63c46acd1398f12214cd5b8bb7458b99e5,0
b7c8365f77acda082c7d291dee802c11bd9ae83b,0
097b7d880b8e08bb52446ecc226f1704b5745e61,0
b9fe93d714a8bef7597095367934d173ac2d5576,0
6187f549b66bc9b27bb849c400ec03022199c9ab,0
05f0ed35352032a44b4446f17aa55b222c4a9f8d,1
f008aca950b759b66d4d61f439afcf3ad5598d5e,1
b49c2989859710e33d8caa32d142fc637fe0d805,0
9af36a10a41feb2c5f067146dc80eccfb7ff1b5c,1
21fd3fdbd9878fdd5f92972fc6c804ea04183eec,0
191302022f09b868fbae8dae86db8d4c1697c178,0
20d96a04e08c39fab75444e4df3347873e50a893,1
f7299865a6f52d44be807f69ed556793f4d74c17,0
fc8430fcfcf627c046805d255ce3506e6de5fba2,0
4c774b6c84c0566e21b913f6fb51a759c1c9eaf5,0
4c8d7d4414ef612fcdd828f34371cbfe2fbabea4,0
d965bd84873e572393e3415e73db36abade7a361,0
9a15c3dd6cb56a6e3637b5896e11a86d6d7d8785,0
58195b10b8e5de167ba169c61c8dd2645cc2b612,0
732b320fc85bfccdba73c8b5c9f3491108c461dd,0
469892ca859410209fece932c132663d642bdc00,0
23a8b9192d312811ad2eb81b440d3e4082884ee2,0
0e11efa404a1567b5e5f69674b08ddedceeea2ee,0
1af795ce538a1e815deaac3cb7f601980c3c2d2b,0
23a023adab322c26f478c31b2b33c2c0bc66700b,0
e69d85afb64b8b3b9cc87a4d3b6a0a5ed617b409,0
334d8403a98b33c34475b2f8eb8930e3ae1cb68a,0
9a02da1e489b248f0cc995ddf189571d7924a323,0
343c8d22b873f3a4c542c089d3add8f4257601d9,1
7248fa5c36c5e9aab551bed9d0c70dbf5bef1587,1
3939bf5f1795a52dbbc2bd7f65b6d0ac9c919650,0
a6dcb8d83a6ebaca6daf69e85cc4e61a2a2945aa,0
29bb86362845313651f471f521de51f77e988f55,0
72601e29654209548c1d5bfe1e6fb990f3941b1b,0
da30fcae2f53bab502672858e8907ac733a86324,0
835fc003345316eda545bda5d8b764a79dfe10f0,0
5d82130933a7195046ac3e1ac051040a87b399b9,0
bc405dffa216c249577a0db43ca69c1e21b4b507,1
4df0661d7975a0fae6be863387e2b1b362865876,0
04ce3160dc1c11fd3a7c93e527ce9987ec59f7fb,1
e76cc854bd551956ddbb0b10d99428b275271748,0
4c086e14b8a7f193388f751e1d2158020ec821c9,0
28469dfb77da8f9eaea028ee3b71a432d8b71a18,1
449159271b699ccf5b068c12366447ed7eb54375,1
e586ef5c10e4ccdc9545394075067927c5e91ec2,1
0b96f81d54be6986a074cfc6d4c23f8cd2a109da,1
4a98c417ccd1f8306dde50c26e3d682fc6b38ab9,1
c180cab2099a3f66b5b0337ad24af6092aa172fd,0
a9d8054187f0456e91518e1eb57dd43fb409e11f,0
ec310cf736adb19f6c094100e7c060cf48405950,1
2658eb5b0d50ac3e225eb5485ceb948e37a43e62,1
b0ed5d499340ec100eebd9b3e124b94976095f60,1
951e27e9cfd36a85dbb80ab7f991f13577b6bc2f,0
1a7c161cdd3265a60c74fbe89b771f45dc41041e,0
6132b3f2ad439517fee2378bfa69692cffa3ddbb,0
94742210d3bd8f3cbbc890910487ae85e82166c1,0
9b9b67a1c91718adac60e02f219d7ec015cc84b3,0
e27c368204817874d13e2eee82c245cfc92089f9,1
69195d239c90fa60913874d20ecf03fec132a51d,1
ad78fc8a4421895af301ce45b746acb5f1cd9685,1
6afa7acb937e675ccb497faf2c929c0735d0a0f5,1
d28b713bc3a7cbba4f82205ff34b2558bd3f9213,0
f07a8fd2919683d69ea62841d503bbda330c3ae2,0
8a908c70d3691f94e7c4b59f8cc6ff0a57557e49,0
0cc0e27f4576a8e2f5759caa2b83c6482cbfa727,0
d81e08d8e0630b569ffe59563b5d3e065db192b5,0
1cc947dd00e1d34d704f0ea9490e552e6bc6bbef,0
2f2f50559319b75483353e4fe3dccf7325cc88d4,0
509bb30e7903760bab033bf0af271b1880102b7d,0
e95f83fc4371b736ab096290a8c4ec25fb4f537d,0
e9870e3e6aa528a0208254ed8d24a09177bc4de0,1
4e6642580cdd4553c5ed3e76fe5ff156da41ab04,1
99283597f2fb730e2a6d21f76e5769a26464914d,1
33fdcb005ceba9339a6b428ddf2cb0a6562601db,0
0889dbd7c5a0d660280ff17199b04476982eceac,1
76d920a2f6b48190e379bc559073a16dfe8e6045,0
46389e8c815162fc0981eaed35870d2c49e4ac54,0
164829d1b4302685f028639fd9caec47337ca468,0
c7e1030b8df7729c51868bb052aa75511c843d87,1
121fa277c88ab8afbc03ba4de41e68dd4e6a14da,0
3febc63f3e94c15be8802ee685e75589594499f5,1
1d4d886a1f84bdcc83948bb49483e33efc90b264,0
2d1681e8661405ba0ded5c61a914bc9829e367ec,0
f393d3ec6477152aa88a309e03680021f3c278e5,0
bf448134e6709b8477612436a000e1941f054318,1
fa2c542f9a83215af026d653b76efa7bb23c109a,1
3b18fee37f1a0265fbe47bb3a8d8074d3da87b92,0
423e73fc9670efa82d43299ad5d7e27a5267ee06,1
be4746e42846f6c40eeaa31a03e2a9f9d30cd8d8,1
319bf4346dfef99a6b30e7b27348c74900485d42,1
320772d53dad754d1a43c7ace2b6ba014e2455e8,0
377b47464973115a709ffab9cd8172c54e2ce7a3,0
8740b048572a492f251a819c857ae0a6cd23f354,0
21844781157ed53efb4d94b5139dac35931e06a2,1
59d845f476f6383d292ca5cc7a6d4e23a6110a75,0
c14ed6f2f8c04d3e2ad5dc40b871d1e3f888470c,0
b10e3f91a6f38c51f1e00e4a4122b57e14621059,1
215ce1696fcf913bf9ba1c411dc7d881f4d6854c,0
b0b064839be41c3bad2dbbaab25d79461c6e642d,1
c2c15d16fb50ff095f9a675523bf402a9048901a,0
5b5eac051c4dc9f8e9cc730ef6f91c39fb9b48d1,0
47a4b2336f0f46fbeaa4cc794121ddaf3350c87b,0
fdeadaefe4178d1a1d95e25e5dc6f89dfe791b50,0
4832c17f14d0adab36eef3df26e834a3ccd8985a,0
5bbaa85916c997297ebc0c7df995a592effbb255,1
acbf5c50dbfa84172a25cb29de990efead1826eb,1
536963e9866935d58291fbde924ff21cfe0ee559,1
e38a7d1339881949a424a077a1b773c2bc46bfc3,1
59943d52a0487d88f965c49a1f6c0be883d60811,1
d94c71002ff7b4b70533b764f18a3dc0feda4abd,0
e485cd92a89f07c1b36f34f41dbd787435097c6b,0
d846d5abdb7e793dd20a0564189d3721d03e767c,0
20a2b236e1abf4d97d45f5d60c9a31b6f968c232,1
29845487165ad1e849855fca1c97a3f7e2e1d2c4,0
33da66e19a0bc33aa2748da7e884bbd58258074c,0
bbd84b92f6e03ec22d92a977735071a5dccb98ec,1
a77cfac3bac90a23249edb984ad2d4ddb18b676c,0
1092801a1d1d7cc8e45b1d909c553ea400615d68,0
d40f4a0ac4c1dd0ac6d6c31b54fcd5eb4ce3bff1,0
b33b802e6d6c1cea5b309078a41c27c5d22a5da3,0
c27a6cebfbd7b03419bfaafbc0f5ad0f8b231928,0
38d98bf505d0765409f95145b4bc9548fb156270,0
98e9948d277344c91ce98d27a7d0d4fa99f4e362,1
7acc471269f51638c4a1f1732a2deb4165106ba2,1
276d9424ade735fdeee9b650c32509be216c0a2f,1
14929ba7f98d010868b59106fa3795ad3c3182f1,1
edd7417bc5b22730e554302bf91c46ffb9b91c1f,0
9f161ed30f066432e3e7818a3171238685cb10f1,0
36e3246d359406a3c70d811a3854f7e63638d7b6,0
58041067ebbc217a0ccc9dd6664430e23656a16f,1
a4caae85df03dbf25a6eab97e786d7cf74fb6c5b,1
ae838872d407d1383f862c6a4f2ff755d17db7e0,1
734a990847454fbd5749f0394894a82631097d49,0
abbdd9e04c3979289e027367bacb6c827a446ef2,0
d85c861eb2f760353368b594fd31c25351f34133,0
4d869c5e956009d48984193605cdad496526dd3e,0
38ec0ce779139b0c63454098a3a1d065656c0607,0
5118f8ca589624703c46794b2e956cbf0c5a79b7,1
a09634847420fd8bbf0a936f86b44df011a16545,1
2cb309db458316245f33d5abef2eb091b51ee0ec,0
1c6a9958da4f98e58a5f92fb5f547858ee2366c0,0
6b888a3c08f73ad3da748d155790133473c140e7,0
062c1582d2a92967e20382c85b362136b2decf65,0
e16dfac189b8c46430e2f12a7dbfffec4ad8f133,0
fb277326c071f9c020c3865589c706f39a6dad98,0
1c9ed37c3fc7d2899170719cfa92c9966e9fb5ce,1
068fff03d6e49edc468812a8065c79511d674b3e,0
b22b81f0ebec98365ae55985eadb29adda9ebff6,0
a6e94a30edbed3670956148927e57e499d8f1d0c,1
d8dc555626ffd55468e9a0c40a11f87076e84afa,0
9569bd14874e3980c287cd65f3b73859e5c1d3ec,0
31a4999375dc50b4134ea994dc8d7a506730c4bc,1
787ea713bf39b53626779e53fd49c652e1103e29,0
8f71d40bffad7d85adaa1775c8c4d9a4f5334733,0
126cd864f379b88584cef12cd8285f3dce8de9ec,0
4f998f4c42d3ddd01861dcc01f91698bdd74a97e,1
2aca5d95948fb491c86b3bc2b80b763a7c1dcf26,0
3f5c53b5c02c7e01646494b7b04d5defd3d57431,1
67996f8248047362fda2616c901f43f15b03e37f,0
ffba2f70ceef8174cb9a9a792480278b803c3694,1
299aebc0ffe0ae52d9eccc7bdf077d56d90c057d,0
7237bc9cf4c3d412cfeb5e82c507a13146c8947b,1
abde59d041c4af92969199d9259246d817798e52,0
96d41bc5f508cb4a2686718cc6999f41ae7e07ad,1
0c186f4d816f5e3398cb74e68629f243fca058f4,1
c709b364be4801ee901982359cd2b2bbcb719314,1
f96707ac4790ec903520b125f7b87f2a926b6564,0
aa1ad218c6b43aebf918fcd3c468b240ed062978,1
0f481e2f20e8f59d703e74ece235bb506a53099a,0
d4195b3ddd9bda5b685a48393aef0a857bba8d50,1
ee9cde802cc10610e85c049f53e267973c76b097,0
344cc2aa47b464f3ff1c418a551a4b34da5bab0a,0
3171bd694a25079e6447904e96de164ab7834471,0
10fef29ad90ef8573d0a5b5e96d6a83c39623e01,0
e5bfbc2ed78ab85bae2078a34d8cc605b98774d3,1
5c1bbe0eba2ae1643a1d58bc77e095593e514dae,0
5a7ca23bc622f01571419d6af2b2b6089b5a1517,0
4b2feccf4ede8045abd1bc490eeed448a4a35425,1
298952bc771121bf21f9902266639b4df67c0be9,1
a96a1a902d9de690d87d0bf55d2ff12ee6b02c0b,1
5ff26f73c1af1b97625e84b3396e6f450de56b0d,1
f5730175fc45e5fdac67e747c7161576761d500c,1
c67ce6b23e180724634468ef331e6e85a1585abc,0
7ededacf12222a184993d3c2f2f90c4e96374ece,0
2f7cdd372e011c90df0c7f9cb0b03c3475573097,0
b0dacde43fec4954081bef3624b346ce0b6ac798,1
d60a3cafcf5b1e4bd40fbee3b72c39497e5197b6,0
f9d4dda4afe25bcf16cb293ccd4cf6e97539f2c9,1
8514667dd35890cc3d8538a30e54884dee7cb0f0,1
6a1ae2d6f464ae56812e5d871d12d77af7b90467,1
46b6329f4f6926bee3e68bfca7758e55128bbaea,0
66286a21091e6ae60879e7bd5616ba48f8a069e9,0
3c329d04e254bab95744d3599e3026d4c32ef3c8,0
e1039d52946eefafe0ad4bbf1839e75df46b369c,1
130a99b9908ee266baa7c041c16cc680fc849917,0
313137eb1347af1484787621059a5d9c27dc5099,0
9ade41de8677dcaea83bf2060636056748c42093,0
02cd8fb57e94c6dd69b55e444767bc1a5c5d2d69,0
081470e5ee38b20515c68a2a48afe1f0ac5bfd1b,0
436a5baf2f5dfcc964afd497b9043dfd1de9394d,0
fffbf9ad8fa671ab389451431a9087fc51f731e6,1
1abcbfcc6ab15f16acdfa2c9eb809642b8d4d447,0
f1e68f91b4d379a95bce70b440943fcfdd971308,0
f043848230e893fda1ba71511214eb579311a652,1
9d43fd38f6b9e4a1edb56fe22f522d04281afa4f,1
fb5e85bba078b8bba24f22d68cca226eb3688c6e,1
f86bac07c9837e457ae4f67b4006371cc7e95862,0
34b902f2cf52fa2b56dd0b1dd2a32bc88280d8e5,1
6c7365a922575d31f338d5d14218d9e4fc9ea381,0
e28d10e58648f7f518430b2f2c7dbd350461e30f,0
9ca3cea0166512651d36c7ce961c5663529d277f,0
014d671f121f07c1dceb3bfb56a56e0bed43329b,1
55b98e177178ba12807500bb1340d68b45d62fcc,0
2d913b15d151a9dd60f7c898a54f93dc43538dff,1
bce2746bec15f364779f679de58f153fe017b8e3,0
ca205509540797bbbd9571b9ecf2da8c496e18fc,1
96d4c8a4f2b61759e6137ab28f4fac7eeb975bc9,0
47d3e5065f927c53c16bb89cc901feea4348ab63,0
26dbad29d73e208d941cb8f475790b66e3acf59d,0
f56ed90b80fc051b3cce7b79c4024dbe9bf19b70,0
f0bd54067d40fdf57fc1e57cab59b7d2b8ee8285,0
674539e8b0c03fdb69b5bc54a467426a082b14f2,0
acb99a62233812353b4abb5d62bf81fc317ec9e3,1
8834ea0c40d91170c0c08066e2e77e9825090694,1
2323c980dd0bd6fb924e358d668dcd7cac2239c9,1
e0b3fff07b2277e8fdcc31a0832e9952cc11c109,1
d0b9a7eded3fe4380cb5c3f95c4a5cbc3c2ca57c,0
44d56d07933a5289f03fb3fcf9cc8e4699c6c8ff,0
df59fbaa0d172fc0633f2a1a2ab438b67dc891b5,1
e7c80a055521aa1239ff7182b66ce2459890af9f,0
e382e5fc7ff2f61c3e802f16688764d07a3c31d4,1
49cb379c62f85475327f0551ccc9e51156c8dd1d,0
cb7e50cbf73e40657a7c403dbc46eb47461e1735,0
8b8ad1e1ad50f5a9de4fd9f8e83fa9e49acce278,0
58688321f54aa9e438efb89918f1b2f28ec687f5,1
154c1e414f7631cd94bcfbf0e176d1d562f917ac,0
eb2a041316c64ab23d0b96a4492b1f12906d2f39,1
7d224f122ca052452af958d2d733117d6947b3c4,0
65efd5bc07f4783da95e5cd3c869f5004f7a1d46,0
0fa506f9015794cec06594ebd9ad84c6e39cdb08,0
baf9cb5f323fda420ccf7c9f649b29d8b3d86416,1
81846847f053ea4fd01baecf3383475eefc62245,1
0496f8f6b6ecf102d0c24ab13c369b4240f408d7,1
e9f45e2cdb0eaae79a279ddb2d50eb4089e3523d,0
48207476c1ab84a76a001ea2275e629f6d4c8539,0
99df352d675ba23b8f0ac30a9c699fdc4b3d654f,1
9183279311e6dcb7511acf3d94222b9c16701965,1
ac87a10d593d9820fbf022b11816c244548027e4,0
464f14b2ddeaf5e118010de4b39eaf09ad66102d,0
f7c013b06f207ba25c4a24a50a8a61767eb0bf0c,0
2c2a9122915d678a257e97718afeffa3d78cfaee,1
2635b531defbae6d8cf1b1f0ed21c59dc5b7391e,0
5f6fe139f97cedae98c1058da4884ab81606c4b6,1
190adec02473f55020358ea2e0d5b6a7572bfd43,1
90d288ea546a38159f3accf4ec629f719ad2b87c,0
4df614961885ab10d396b07d291000c877e3b8f0,1
6e965c5b69c9fe20332c8ddd7405bad4bf1d1fa8,0
36703f070eb053d045cfa09d30b96fcefbb274d5,0
0baee04b2d01b7ce05c185a8212a72cf522b9ded,1
052bac723f3b18f5c8bf22dc2a2df3e531f98ea3,1
8b56d40c5fe802cee8f139b634c19008b9fc8805,1
52a6a4f60891b2fef2138b77ead6ebc5a55be916,1
a907d8f6126a45c219701890cde092e8ddbce11d,0
8527f0601ea6ca742687471f6c1004174fdca1eb,1
baee3426eeaa357ed04a0ca7252ae493e9f6105b,0
987ef9a9ed540f53fb54f9f01ea3124c3fb6c1d5,1
7e164da5a6ee92bafcf273144caecdbd5337482f,1
1fedb762a223cee5924c0f8b1ddb87183288b034,0
c1ba5f2661cae5239cd9bb037298cd3343d53af7,1
12481f8c951d452aba232edc34ec2ea3073e8ef0,0
3ad3cf4c18404a46256259511e6c8bb7a9453e37,0
bf8b50663d279ab2d51eee007c30301b18db4a8d,0
2d8dc612dc514ee7602189c0667d591f3a570951,0
5e6fe7b31dbedbbb2c7d1f05b9fbd259efb0ac94,1
94880d0ce0788061f9281a9aed2a260edd121988,1
ab0de863912d9eaa8fbcb6dee8af1decaaf301c3,0
c4f3d458511f492965cf791e7c69bffb8b65189b,1
753610b7f7a04a277b30ceefa994837f530ff45f,0
383099e971378bea5354fb1f39bb7b6b5ffba422,0
aebaa4d8c04b944a14e61fdd0f56d32fa7b96144,0
4744fbbf164d0612f9ad9a775a9dbe56f10e5d51,1
592c50ac6543e4a8514c2d798f66790679eefe6b,1
70e654f28e397dba6b37daf44173a61286f671e4,0
d540c51198666a074251c7be8b08db87a02574f2,0
c27b44d6979e138a20dfda4831fc4fe515a79d48,0
c33e25c18f9aed1575f4180002bbc479b65d28fe,1
3961f6aa492a090ccc458427808dffea129d86d2,1
890bc1f7dd222d9dfd3d60d3006956139a61685f,0
98e040cfddbb9e16154dcff0d6edb409b10c03fb,0
456be13256f31cbdb1ce306e9f038cbe282fb6e4,0
d8d8dfa5d377cf4a16f5d7dabda42f67ca980711,0
9adbeca7a7d547293caca77444b7dc4a58fa81cc,1
8b37a8d4e11851e14dd7c260094e0eaa294f5b68,0
ed7b1cf90defb135304e8914c475d286c9c1d096,1
33898cede33164f59a8fd71afc283790d98d88f8,1
bf8edf091b471fba320e65535c3aa926b4010404,1
8bebd2a4d7246c8a03d29ebe422d200f1ac50f3b,0
0d52c835d75ee3272362fc485a9ecd3ab4e8d492,1
45ad38c1011d7b81154582b75cd0861a75ee56ba,0
0ab9e28ab12775dd77fc972c020cbcc0b3da6f8f,0
6aeb1bca1c4a8af364025e2327a101ec439c374c,0
619e2b5979337ef96b2002e0625a3516974456fa,0
3e468ac6b528ab98497868178623471f130edf4f,1
49256bb2c4901c1eb8ac481e7397f01d6d3d5560,0
edda925e7fc2c8aa7a3176bd998056bd319b3039,1
e1b638a1c8b1b9a1ba01f9830374540fec429eb9,0
51bd8960a684480ea74fdb291b0eb169a3b3d64c,1
a7eb00755e49b54aeee8dcce3c5197b0c02dfa92,0
8e1b77c15692d4448da3f129ce737b89d21698e3,0
a65f3c5fbc08e15634f978ac82cbd29ab1053822,0
548f74c130900fbad32df130b37d9787e57460ce,1
cc32ad0f84d19ecbc4ed1de10eef3bcf9b82f6c1,0
0ebf8bb92b9b7768ae3e84db7e449c68f103fe5e,0
22cef641f3fe9cb2498f94d5e089f9997b5b4f16,0
9b3e9a2eece24e525b556ae62b18c14d4906136a,1
e9b1765f87fdef3230df3bd010d85abe70c10d68,0
c8c953106bf54cad42751940c2991cb4ad85ccf2,0
d5ca1b381f8b4d7834d196195a404e3194e0e9b1,0
29d29dd9279e7ae6bc8003939eb62b682e9c8fe4,0
fd22a4604b828a40c425dada4f1a2078f6068490,0
7a3f15d151a6f02e7c6b70b4159a774414251015,0
d1fb720254a1299cabfa1acc6f78494cb2c7b8e3,0
27e1e0b9cbd7c86fe590d0bcd42fe096c0f87c79,0
01ec2b08678e25ed134018b6ac05ca010059b027,0
1d729ea7d025ab53ec50839ec93a09750c9d2146,0
414190165e325d9e08a21e2a3242fff7888de21e,0
a0ec39e96b5d87c8b892d3b1e4f8e1482028f046,0
ca07344b9acfaabe8695657c0570d2c02a259849,0
0ccb16d72a56d47f8d3c27388e551f2210aa5425,0
b2c00556328590a79b6c11a576e4f0aea4cf8b29,1
c3a97b2f957d18abe80097801034ff8c909eecb5,0
971747be6d0d032e16dc7fb72197ac5a24fd2055,0
e597d6c0ce26ad5140860e0fab25bc622d445eab,0
6debdc5e63bcf02ecdee2a1de4c33041fcdf67c3,0
19e0c7bcafd1f6372be774fabb7e604525a17529,1
c4acbde8c46f6e9ac0a8eb36aa58e8233df59b5d,0
50684ec1e228895f66716cb21759ed8f3cb8a969,0
e2ecfe7c065de200437a143389b0dd7f2faeafd4,0
ac9f6829de8e8e6624893a4a8a26e7d1655fdbaf,1
84f4fc1b9ee29010e9d004fcb308fdb0848620cb,1
f0179680d69fa286d382b4a59a15fa370467455f,0
f71336ab84356968089d373d6b919602b420ba20,0
d1d3246c163a79414d3484a43feab3f65a2087c5,0
5d2b81eabc8a53c1a43166b452ec042803b3006b,1
2573d797eeaa41f5caa6968d0ff6565c38d1b493,1
328c44be879ecee3b2b815735f4cb2bf880ae5db,1
c2dc8db84cd8429226a7732a87d7d0d7c13094c8,0
a34d65baaf59a2afae467e233d34bbce331b61a5,0
6ec3780a93569a3781f12dbce3637255897a581f,0
11dd36787f4b77d59c05ae97220ea9c337b4ed31,1
1baf54edd13b0d15ae526c9aee79441500038c93,1
24d31e3a570776ad4e532e8fa1fbb96ce3ed756b,1
938e58129a2b648ba4782ed337c0095c7e7e8433,0
d154d63a46691188d5677d98e0573a1610068d9c,0
d887e27a7141b6ecea88090a60036bf707eaaf8d,0
52a474b795ff646ec635a729b4a428d010fca08a,0
728fb8c37a262d24fb50938bc63e6b59da6f1cb1,0
6d9de7e1520706c7853667db9ef95065ad77934d,0
75f5ba57949ffe176602621811578f0209b3a0c5,0
da35cbd784c2919b66b960c97c565d10addd72b2,0
436f3aa28307b6af68cf3ea90defe5ea48ecf34b,1
6bb80130dd9f81a01fef700c8c64f12b871af183,1
5584e5d96f273270078117950df7513f5a672cde,0
db93360c18b700633ab08d171d0724eccc07e471,0
75a668730b4e329cc35b0365d59cba2afece0f7d,0
61780bdfca43dcc50a393fa866ce4702e430d4fc,1
e93f022b09d23a855042894ca8c2817c3da32e9a,1
5a0854a074777377b0985b7111b3f42d6add82f4,0
841f56d2a6f829c275b54dfb58532a525baae563,0
751914d27ecef2c8c802c79c240c2453986c31f5,0
ae87ddad2cb4f23df55c2ce2ab22a4db556e267f,0
0e55cddfc4a870b08f5a2709bf394a53471d4266,0
9f5a1fd64bf66271bb573078d31231e76ec8db7d,0
b1deccbe14c6d293ead2cbedac05b39f17e2c130,0
5277031a031583e6d7f22c4dba4df764e48775b3,1
1b217c90321bbb014c3f4aeab03afd94bdb0ecf6,1
99e5f48d6504c9904c7a29b2d4d90546a6112564,1
b1a25efcfb457df6fd5d67003776b1d383e53199,0
8f7e5b464f0d8e5d357c53f9809dbe3ddda7865a,1
630f2fc4153356db893bff5be5d165b1cbfe2af9,0
69fbf7ae7829490accd4d3c1374f3a0734a8e73a,1
06a8a9b6310175c4481fcdda9db7cde1bdafdf1b,1
532eb6937eb2d2a8076f746cc3d42da52da7a9e7,0
eb2fbcfe77d5552485e8102c8e8061159f2633bb,0
8cea023b922663e340640f4c3cd7bb6e5798904c,0
9bed544d5f7fa1a1dc9abb87fee1ab17a7b62598,1
9da684ac6ae93b91012de92c548a736f813ef97e,1
26ae608be0397596c2ba7b90f5e0099f1528ed64,1
19b321fc5ec42cb9db37ff89bcd45dcfdd745589,0
10d3db04d4b0c231d69acea8065e0d41e824cbc6,0
08094b9de8cae165ffa119906d76f388754e2fdf,1
7bf798b1135205d45d628cf10d8229f2b24f0939,0
9857bfe46848d700b562d81b8cfbf045aa327e0e,1
c7aba96b338ed8804a9487548cb291557d65a368,0
bc85c1a015067056a1658142aa8b491fe4d9066d,0
049f4a994bab7d595ffce15cc7d457af87084af7,0
80c5d121adb27f33786a95d39c5c7d1b48018f38,0
bb01423a9a7d44ed01978684ac98d69a47c203e1,1
d5d3704d8e227e8bf23d3e27515edb325c2eb80b,1
c5838a2ce877e4bccba91f57e95cbdb1347973a4,0
e69234afdca38c8b467e06e6ad4b8adae8e02b64,0
204e9d4d5a4e0d119d5e117a5b3d5f9e752a7d13,0
4eb970b2da9c9d19b60a97a58676f949d776b12a,0
a59689c4a3c0ece4c4922984373c720264086194,0
4a63dd5a6c12bd991661e3dc54c0656a2abc425f,0
7a05d8ec913ef0bb52058a464f45dd7149701936,0
4051803ff78c4d8b3844ad29e3e660c4c34dc3e0,0
478c1e137f401fd94e9e2ba47702ca55b1ef24eb,0
f39da97ab97a985f019e859b392e34c3d34445a0,0
cf64e3b2a09cd1a9c47b2bef31711612e23e5ba6,0
09ce995c66bbe31f2b8f808d2725f8aa5038f63a,0
16c4681209c6468099d923a7060ee7d67cc5715b,0
740ee415d7260ce727ecbca9b094c22ed98cbc1a,0
a6defa58e38ee9160066b37f844fa42d442c697a,1
d96d33b3746c645617abbbe01cb98ae9c50be952,0
8204e268e1dc188786bc1c087cca49c84055a674,1
1855702de57719cf26bb8522f15bb024aa01eaf7,0
81523ade48eb8cc3790903cfd70d5f954ee72c0c,0
c5ece3cd8f0616c593781a5e4efabf37d89d35c0,1
4c5cd930c58200526cb06dc7c74fb3ea351d147d,0
566525df85d58057a8bd33cc55eb8e1c5336a83f,0
8072de8c93f4e7648b57e596c3a01a7e821e7782,0
ee326ea6d60d0f096d4ee514384b73c29da692a2,0
0bb77ece77f68e9e881c9b857f0bff2481035654,1
55ea054b16344650380f433f97b9937c5ea4f7ed,1
e6f481d706269e6f05b16f85870fb82edcf2d679,0
1b1febb2e17a377a541a850dd2dbd3adad1623e6,0
83b6c1d32da91b60fd69121090e75e192adb3d9c,1
bc2ada6dde297db85f68d8f31f0ad8abafe8a79b,1
a419cecdba38a7915169d742ff4070d7e45f0ecc,0
dd1b34c9c41d65472a38aa492580cf4ee17766bb,0
7f93699ec777e2f853dcdc40d19b8aaca9606e39,0
056a21ad079dd54c709b1c994474a8aa42ef51b4,0
568b762922f6714474210530fb2b41fa1e87c625,1
036a57746ac03a8b4a527a42371e54f97b60bbe4,0
e122c02be7d22f9242100dfed81ec966a1163db8,0
ae75db50e3c31ce63aa29c208e67704b933c1aff,1
49e1082dd264ead9b60be60ce147bd321cc95afc,1
f05db34590dfa5b515b027cd7cf728b3c11fa92e,1
71b844216675ae1957dd3cc9500d49d1e85e11f3,1
7df41dc409515a1472da13a16d3fbf64204c5c39,0
204b22f26130ff3b73ed6530f161a9991e9f897a,1
72de5b58fc5bcfdf07c635f9272010e6a9d3d9b9,0
2b724df5f646332ff175c6b920d05dd9afbbd85a,1
99e56c31e2e3925b15545b0482dbce8d5167ec7b,1
ddcf73d583a1ce51ac625d9362329315d2fcf9f9,1
96ecfceb19d155f91080287851cfe1112fc5884d,0
c08b472dc3a005d402ecfb335f6f5ef60631b5a9,0
3abcba740318112e8cdcc7e0e4b8ea4b033ba315,1
ad4b7c00febad6ed0c817be27ae4556e137bd619,0
60030bb5c07aa2f817e37ecf4082b08ec003fc73,1
ecd5d53c79a0c07012469a80368346f30b9a1e76,0
a7375ae5e59d446bce52d210920fad5d49a7284d,0
22137f02d951faac81185807a3f33b6b6320f4bd,1
6b8e8669cab2bde886d1e1ad2674b2aa7f732d46,0
3b32d68981d5ae26af5014cd6fbf2c079743c34b,0
3a585e4cb9de95af2906c269163764cd7df787b3,1
66566192ae2215ebb6009235d65675fde2ccac19,0
6d8594b7ea70e5e2db127d6a7649f9d9069c1424,0
a8b2df4fb1655fe9ea25eaa7e4381eb44f28a92e,1
a261d114eec98cfce6ee51b974aea479ea1e745a,0
a2c3c2359acb8bb88a524ae1cae89bec0f6a0e30,0
83625e8a9fa31c584c059b28b3351eaece4eb415,0
23027f9105ed22e08692d0bc9158e4747b95312b,0
608b6d1346019255808bf4fe6af469e41e02a33a,0
3e66ba450ae0df93e53ce77dedf1b98771c8e2a8,0
64502c829dd05c3d5a3e5b1cd712e9beec9b7118,1
419d1e21270c1bb77984bf2ee555f6244f5619e8,0
7fbffb1877394cd2200956f50efdddc3e37e9e0a,0
0da5ce2740a4df1c7639403759783821061e381d,1
0ad0a93569e96a95ed1e777b983452e9dbd445f9,1
487e5101e6c9ed72c79b5f653d125f35a0fd749e,0
7e26d4d25d5838784be1b194e616c725139f05a4,0
2cac7799fba1b525e45545e98cb3ff7163f3bfd0,0
b5d89d66721dbd9f35ae08c2f40b6e5b0994bd55,1
c782f1f42f4d446bfb0f347144f987e6c9bd0e3f,0
3e60950ee0ecf3f9085167a1949376b72abd39f7,1
ccbfc5134bcc9a6fbebb6245de025e65492622de,1
2051ee6a58508afa5f7050d310bc9958c965f41f,0
17140361ed6475f897cab0e4865cae32d033acb5,1
9315ae67dd822e2acbce419a93e946cc20ae1f97,0
275a5c0c970a2af7c4fcedcc92375d4494be940f,1
deb8bb24e27a9d752f5829269ef66f69e5e94c7b,0
c425a076fec170fd0866aab5a814d0af8820db0b,0
87a77c77a1f8d13b3cdfd9d32235e0f6f54b5e50,1
2dd39f4484f3b2b7b0e819336e62367b4abc45e7,1
9bec4c515938e7ab75911643442c9d4ae6bbaa73,0
1ed857cd1e1e4b0e2b8aec6ece485a3d5d194fb8,0
3d945ac2bf28a9ca513ec095c084a903b30b5bd1,1
5fbc4d3269cae6f3641743e99636a59824deb164,1
50d2c6e4459ac4bec838ac76288f209acd06c920,0
01652cb44f777b7f4093b5d003a5494d00113293,0
eb2de7e2bb211067f7d14c825a2bdb74906c7973,1
fedc5ef0918219e6646be0212ccd15f720f5aa46,1
9a1f65ef739e1dcfe1e578a0352d7b1d993a50cc,1
3cc01f624acca42986928cf5b66c63b60ad8b42f,1
88ac34ab35119dd405efb2569bb0e45f55754a12,1
6da7d80ba0bfe0d715e98ca94c1a13034b22716f,0
342b4c2598815f72b59b9c7147add58d69b5456f,0
e89ef31ddb7f34500bd4e66686bc292ee2f81e5c,0
ce648538b0ebbe4ff7ce0318091f6727c8df4aa8,0
eb12dabfe5fa41d1628d67a4bb6efe78722d19e0,1
2b398d0bb5b4fba9afe81cab04a27b5e273eb039,0
c9c30d08f94d4f91a95489b80e4da9b95337b17e,0
251e40f57b7901e18e10536c4294379106d50db3,1
c50b36610e7a783928c233767c70b43627e33bf9,0
29ee01a126a9c32442fb1bcd0110b37b0f6c2964,1
93c03a5cc6c67e012b8afcf138cdb4a0cebb5580,0
657e5d8f1bd773f9552993aadcc1d686f839ac46,0
f70b92301ff6a2d3d81a23d493b1f3905af4a424,0
2a472f324014d6afa2bbd98ee3d10d3e4e51439f,0
a28849830df9d51adb403ea63401df570e4e1a86,1
a87113b110d6a8aaa2829cbf063d569c206ef6f4,0
4b9ca17a62921ccedbe09e0854f5cd0e1df41f5b,1
c4448c906cf77a8858df4653d828024e641d0e65,1
1f49d5c5655dafbe771884e253f7c65eea901e44,1
eef40a32fec22cb5751519f970b134d6c49a4608,0
0c8aa1c572ba0a1ed755339f890275144668a261,0
597fe5b51ebadc3056f78c12ca2e8e4f0b9d15bb,0
d768157d6d21b4a5dc01663f28a0765a5331b698,1
b18775e785d050fd10cc79e1401870a45796d98c,1
4ad7f78023a0752de43bfa544161f099dd7c6e62,1
8f2c2f02d46551edaa3e8f4771d1d36dc8f4a387,0
de26591997c3150e892e2e321e088176d4114875,0
01ffba6512ae51267d57afe497a3ea312f8ecf36,0
7d9c602184fbd2388f216070d166f6e880c789c5,0
047424d219c15885951901c6b42bce07f27d5565,0
707520cfe7619e2d358e1956a15064b7866c9679,0
284a4d63942f731a058c36066a4c17093470724b,0
91519a2ad750f61f371a531771d0a75b3d6e25d9,1
168248b5ac585fc48d6e6b2f8dbfb42d23b66e41,0
8143849c5015b5a632bf1dc8f8cbc1f2200cf00b,0
e8116d914411fc70e00804ade343720d7c7cfbed,1
49b7abb9d48c728c22523a77cd203a00ab252bf9,0
04b5159397adadd5ad2eb9b31d391ca73b623d80,1
b7f92167a2d7a4bb543846a1d98bc74ec1fc4b3f,0
3c14e06b0347b714cf097a3204fe1f7462d14301,1
414f11be2d621ed65398ff9a176b2681e329080c,0
733e95ef46ff477d5ffa27ed15619431f23c870a,0
d3fab137cb39764bc304ece44eb932e6ad4dc757,0
4b66c6f0dd39774f79936f3b4b27a9bf3f0bf541,1
c5cecb2c7dbfafb1079eaf7473f5f202e4c11942,0
9be19f70d211d0a1572ceb48b896bae071537e4d,0
449e707c1b256ea6eeda038577597b94232559bd,0
5303901c593d00a2eadaf1ff0193d309ec876e8d,0
819d466bebce756ac6fb4ee072c19a010c0f990c,0
6d1bb57c0606f05dbd75f90a8d9e21a57e1267e0,0
3ecbd5fae7d4769b35a4a0e4ab7f05a2f87b6b01,0
2eb1befc6a44e9eb1c3f699fa553138dfa22d71f,1
0e05290d927b03db050248d2a59ae56e96a8ccfd,1
49956d1c99b5e43b6321e221ec021f8dc73e8016,0
deabbe36d94d310b60ab73799f275dbbd655c7ae,0
bb1517ab0551fbe033c73e78c1cc23026f4226a9,0
c098bda8d962e7ad6c51a9e5a1ef5dae00b5b076,0
f7064d61463e7437f593fa8a002aecf10aff039b,1
0a1cb889d532a5f1b4a97d62a5588a3a68f9d4e2,1
664ef0b9f1c75bada3187e2e348820870545dda0,0
11df5338c007f1d7354fc744b694325a4d1d291a,1
b92e62d468702c28b6b53131c3eb67bcaf184eb0,0
59d1efbf9c40111f265870dc27d7e9975c40b2d7,0
7699f866449aedb7364734bbbedc289aafe3abd5,0
87a6edc6422c488af04d5f9177f46897fe71b824,1
f1e2300a12b2cb35888c7c6aa3402e4e80d2e135,0
14eb2150e6e6f0fe90f82bae4507907f292e28bd,0
404bb0953b42bf336e656df9e8d70d3f7f3e1b94,0
09dc878fcf15d628d745277b06345a1d57d88043,0
63e62503d79e73c9f90d33704468127e61b2d633,0
60bec3a565f4acb1e2eb0c4b59c43219015db9de,1
0db6bc7cb964213628143a9f8693405f289564cc,0
7e43e08b488dba18a57daf7a048de1f3792125ae,1
8a0880baba46c7d8c50257a276d12d7d51bce83a,0
10f4e2355713abae5573a1010b2a7f74ebd82fe3,0
74b4932839f27e6ae07145b6f792f986716ae047,1
845d2b34131f8b4e6b1d5f5dfe54fc13fcd04b01,1
95596027fc0cea4da7eeeffe9d8b213e7963c008,1
c88dab0ea23458028408772ba2967394f033ffc8,1
a6a9901d038a083722b70250e2dc3941018f4d14,1
a089c99ac9d20a820650e22e39bdd25cbf374c4a,0
cab285c0e499e02a794c7e3cab39a5627a832d30,0
d269e271fdc0a5bd3adcaaf6f329b6774f84e45a,0
ae3a1db2284d835969d8a1759f2747f4f47f0e1d,1
de3dd9072f642b4f26abe70d76f7458afddbfc7f,0
6021c4434d5ed6bf2ae17d2bf80d6a23b13f0929,1
74541149e8b582d04d298b25f5ea5ffb60acc82e,0
36dc3153928668dff94b1693c7a1b1ab32189f97,0
5c87aa8eadf35816f075e8430d188ffe62f28094,1
72ece6a9b2412787f77801dfae80727dccd7c40d,0
5c5211bef3ebccc71ac290bc7928cc98d28aa8a0,0
53cc9c3f07f1a2fa1695f9b9b5e97145a02b06c3,0
f74462ce643b1cc49d91c54d60e32a855ea1bda3,0
f221d941bfd0ad752644e0af87543948a9f98b50,1
d55c21a718ec8a67226f4e9b69a9ddd2423842f0,0
e5aeda6608c355abc7c60f7ffe8bd724043e782b,0
545b7fccd72c476f02f489525c4ffa3ff0ebef75,1
a55009ce4d47e73e5c355fa8cd1301e5d33ade39,0
a95b9dc389961d962e642cb3cfa7bbc26fe87ff7,1
7338932efc3524c703c38f7cf0f4d4c84eafbeb6,0
a1ebc06910729c93f5b2ea81e2761c3b5d062975,0
93349e1c29e63e5d8f564e6630fd059a5cb05916,1
863235ef0200ec4e1d551cc98f84a4a10491dd31,0
f9e8a563cedc8cabc85bfafc950a6057149d5508,0
7e36f6a7396e85049d8caf61479e5904c4716523,0
23852766ff4a296d613b27d1c69f10c8b3a2b131,0
91f8fbe83190b4cea12252e42f2d498c52c722a8,1
b9260f414b59ae6a438bda3ee010f876ea9dbf08,1
14b69f0c5aa43fc8bb71f04653825c955da3ed7e,0
38f16b5e3c87e20c425205d94a9b3cc03e360223,0
922df366b1ca6b7ea510064e36bfd3110fa33cc7,0
07b9e4e6200980c39f23a056dbd945480e567cbe,0
30741f6fe3bad361b94a838318657c187ebe619d,0
40b26a51d5391253599d74d64be605240ab22a2e,1
d805faa821529359b5273157eeefbf67a32cc096,1
8860f7cc2ef393d8c015e5524c13fa61644348da,0
57c36b635fde0a65a2dc12e47ea2bec2f95d4d10,0
cd06201e30f3e006b713383ea30f0942091b1514,0
e4e251f1848818e05c14d9dc22ce2e70db736351,1
25781d1ffc78ac0b6a1ee8287431aa1f1b81c17b,0
df5914da79d2c1c8c88cbc60e1bd4c8c47f67861,1
d17c4f6e8291761a59e9f4ab026f38065d5a3798,0
8627f1f7d21e1402818365925cdf96058860dfe8,0
56909389d9a0f1e8cf82d8e5d3fe5ff2f2996d1c,1
a020c12ded2705cb5caa17026f9b6bc96a7e470e,1
7afcfc3402f30cf42b06cc7e28265a6a94f72cc8,0
97d4e8b34b8de982b6e4f38b566745252be53179,1
3479873d81c99c3c7a875399b4ac5b1715c2278b,0
4c606605fbaa837494469ad6cf6f31989faa23de,0
7096433dca35e0b543eda9e14b41381d7008b798,0
27dcae6af82afedeace8f46703fec2b211cf2275,0
9f748e1ed2c0ac1b51ee7bc9df741b1ae1355597,1
ab790973ec427b59080212f3c2121d2b1583a9ee,1
4d6d94d455e4c72973bd30eb19043e91b31270b4,0
83e73b5669dc73982268722e9996ae21bb46ae43,1
ed2809706c3bc4122324d25a1220aeb9b20fb5a4,0
84c10561c312d31ce29c5a2b4d8241198afe3439,1
f88430c44943017520b93b0b7d9a6c14ca36a07f,0
458aa9e2745ee9dabc692adad16a64cd3116fa6e,1
fbc1449f01a3c4e1a157eb58980735527962e1fd,0
05cd294f07fa7da9df0d3b516d8ea6ae0ed0331f,0
030d520a7310216843b6e5ea421982a7b3b333e2,1
8d6f4722e47528348512a8724b6930806e3b6284,1
7488231d09e924d16cff0ed2afa786447ce90966,0
7887735562407e036ec3818e1aafa19908cb19b8,0
2e719225eac57dc6dfecb9bbdd32835279bbb017,1
1bf256a6653835864d4a4b62c2fc55e392b8718d,0
99fadf05c993fc1fd47c0217ed1dcdb955417937,0
952f8e84f92b1229d303a454431f8a64f98ee5dc,1
d5e22bf6be37cd4619a26a69bcc28b3ec801f5b5,0
2d0f1331b45906312ba1642b020d5b82de4d8b3c,0
a983e5af73563d6f14f6edba08566bc263325954,1
720d3350a02c3eb5bbcadd081b48ccc5e04d9e5e,0
dc1aa41fd1ae1100e8a5e963c423cc18877bc69c,0
63190adbbc40e703eb11ba95e92219dd8514e8f0,0
b0759b66afb6701aeec05cbc2a6e7417d427d99e,0
da7bfd2456a10ec43f64c69f8aa0b19f69da7b10,1
f4cc108405b5f8ac9c612532b3d7a39042e40a6e,0
cf7b80505e0430c1c4e6bc766fd45820e2e1841d,1
89eed3dde44c4dd0d2626d9df4c6715422aa4e45,0
2309ec6e7005e3558bfbba757620a72472d0edd0,1
d162981ca753c61522336c0a178326bfd6a4654b,0
f9043bf0059da5a53204e081d908b22c020e155d,1
45acb067cd7f09201a9980293a6fce04a1456d1b,1
85d603ddbfb9cd13ef0bbe3c064b3e9b97d504da,1
686c42489dc71f2d87cb93eaf096fe40050de861,0
3ff8019cc0e6134e70d12f955866c1703a25baed,1
fb1d0d2c67e5cf62204a579cd04cf57644408d00,0
507d12e7edd4a395fb1b9c472e05fef66ede0637,0
f7ff9bde4780d82eff180535709875bbdcf06d83,0
408150eed0511ba4ec121db57d41470b9afe32c4,0
f4d4f055ea40a7809137360d4e4627b282c69b8c,1
bbb7e41c745a0e779db856c1ccae5a43cc228d0a,1
2bf8268079ef76a4151ae7892788980b2bfdc996,1
337da8c12550b1a0bd5061c5038b04404314b3ec,0
e6ad2cf23a35c1f37e9b2e8cef9d43d331a8f1a5,0
c777ec0564701309a9659b4ab85ee2fcaaa8a738,0
d24a97107947603db0a14026522f010192f6788a,0
d6a43e6f72bba50e5bc57adbfc548724ca2ee95b,0
e09310c800ff63ac4ec107be8797b6ce4244aedd,0
71170c79c52aae16a0423740e30458ac01c23849,1
bfa50a94cd0a03f1423b933a6091bd298d1e12bc,0
27beffa26ceb5da68bb63eabaf2991e1c1be4e13,0
e932916fe97c2451de60e12ae8bc9a64bf93626f,0
2759e15f30d2af14d27bae5035f1d0b42aeee394,1
aa6fb3448b26669fdbd510291f5001fc51e07344,0
0047b23c69901be0b63f2c7b8b993e1718a3c802,0
7f990e0be1acaccb8d671d04eeca0b211f26495b,1
0a25d747c3f65e5e72bfda5fd567da3a068ef4c7,0
16d3d20bb0f5b1e895154725777c8277b7ec0987,1
5a4e48abd0d566e31fd5730cbffab94612f9be38,0
34e70f4a9cf62ab0d3ae527354783518cadfcdfc,0
d10a86cbc288831951e2a2df2b3b3b28e1c0586d,0
45f5dac021b7a97eaccd137829c1f67e67793570,1
6c5e8ba87cdda514c10fc52f9d81f211fc7ea72c,0
0791bcc534f935e229a22477136ec3734ad8ff10,1
ce2bc82cdcdbe2fe209ed1f567dc8e13aec738fc,1
23c39d29805b92e1b0f9e0f72f59147faf55feaf,1
85499863e2de1af5a744dd6d22256b82abcf5cff,1
d09b494a900283ed6ec41490126e2a326c801362,0
01f75bad29795a44950da74cd4bed00f1603f75e,0
6f9799118db5591887cb504dc6d67d03cf202761,0
ca82bde5679fa4991ff0fda5408d3f0df188db8c,1
899b726202fd3be221e319e4061044efe5786ec9,1
dbe8fff73c79473c1155ac8618bb111141112e24,1
cdc90d6758d39adb27d4dc28f1ed864de506e9f0,1
a12a8d5af15866b37b14a56b91ed967e82526be1,1
4672310a3f340d3c5952edb826a36c8c44b4f4ff,0
5297dcdf1735b872359c54bd1f3c3304af014d63,0
bd56e60865a1574cb4005a4c3bc9f26cb294cdef,1
f411ee7494a3a6218e63a8b9c31363c67d891d69,0
df54d82c0427869a590a5beda76ebec909ce33a9,1
cc645eed2875548cede915f8d7f8f14ad8947199,1
6ff44cd01ac2cc30147dcd7fd873d5d7f2ac3e85,0
5789886f8d342929ca98cddc9de295e0e75173e7,1
f071ec1cfd35340cec2a4ab902106cce96ca45c4,0
c429401224ab307520a5234d50e6c5e8d0b84d9b,1
c8696efbade5e0f19c7f7841a7b7aceda7e086d0,0
e814fecc0158888d9ae0c15c81f596d55a351662,0
19c7fb7e6d7f1ec391ed253eb2f15c6d0a7e65bf,0
a9cbfc5c6a42b08725348ae19c5b165b52ea50b3,0
7f19fc31fcc4eb25a0025bfb309be220b10469c3,0
c13973fb0e70be6df84ba0c52f9f7b88b5e7c56f,1
0226602d8d29a972d1dd86e424d285da97df9844,1
df28538a53b33b942068a45da0fcd8d073af45f9,1
cd080dd2ef252a75a089f8ee5d3dce12d5d1cb3e,0
3a723d2c243d3a55dfaca81320a258946d968a5a,0
2632c91375ee2b24052dea1d9d01ccd0810ad648,1
135a3e4c6a019ecdceb2cd1a647a9c22a017faef,1
20796b3bc6daff27008f44d80f635e172e7b0b1f,0
7194091009348ba14d2384e2a83ce84b0f64b149,1
24367498c52053a3a9fb40d9c905799329bd40bb,1
6fbc411fd2b0521fa5a9c61d7e6c86bd55242721,0
c72254e23f1cf12413159c1ff42f9b56ef69b675,1
3ad33d76e1a0454612dc00c9df0ae331cc9db451,1
788e8ea53b00a40971358d682bc61e3df0909549,0
2b514714165e6f8ef3c49a50dadf6039568d8f10,0
ce3ecbf7ca9653a2da394a442609e26980212956,0
fb4b5546135ccd01b0634342a12f9c4b9ae82906,1
c31e181839deaf39b2661fe3b432199eb7708d5e,0
402a5ef4dd94d49eb56cf0552128ce344043118c,0
73318f9e5b5915b71885bd7a2e6e7ca7759dfbde,1
4fce4cfadbffde620ea080a4f0a675584d10e36b,0
bc676c5b3135dbbd6dabd27d9b727824d890b151,1
6ede2dc550b1f4849a8f763e5dda45a54f95199e,1
1ef07bc371555c8367198e918cd98740800aad59,1
0b75bc8ca155a66972f16e1455a0c20422143df8,0
d2a7a2f37208e7bc49edd6d5f0a782cdabda4e8f,0
beb30ce734fba87876e7136ad514c8604d077e2d,0
457224d14dd0d3486db8cc9d3af66fd1229fa992,1
e7aa6a75c7d98c1068196e6ff956b3834eb05071,1
c5a79eb609d1f7780b571885a004522be97db1e5,1
f8ae6a7054b015e580415c956475348435f2f854,0
52c86873f272d96f1b5f2dfeefa47fa616c61b81,0
9aaabec39f2bf1c018c87c970f6a621f830f66b5,1
ced79503453abf84d0e7b72a19d899835c28170a,1
9385ea872af3b1a187ff463ecdb4fcd924e2ba90,1
82739713d12d66792d540ff6d952a7a64cfc0cfa,1
90482c3c586ed1959006ee81fada6986de0d8357,0
19cea71d07d53cad1f5ae0612d126dfd8d2fe197,1
12466d39be44ff8bc240e98a48028f9a4e74c4b4,0
ca3ccadd5be6e5000d85a9168ed76a17bd7cea29,1
83b9cfd3deb148e77194874e978d9d1322a17fd4,1
b80da783ebeb8e6b01eca5152c3e14ed7cfb9dc9,1
a881464beaac709b7e0daa35f9d46825184a4236,0
6a15748a907b6698433982a38eda5e8b5152174a,0
b6cea5ae915594f5082d2744a971ac79551f462d,1
04ad04d508897ac4a7b65a8e44b3766b81760a43,0
05a2bf952d51865bf615420e9cb1a9ee6ad15e04,1
1903725f2748eba1669a4039e2f468249f68529e,0
be4f10219f1b041506ed759233cac098c91e0bf3,0
73384b98c4f4d9d2673e48a30e66be926a5513b3,0
434551993aac1121f934787f78903ffda2f72bf3,0
9265588f0a6e163575ca86fd1ff3d29ae39b7b71,1
73c4f1de96e89ec9083c76e679b4e4ddd70544b6,1
dba85154e6cd52597a9ce2d3d1dd11e10e0f2dbc,1
6d2a71b94015ba5bf165fc8c3f365338e4b27fda,0
bbe64ffafd158439e2e07b4c93cfcc8b4a0f9515,0
383c1ada59fe5abbd4f03a87982a21b044979b4c,0
be29236bff30c8b2ea9fcd445293c31fd95dd106,0
32debba77db0bd081d4dcaac3c087c7fb8412f43,0
778d180458fd79cc9f9a5ca81d683001c72c0b11,0
0cc72ebd361b5ab804119c91686a6c0aaadafd16,0
04cebbed987ac7b2b1d712065b200168f6f3a539,1
ed60928a2ba76f367022be6ab2462544d5efb324,0
0091e87c3ddfa187622a64a29ec36848614438fc,0
61d83b51789091363415e86a19760d8e56931b59,1
598fb4ddde029efebe48ad8724bdcd8031d123c6,1
17a509385292489d3f70718786a8526e20729455,0
0efab50321feca8470cc7c5a6bcef0188081e78e,0
e9ab6e936d6e30ebd29a7e3ca1059e29857e2b9e,0
be345a76e3969f51a8e6466ed47a2115b4f9a4fc,0
5ac9d612940de4a4aef8a45f667ebe5f08d4f440,0
80909ef5cd50d331258b437c5480057e81ac5808,0
664b198932f3b2b4efe9e106ad4887463715ceb9,0
946d26dc030e6d850fe2ce53d9307026167243eb,1
f63a65f390daa61ee230f9f7fb21cf3cd3ed7483,1
8f804089d5652cd4e24bedbee6197848e5ed9225,0
1e9b5713014107390c53282e615478a5d0f2aa10,0
5068de087ff6f8e3fa58f225004c1fdf28b3fead,0
def8a1273f7527572e68e7fb5721ca7d1d00147e,1
198679288909374e58d327d4fc7d152c70ef278b,1
c373f60dd8777bf929c0ce434a98cac77294c571,1
917e7b201b75154065b6c6a1d2a8980abc45d228,0
fdecb4c07fd4475fc1905b84728f23359fdf1e90,0
489956b70f1befb81821d925bf2cbb39fa5055a2,0
ce231d8526962d71f34ced8587118314da6d4560,1
d369fea759e0e8d8501fdb4829a4cba7c729a2ae,1
4cc4e92ec090b629233304152c4247cbb471fbe8,0
108fefa310a9a74ae92a017b0335eaebc255fbbf,0
093c9c259a2b695d70a7c11f245ae13fc0dd88b1,0
a8d13a38bb3af6729b07133377052ad74c501a72,0
db5db48b9fc612a0bc1ce90a92c5a83dfd28b310,1
e2e5ddf9c3d623d36a123ea9022299e2fa519af8,0
5120d2e82d91a0d7e1ad47424ac08e6a345cc614,0
8582657938665fe8c9d4dfe664dd0e8e85ed584b,0
d2a98606e33d3d7ed1899831491f902ff3be45cf,0
616babedcc84ce08297e4e459d16ee50535115e8,0
c61e36bd1d5f05d73896d3794e3fd5ff74fe0a41,0
e40778647030bf30f29b2b557013235cd01900af,1
b0704d16d9ce7e08ade8b471036a1aa3bdea462c,0
90b16da2f25148d0068a69c2beaffe4f3bb163b3,1
988dc30bf2ffe0d08b862333f5a7de8621ebabcd,0
85159175cd082a4773aecdf078141e9b0d6aa56c,0
e89ccb39d87f99d66f10ba57ad0911dff5e83128,1
522e64115588ec178d7656faef99a358b6069594,0
ec2ffe13d2a7cfd57f85a2d1e31e8c223516b3a1,1
ec4c3bed2df6293ec0b30a3019ebb2d401d2a50e,1
f6366f772c75702e696325d0c9054922c3120987,0
c20b7fdd42aba15e5647c28a57c771080431c70b,1
f6ac232d56b94cc0acdc1b392103505fb084a63b,1
667900470a7f342c31e263d7fc2ccf733f7e916e,1
10bfcd5d67c70ae51e1d663b725d5f9540343fcd,0
bc5f5628deef19e915ddcb3056f8eb2972cd3f1d,1
ed5f0cf208d57bfcd18f6289198484d4a62ce86b,1
c485d7bd4f86ad59813136fcd06f2b02d88d4e26,0
ce02680ab4404b3d7f41f61d03da8bc3ed8f4276,1
4a36ace1bcd2855c23bd1d863f70f37ede2c5d37,0
ee782bf5472961125f4695200a94f480566ca408,1
38f6ab48d18d4331c014d50f2e901a4ab292c83e,1
437c9a8699d57cc671c6c5cede2de8b4ff7e9626,0
b61de6099c23c2ebf74610d608f692b6c01bfdea,1
9cadf7c06db0e2776b2255607be8665108d395bc,1
2273b43dc57cc7171cdb3400d13567da6feb7c69,1
f9cf53b069261e13a424d25faf63eca1110c72ae,0
cba55caa811761df79578ec4715bab4f664d1add,0
22210620c22f1e9099028b2c18635350f6a49f1b,1
272bcfbbd6aedd5c7a9b1a44e467ca9f61dcb756,0
84546134c0c91931a8a6221256123ba14249fd04,1
193f1b3fbb17e3c1efaad56aff69d08c95eb4e5f,0
fa24a664978e9ad26caa94db00d4ae054b8596b4,0
9f7deed7930c93461755b32fc35f60f72ccebd5f,0
8c50f2165120347d1c45ffd75b6e21bd44df8d70,0
89ef7f723b8bf609f2a8056ceb424f61fc5bc2d7,0
13f3889c8d73eced22b48e8d1abc237b62f0958b,1
77e2c098e2a13f527687888bd03555d1333ca422,0
f5592831da5e3ba190d802227a98bb1b97c48d4f,0
38b3e2f58be82699cf2bdf2bf5ef41de74a7d123,0
2bfd7452a9adfc3e293e880bdcc7080f0fe120d4,0
0b464ef1a0aa31de8c13dbcb68e0a9ee06d307f4,1
2da63db37c62168acd8b9f972063df74aa53d9ba,0
6961d0f4f84ab732c95dee28ac2072c6ef93c9f0,1
847df51bdf978a3e1d5576be9a88c66a2ccb6e55,0
565d8690222ba9053c274dfcdbb69653d6a6a807,0
8c7373cb2579718cdef04cabc32e62976736ab2d,1
f03088996a4cb4964d634ac96cf68ae965324da6,0
4adc50a07db6dc196ac8986f97266b8a9d0be8e5,0
464013077ad78428077c069af54f6706039c635e,1
b41a3c932d6d22fd2e8ecacfc5b9fbd419eac831,0
906e2503e79fd50c76d8402408acce00d94d321a,1
baee97ca3c31c0163389c89b1b7331061fb826db,1
d0ffc9fb93f3cb0f673e6c383c3237dd9ba37b96,0
2891710376d6850ea6e1a75a231178a2f511efdb,0
d037392e0c8bd0920233dfa86dca649a8224ec94,1
437f94940c6ae6c38f8133b55c7542774783691c,0
f592003b110b3753572f217bb479d6b848f9a697,1
ac76e649eedafafdee8996e896de6f98ed00feb7,0
b31e94c4a8bb0092cfa6185289ba0c7b85236b65,0
f5e4fbf62462dbb181dbf41d7c54285b8c9541d8,1
f6b635fdfb364cd8f5e8236bc8a0e6dff3674880,0
f8718b96d395fd8c1beb4d9494062fffb6008790,0
6740584e41f874206c74b3638ab36c8d6dcd57d1,0
2e9748746251ffbd28837b924c6f8221ffc73ddd,1
7ddee71bf78f2818940a682d84d9a5d44015bcba,1
57b2ae971c647e0c3ed3f4794b23b0052e399770,1
13a29fd7a9216220a767079e36042a972a48e974,0
fd5368a4c15c683e780022592f99efa0b4ed0131,1
097a7fa06acb474c5974bd5bf6c7e627360fc679,1
1bb4f8aca32577fd6bbf81ba5963738a8d69447a,0
1eccd4bd592f323fbbc9c4f28545a7e279604059,1
361b4c86edba7a3cea3846a8b7dee1200d2687a9,0
588a2627e6794d547ef4a08e0a18ee1a9f82ace3,1
b9c0c5f5a330b6466757b4bdecb9687cd10575b9,0
ece5c6d6a00e113a235c402d472cad87501f30be,0
f9a8810171c2773a11e5934a79001fb56750e9fd,1
7f881f4cbff70310bab8bbf1061061a61841d389,0
2f87a2fcbb224a0a2ed3bfa664f379e73d31be99,1
554cf3703ed64e68eee72baf99231f70642126a8,0
8075bffbf03ab6f702dfc23b23e770b9e7bc30ee,1
b18809281192bfb2af9b31202eb3f6be117ae4c7,0
c74ccf185604534a77a968039b6a78f86b7077d2,1
e835ad6902d6ffef110b2016646f22567b32a830,0
2320697dcc47dfbe810c56e920b3cd17f8d8a8bc,1
54d2114c4e8b5a5ca6ca60007fee029ced775def,0
a2562af0e8c86a2a66d728ec6333a05538e96a85,1
215ee0b9a3b1d5a72e49e3a91767bde58b18856e,1
9485ae1d96d1b45e2e61339be94060b8dbfd5626,1
7778da84705e4763c7007d82950f19b5ed374ef1,1
bf942669e003020f34de24cd2115854633eb02bc,1
b08dda6818408d4385ec15b74c075479cfa982e1,0
fbe193bd2e0cbf7d667321ab012e9f1078b232f1,0
eef274805b8d93fd3bf97ebe1f8a809938cb300a,0
f9dce5c6f67aeca3e9511c5ed2e30f2f034384f9,1
30dc0d048767f7ed1491d5bc7ced36ea578bb920,1
d5bc792730c08213322995e87cf7f7d9a6906948,1
4dfb4df5d97021b2da03b7456cbb0d9b1c734962,0
77d7481f36c040cdae1e68b0b814a17ea4ffaa2f,0
29732e95193c6bce75f2c59b27fb65b4975e3c13,1
06372b41e04a5d4bff9b2c3d2daacf71f324259d,1
f70bd0c790d68cac36e413bf1585f0a77fd31317,1
2e8ccf92dabdf2403e1c30f6a5d32f9522bf26f8,0
a26735420482f5ec294b84a58834af3dff4627bf,0
1a6dc6dbb533b5e5fc14d7845a01e06cacd07687,1
05c6ba5d9099819e8f9e6bc3d65f36392b26ea0d,0
f89fd2a0bd6d359a9b21eb6bff969e9f77bfb4a9,0
dca42acaff5f2b16d3532fae59ce03fb98de1c1c,0
8a27c56a2e7230a2218ecea09920e5900e49b559,0
ed14be85c478bde9a9087608ff6a094473d89eed,0
6f71ce3c19c8095dd43ef4818cba00c26d282fd8,1
fc757df1a01d4480b8d43d72a46b8277d566c4b0,0
64fdb0aaa5c51d487ed44db47dc8fcbe0ede8451,1
251448b953136aa23756713eae98b995b7eafaad,1
b1730192a8c787dc1035ce3d4b868c540b35b62e,1
ea3e5a5df6c64d8683be6cd606bdd935eaf64873,1
7d037df3c2a17e9cdbb9964ff79376b26fdccc62,1
4fe28140124a650626e033881e938a69421e20dd,0
2a74dee54cd2e19192374132aabb6c9158a1f1d0,0
7811a4fdc5cf36c4ec6de03e08170de465b6125d,0
e4eea36d1131b9314dcf302391f8f060abf65ea8,0
bc120db6197338e8f516db43e74ad3dfeb8e11a1,1
ea010b0751ec56af139cc91b616d3da9ca83f925,0
3e165a5a241cefdb8ec6edea460e6175178e0cf1,0
6d8aec55a6391222dce8eece44cda5fd6f10634e,1
502186762f6656aadb5dc36fe146b8289de89d3b,1
504441348082ca2ef8009a7fc373ac9807e5b692,1
1125db89019722aacbf3e25c8a994e4e5cad9975,0
ac425b98aca92aa211384e50d58cbfee1d5e9578,1
b4680b87178250d6cafb9f94c7d61989b9310e4f,0
c4136a75c923e9c25f2502729281bb1421e11365,1
b6fe2554fa27ad5cc950776e762047e2c891c6fb,1
8ad330e56bb2c36981b530c32acea2cf4ace2ebe,1
2aa8bcd770c87118eb4fc355d4e2a44c62032575,1
6564f8085143fd637a29d9c5342ea80b09db8212,0
2381d4af2877b2bff71cd03fba71920771ff7313,1
f1a91af529e1beab4223e288ed09bf29ed343a6a,0
c14f972cfd411157a19e28007c83804b3fec403a,1
6aab6fe6ca17e2ee96665855bbec711c81ab6c55,1
3cabb7e2ccc6d6d95bcdddeb174782f11e6eabd1,0
519508a4d39ac0befb40e6c20f264dfcc8dd407b,1
768f273ce94ab1bc9abe8b2e463fa4f1b70534e2,1
d56f14c817f4e006ab59d78b4f567059af0ed223,0
ea0d013517f950d55caf0187474536f232441ccc,0
6964590c0a52a3220ddf0c0c28074fa8554d8fd1,1
533f727fdbcd80209718d559f8c9d4eee32d9970,0
169693c04a7479e666dc47e48de9eb8800079a94,0
e05ec090bdebda538d30fa245c5e3674759e1db3,1
8fd7ee0f5eb1969d2eaf08ce65760a55424d1d87,1
04b97be3fd53c815af1dc9069ccab1af49b2d89a,0
e98d5ab3ca6fbd17370305e616f814162174a4b4,0
4fdea5a3bbcbaad228933f0b329424094b05e14a,1
dab742d3ab27ae1d264530ef605bdf93e10d9441,1
e7c3dbb4d366e2f78732d6778f143a7f197a85f7,1
491d7d3c4963be4b28df559ab6233192e10e02a7,1
e67a2503909ad07e992f46d5b24c1c85049513e8,1
1b4a255f5b38df41712a7bab96662e514aafac7f,0
7598927e0d335414501b010a61b23af67ab87a82,0
0f1c020f652998f8fc7f8c1ffcf44bdf08cb633d,1
a1b104cd98384c0c5db23631f0c9e63b4b432abf,0
8c87d76413e81e9673898159ce5973135a1009c4,1
b9bc37fbeeaebde63c72557588b916f75a659571,0
bb868797077f065aec4560eba3125c8569125d09,0
660a9fd03b03a982a54b790498c38b240d36e0fa,0
d38a9bd53ce2f80030c8d147f2616db3026164dd,1
765394ea032f0bd2c71ff9ddaf74b591f77aed08,1
6198c084597feee828536a3a9be6f3d68f3cbb43,0
24eb34dfaa9a8f021430e1077f92f4d3c5c840a4,1
4b1d3b32e88046512ab6ad9cf6f156b8e2248cc1,0
a910945d62ff7a450f0b54647aff9e8b6be55122,0
0243fe8a6bab75453bedd862f67a6a1bade3d996,1
6d451efc2555e2cf43f9ab122119eccaa2ee0550,1
de7925ea66f155c736ccae3f1a2cd958772dddc2,0
2ea71cf60c6fd979a05dedc0bb8f7346a9fc4c29,0
a2427e55a1be45a2c5d18beac49ff4885f87bc2c,0
a0537207cb6f1d8bab515032f786dbae67fff848,0
e36c588d389d1969cd9e311ae244650542810dc4,1
fa9cc1482ef2060ee8cfb613214f00eee5cd0f27,1
c47a5335e24e475307b2188b0448e46cccedf6b5,1
e4a51483bdf2c96107888261720c137bb77a52f8,0
700ca7d057dfcb0593eeeb46314e70edf8201228,1
4c0692ea03fa0ea606c0002390e059370cf16f47,0
ad59693a8876de59ef09594a01235d65d0abdfd8,1
8921511681eaead91bb34d8312451cd1d6581586,1
8be6b30dee900049c70aa343eeda394884783cfe,1
3356d4293fa801304ad80d987549df4eb42a310b,0
139f9f4aa3e80d74f7bd3f966b2a32693b8156cc,0
4e6badb367250e4dc2ed6f54ecb8f124ceee1b22,0
80e5b3991108b084626ccee1934592ec272e88ec,0
8287b3ddb087fadf05acaaa0ce424c0b067d13a9,0
d2bcd65416e004cfd9aa41374650d8d7e2c422c6,0
52a4c8ff71c0b664aa8ed6571ff5c5d3f257fb5c,1
c456d9fda91210f7decdd2887fd9f19b5f97afda,1
003e5751df30f820b153e6c1f1399ebadcaa2795,1
0a45f6a522ee4996f968ba0c5f0537443fd8a3ee,0
0db50cbec187fcfde5c08630993329338ff5e61d,1
e757063a62d327a373dc875dc4ffbf2358db52c0,1
c7b8dc9b49e40942aa5bc0140d6df38ae8721775,0
3eeb912a555bfab451956a32535de91d2332e02d,0
e899dae9460dad7b2632766af722a0a274a6d6be,0
a027d4e29e6b124f4cb0bf8bcfa44d9feb37aaf3,1
bbe7c2427dea783b65857588fc92478359c9c700,0
b8b084e37e5b6593975585fa8380f9c3a2b0dc7d,0
23843d9a5f4e4df4bde50612dfa74c1b328211f2,0
5ce74eb93f2dc2fe02753e7731a591cad363a105,0
2db83cd22563b71f42583ae88396ec4df72dae3d,0
3fec9776d37b4474db00b48165f8c3709460809b,1
04ceb51c088651a5c634c5e619b0707a8720d251,0
99c8fa2a535832a6e76c1fb7947f9ca855062c27,0
53b7cc55d6e769efcb2a040f8542b27d0c4071a5,1
a213eef9b7b69a411fbc09d1d7d673d5cc746d4d,1
b4ea9ea93807420dbf77fb9e2b2280a3ca655513,0
20463f5603af8889829f706e71f9fe763c5e17fd,0
ccf02a95a7635e8d22876f0f862a8574d210cbcb,1
3ebdc65ca994c14256a7f3fc2abc1138f6054d1e,1
3986839e89f5440bdeb55b9789fb98eacd8fc3cf,1
b0b02c6430bd39b165bbe9309f795de1a05dee9a,1
6380a9ac40f110fee56916beed6e134d9597f8e1,0
96d52eb52c89d9ba7fa68ee11e1593437c5a88b6,1
9192a14cd71db00f1c1a24dbc2ff56ad36acea13,1
b434aabead51af209a7ee72648a794b82845a77f,0
c61ae58f72fa8c5b0c7e66cf8a26e08b417add44,0
7580fbf465efa161f56b6cdcc50f977ac19ea493,1
3a19c535c6e6f359f7439c5ddc7245d1cc576f3e,0
3b7fd46f49b2d26206bc0b0de40268e2c136caf5,0
c2085398fa1178138e81830f5f3499dc55f93c40,0
a56516dc5dd70f380ced4b83dbb63fadc5f1c76c,1
890360c70ecc9763ffa248cbe8ad39b65efec676,0
c64be2baaf4ace659b8135463851d64dea5cc37c,0
a1ef710c66fe19c02e0f149a452fdd554d14ddf3,0
71c60187f3f720215002e9e0797428facf769421,1
00c5885e14c2ab9f2cf9750672834d92fa3b0090,1
7c2bf5fe01740c9927a8a7e2c375b890fabe9984,0
9564e42790b43919ff271fea08289594ff1f5beb,0
67a11fa4f977e49f5b3f8de1d509a1781fb548bf,1
002dedbe3098aa1fff39525c003590354a0ea6c9,0
08a9fc921d58be8a37b7d1c1fa57597eda6693c9,0
a40876bb2099b2d11bf0f292be3718b855fd72e0,1
87eeb48d134f8c20aadb7d163fb7babafa94ef8e,0
50ad744136765646afdd9f2598677fd442f9faf2,0
df57eb371498ed7ee2021832df2e73547498a2b3,0
80542a8075378cc8f666f395ece3c29ac24b471c,0
012e8cc3564340b1ed5137c9d34433f698072f88,0
db2f411e72f9610c4f68ae03866294bd1e94e27c,1
bfd234410026a41f4b32b880fc62c2a7c2857221,1
0e29cff723adfe1acd73ba7ef091670a388e967a,1
17f98248b446ae1901697d67e455dcc5bb0456ce,0
3456c6646d5d2e4671171490f842f38b645511aa,0
7c0abcf65cb880dbf4942e89048edaa40173978e,1
96e69ba381dd798d954ddc5c55905b4af4c882a9,0
0c2d529252939f35f075ee0c789757450358466d,0
2262a63a19a9315e191f19cb99a7c3fed20d9e9b,0
4734ab2eac59ac98e5bae6d6ba684d5df5e2b8cc,1
c50b06433f0ff5264315bb24ab2feed4f971310a,0
ccfeb2e2ed1e833a2bd3a138075c319168b9e815,1
8386b718b856d97a2ef6723772d38bdf66e7222e,0
45044d79b63c17c648cf8c247fd049ce8e209e44,1
ccbdf313e95d9cd823f75cdc8cf0fc46b04b15bf,1
47491b416bd24add5cb3e93ad95a1c0e3f400cbc,0
388365d956a550e4a5f3c5886de338d225e7ea0a,0
bc926a06174f28f5b4302e931071c8577974f131,0
66a8792baa9f9f401d19350927f2abb0a97a81a6,0
45b1fb240f73642053242a26e22c4378975197b3,1
c402ba15d0b6c856c8f47b4612c13b668e23ed14,1
7e9b3339d71854eeba015d530a971eec1f312d56,0
2bc9f845cf5781c028db27058450ee76efa1b1bd,0
d7c982ead37f2e03738b64cb6b1a9ab10e380ebb,0
42694e618bdbe48d68cbdf95f06f5fb73c06147a,0
fe6a68b22913e2201dbaba4a6ef3266341734790,0
48c0c4eb6b82e8990dd139e773078eb9a472cbc2,1
86c61c2ee9aefe6a0efc3d600bbeb177aa603003,1
3e6858ab87a6587968f73b91426cc2dd6432afd6,1
cb17831146a1ce58ea9ad5948d962ec97db15a42,1
bb2dd1885707dce8890b353e2ad746ab5568606a,0
16a6f3f4015616c401dad3f1e21f43b4c4859eed,1
ef4d3631288268bafe0a89ffb0fcd7079e8d4339,0
fb170e499d2c99cb9e40572377949790b07fb51c,0
1c5dfc3a483d13b6a69d80683bcd840451b71323,0
e45e2e34df1c32b27067323159fc63555ce536c3,1
9abae5983c2a655aa023213ae3ea52bdd835a9b4,0
8616a0da61b9098dac9e41608da932f6c8622030,1
65e68abf8068bd72497de83a4f2274485d92fd84,0
29b5bd6fc841bfd8572bc7c89496da664a2caf1d,0
4cb5cbab67c75b0a1d88ae1d670a431e2ca94151,0
fee8c3af0f3dc29cd4cb16809d8cbad0df4fbe23,1
deea89e44d69f25052afe090e4ef754db3bb5f02,1
f76c937cdf55672b26725a2f645d5ca59a3d69d5,0
97f0926e4a2a0e3c6cd9d7de4d88d02f155da8d2,0
1597b5d4cd9bb02ab35cd646e660071070d5f770,0
cdfb0e7f989958db4b7b43c2b57d7d377773a2ab,0
f63307e581cb8ed3fd17634765effd77bc13592f,0
5c5c862693bccc82b67013bcceed4a3188bddf01,1
f7f15a4de9d2d6ae12a3209e27710df16f8df42c,0
095ebf12a987a9f875e2457f61b46c4c7dcd7924,0
a5a6aef43a81fe7a5463206be87d20168a07138f,0
676dc60b7f3f9dfa8118348015933354faf23e90,0
82fd31387f29ed3d5a2af05ffc91fad9a7b45c2f,0
66c35520dabefef265b0091e596c7274cc55e4b6,1
437c8f57dea7c4e9bb17f231c571523e1f699ae5,1
db6d97a51d61959d6dd75f119280a84922a4df10,1
9400808698b37c70d6b5726b708876025401fd33,0
cc57b44eb29d90cb1545b4a78de034a4cb50b6d4,1
7adf62dd4099fbe319941eb1bc09f63122aef437,0
18629405cdaac97403b3c3b68ba3996772d11833,1
72bb5423a8f4acc4fd2b7e285e215bb1f8d93a2f,0
1e7b95ca40be0f6cdeac111f47ea9da9d1548901,0
51d356fefc40175a5b0bcf8f8b5134d0a3b12cfd,0
0f473025bd5fa1e00752c3236da107d34045f80a,0
682f19d7421bf036ecc1e925f3332244e7120cf8,1
069ac7ca99afb691f81a0043e2f50aeb95094754,1
c5e832e8cf519d6d79d7799b5444a89e0077ed07,0
339510b8edcf1aac50cb194a758f482ef42ce073,0
7f611500a42c330b0a703d0276b65e920c25947b,0
f324168bf31175fefdc51d3886036978af736fca,0
d679015fba41eefc6d5dceaf2a39297a567ae332,0
0ba4ade4c70d8f954653367466b719e864692244,0
ef00a8361c256c57cfd0c5061831279fa8b85aad,0
c8e271d5f5910f9dd799bc69bc2593883e3571c1,0
6083b7f29ee1094cdb852094234ad58cc4a7bc25,0
53d509d07da740ec3e356de9f08df81ccc7ab9fa,0
8b0848f12a7e0f31572e7c6a92d4c7d26328938f,1
311646621a6f957a9fa694eacd7ceb019b0f43d2,1
1ce022bd7064b413aafec381ca241cf391f0dbe9,1
90a7c6b8232ab87667d2220e91ce88d5c2bf83cb,0
34ac92aa4308e68ee059911c15010748fb59e495,1
589679371392fdda2c9f861ce1eedccc1ca23ff9,0
86ce5cf875b4f73def737df02e5f835f9b577cef,0
8504209fa9e6affb312aa53e6c2d69b5c6696113,0
762ae15a982422853f9cf70a3d71f0c07b564ce9,1
b63db050ae20b533c69a53f8a1022030c54867aa,0
73d7ccdae0132b44958e73d08c493b23ac68353b,0
193b38fe506579156f10f4089999f704d5136ae4,1
a40eeff166a55d1a16c08b2f2dc7dfac10590b41,0
05ccaf9cb1bdfdeeb7a4f70c1917b8c4466730ca,1
111591de299ff8eaa49b0118aea7db9369c49467,0
78c83b48b80d6b001c84d28f508f7f40b836b695,1
eb606b64e0be019632839f88ee2cb2bf44b472ba,0
3233f5c46b735511e886af6701a53510ca983761,0
3169764b2d884552028a729d5ddaa71cd1b6712c,1
9c4a892c1a8acc48776389bd12c43234bffcae04,0
b296e1c7facb84e18cb27ed4bc086122a19309fd,1
82f4989f3bd453516cf088aa2e04fb5d7c40e6ea,0
99e5a3b25070159130187cd488c13fb5041e581d,0
6babaa32e0b885bf272166897307d7f8467b8e0e,0
faad413f14bce1a7f6cf3bd20f4fb380b5e77942,0
f376a0072fe65e54b6e56fa02716075eca559c4d,0
30bb53dca1fb6bee1a0b7cb1a851bdef6ef07b82,0
c861bf706eac790058ba734117e9bdf9bf8d3325,1
2ad83efc06b4ce6f39f199775a6441fd47801bb7,0
bd4533ac4dfa26fad31e703b6deaa548efbf5918,0
59d222693db48a74dd3c63170368d7ab69d29171,1
a58f4e446dceafad047e2c37199b79d02745d15c,0
2bd30f8885c9f8d90830b4bc9bab148fbe77fc66,1
b0b1716507cd4aa6e32124551c1b444495031ca8,1
28333801e1230f02fd95b1743ac2a206afb2b199,1
0bb0a99cc6747dbb2566490708bdac0e4d696d96,0
66e7f8d094fb976c021e3a2d95ffdb4a82dbbeb9,1
7320c10e5feee5f6409b78649d407b6fa90d4680,0
0f78030f17bc5910e82f8687f6e96a19f1809743,1
8f1643aef7d9037e1da15f5b34b27cc61e70b10e,1
26ab558d2d45fb5bd8b0ffbfb4da10eb5fcebb9b,1
7700c364d9d5aa85ad9b3403bad3ed98cbbe14fe,1
2c5f3c6b1db6a84c8ffca94bfce642cac4843176,0
7517717ce7c10eb4cb088a10edaf0ca2576dc80a,1
a97e0ad11cc3344849dc35a0d015af17b672eb1d,0
d9f30f1fb86c5801c44ac5af00ab3179874e1099,0
047ddb7a9bd94280259fdcf60c88adbc18a297de,0
d9cd6be1689589b8d36e2bc5f738d4d5f30d62d2,1
517929c2491951cc88f5163bdcb74b47f1b6ea18,1
f66323b9bfd44237d2290743d17825695f8795f3,0
c29b61d70a0b3b02c8ddb1dcc149bf3aa192e249,0
3fd199a410f5202dbf7930394cd0a39f3877c43c,0
06b939fbf7c631ab0560758a452f40388d9477e2,1
978431e584449aecbe80dcf10f9df27ad4640bc3,1
d0934913e6015e39bb1ee31e06c490a7696e23a2,0
802144a9231bc67ff894e2684f64daeea0761ad2,1
09de68dab9b22e455c6b6bdb9b9e7c2a018f340e,0
813637a4ef52dc487d291488ceb9e19759fdd40d,1
dcb6a3f1517915bdf77e1bd14e59ad62713cb18a,0
a66c12df47562aa392dcbb6f5dd28c12e5a69f97,0
6caa2bed761851cfa55b47e9ed761f0d230c7591,0
a0176ce9f1fd017339afdaab9dc10e06c6908bd0,1
a58f0a8201d23f6cd41ebb79c6676a0b2cb6eb72,0
58cd92ecd8c63b44c619554fc931a9364fb834e4,1
c0d131a0af5273d8342d992756b23456d691c1b2,0
9754f9b707e1a35f1a51c3d0691fae7ce7e39047,1
6af14b17ea5d39fe2fd364e7d1acc6d5aacb5abc,1
514deb337e49c9ba0cc3d20f990b47799059c72c,0
1898aedb04a889972cef8308a1e33a13b85e61d5,0
72279f6bb9bee5e6fb9318c7420c7f98da1bdf1a,0
f32813ce6da8e48b04612672c98e3eaa44cbe65f,1
64dca4ab40b10165699b72a8d19a9d773535e6f4,1
2cea604e9e5b74d9941715df59498022bd1cdfc2,0
697c66622f1769911e59672fe8ee43503085ed07,1
d49c5020cbb13de4222523216543dcffd6ae803b,1
d1dcd9094f4b86ad2d24d99018a4ed19807f8f9f,1
108d84f72a29c2852d4ab76f118d4ecb411b6a79,0
4c7f4dc8e48b766b8ea5c0d906450c7fd3f45b29,0
d0882a47e3866898f2858f188ff4fc724cb8c246,0
820b49698e14a609f4cc14490135613851f2adea,0
082c4724c86a70ab5001227bd4ae3c5f7543df99,1
78fd5a4d17129f1c517e5cff88351b5cdeed3ef4,0
66f0b37c2469817f3212fef4490ce8048d1ab70b,0
59083fead47a3de7394048aa441861de09586bd6,0
e7b65165af079c5ed5fbe1908868bcab3d76a614,1
5ebafed50ff02da4b6363d2b6c96f7d81eb59122,1
3aa6d6c2dea64b91bf25f9a9e990d424b485744f,0
e46bcb267130d9958d073a574db1627d551ba057,1
f47c984819127d269e070dd8c38b0487ffeebb2c,0
2db69e16b5a71ed0ec43516cf3054f9cc46c03a0,0
97aecd8804e67fa54595b0f77cd714ca5d42363e,1
a9f10a859c7510dbfdf1475df3d8d9b88a2725cb,1
8077abfe54b398d634740effc126e9d093a74f2b,0
bc6706c10e6e933f24bf2c9cc4425fe6ee56ef71,1
5b2f6ea700616c12f71a335fc716828f22d3988e,0
aa9b7a493518ea1063fb7bf02049f3a24672ecb1,0
f5b061a6f93a8ac9f617c1c2c22f087b941619f3,1
c619432c3b0f13cd9e79f9a7fb44a53f1f6d9a16,0
5d719a731420799c17afc14525ab238b25fee09a,0
6ee3340c6afff5641e9b8729f4ca97320b25f6b0,1
f2f9084676e3bcc560b0fb77eb4c143861ec7693,0
c66b8dcaf03656369e15e8f23fec141c60d0755a,1
192e62c73a23785060a3921a3003f8bfed8cb149,0
6735414290ccd23eec37c9dcd7960b47ed5a385d,1
b09f0603435c3444860bc8cbc74548c7e107b044,1
387820bc370c2630107c244ce1620acdf7010a22,1
2b61e7caa3702dace7a66d592c4e67dbdf1c1002,1
563fb59c02c1b4f3370bc3c2597e22295c088846,0
5650ba1c18fdc00aa0152ad1893791f968d147ef,1
70915eb3cfa3732438faa0da8181faeb0cec0b02,1
18a38eaaa785a1260bc575ed5c9e0730b61e9be3,0
43e69d0f722e6dc4276b98abb0fd13dd2a24457d,0
d6481c8a3dadefbd22b9bb1a1d74188144f804b2,1
565df2ba0c2b956e914aea07154e374f1ebd7123,0
3ca88a91fd0b062e7a11273f9ff1102e41a60845,0
02b8c1aff9b6f9924f30c4cb371065ec5c5801c0,0
f8fc75eb00b7dd4c932c17923b52966237f1ec8a,1
af0e87dd3c4deff82c20dcff708b31be5a645270,0
5e024e273445e49d799fe439af0719e843392880,0
0cde89d21026a3a7667d4112dc88e2c535f802eb,1
f1afe914a7b9f862899f4c881c313fb646d624f3,1
7562ddcefb6543d043d2a3106ecd77694fade089,0
346ef19f052ea5f5a5099ac68b71e74ef380821a,0
f09caf853613626123e2439dc85ffa3429bc96a7,0
9b2927320e07e5ad7dea6b2468cfd7ef1da28eae,1
11c31d78f19e27f5c9908ea5d026d030b510862b,1
2f099101a1fed2e9a6ada88e9ab19c9a29a565a3,0
499c06e17a4f64d60bdb694fb8ce906f57edad5a,0
734e664ca8467da5b072e71422b2b4c60b1fa000,0
c1551ec18bc2f565f5fe3afeb929f13aedb1af73,1
2073748647ed9c58cea3183c9481f6210a6d87bb,0
ae34aac625aa594c15bc776b225525a459fce314,0
820331959d16740f068e8f1f988cbe0fefba8def,1
6c4a962433f9551b07a24d6a8dd5db4f2fde47bf,1
7789467caef0411a911cf60e64fe5c768c5beae2,0
1e2637146067e848b245217d2014cedad11eec1d,0
731b36085da55cd5523b02b6882300f839d11404,0
8359aa1b447ec7a46fbf327bd451042c367ec884,0
272393d9caabe70ebbfc8fb5b76608e58aff9c48,0
087ff3401dfd63ab10d514abd49df8cc9067eeb0,1
ceaf9902d381b833bcdea5d20f00f507164ca600,0
71fafa0e1d06435fb785d0df77a4bc404db49cb1,1
b7220de031b1ed9f8da6db6971617e61c85d6772,1
70b6fffa49db08eb8188eaceca9eccafc13ff04e,0
640db5268a25005cc894acb20db4f399784ffc3f,1
33ff012ce43124798a8596f3fcd1a661d2f16a69,0
d36ec1f30cd428bcd5f8ad9c234c4844f625fc45,1
8e3e945abb7bc621add4c7bab694daaee23cabc6,1
8fe515977d9779877f18a3e0874aa428fb1db930,1
e03c8cd83291dcc888fba336905309145ecc8f0c,1
65a2a4a1e160ca077c67f542b1e0edd761969c22,0
5ee1b0bf60e7fe2ee9740a8e8659fc17c02f82e7,0
6e1d9e859c7477f1768a08a569255a0a71c75bcd,1
b3dd27aae1cabda163f167311b258dff7eaa56a6,0
f0c2a0b8ef3024f407fa97d852d49be0215cafe0,0
6ed92405ee1c5930ae953c4b572d54776b5c5047,0
17eae0206d0ec975f6b43bb6bbcdad509e469b7e,0
a9d244aea5c12d0361f36055a297ddf9a3ec5bb9,0
d6eb545d70902502bdbd89ff9bf2577e38dc6a5e,1
60515801aced280c46dacec6ac8943b4d04afbbd,1
a8df63faa2315b7f934d890996194c447edd78d8,1
fb173f17f9b5faf8a40179709fd02d729de8c57c,1
eb421d7cba88c109147d0332506deb5730070045,1
4d1e368f78ea17aef7ffb61736b6ba21936cfc22,0
95b577c1e4ab8dc1f82f478513345e821fd28e72,0
86856d0405a2f2598dd23372225e2548ccf20a06,0
c93bae40462cb969d1e7bd1d47fe11f7ed2a73b1,1
e286ed4f408de57c3a040dc02366b7c10dc38c0c,0
fb98e76acec0eb0f2def3de58d4fa80ed4e47a76,0
c2151d4655453ba313de1bce5648d41da3837492,1
4e661e23013b04dea36facb96429be565a50fd37,0
e5070cdc5cca0437952fcc50088fec0e92e080bd,0
13535f5ecd4dfb73d5d9f9f4c3fbd66c38b35a89,1
2f04bdbcdc38e53e9af01fdb7384d5cb5bcb0898,0
4d8b95a501e23af4548edb2c39ffc4df7f31bf8f,0
e3eb697b4442a4ab43f22317782ff1a7261ec1ff,0
a51201cf2a6503f38862ec3cf1a4d594b601ff07,1
ff98597bd3737c568605331b4c98ac426762ec7a,0
c010650b889ee87b6fff67126cc4ce614514e9db,0
5280c619e7b7d58f51fe9565f9608f5ec12aa907,0
fbfe8e8ba34baf479ebc460862d2e82a69ffddba,0
86b7cb4fd79e1aad8006d26d981b844fa80c0ead,1
62e7550a96608da53acecfd37e4a99f76fc69745,0
e8db33d66d5b8c3f8cb2354b911441af0e5f0e0b,1
9d4ea5614c4bacaa340fd4c9489a2324aba78cd3,0
d523ec94114fa591cd5ae970a1b609b8cc1a9203,1
ec696cb9150ea24766c1d5b6463c010b642771f9,0
aff4717eab61a43811399e721acd6b557a3689fe,0
6acd890244548e291d6d4fa30725a17b9112a2c0,0
07df716412bb38390deccf543efdc6a25d451799,0
0011be4d8a930eae266df4ccf1acb3d44c25f199,1
cc852b1735267cf800411cbff818a48e3f58f0f8,1
1e66d61b2eb7a704ea6c44c7d0e0ce28c90763f1,1
89abf4dd6e2412d5d433e9be466f048230a34933,1
0bd998f03dad195cc73528962b03b3a7e1d2444d,0
adc75946ae3c76fee86a3e61e79043eeaacb50a0,0
8b88dae32a3bbc83a494dc47777a84f4b48bac79,0
05a7bf3818613286cbae9b4fbefbdfc1efa23ae6,1
2a9120eb508fb415c1313fbcc3ddb20f73cf7593,0
21b8c02aeef9744819a3244254a09f551f49c229,0
c6448fb555b74784951305b204377014a359a3d8,0
ae290f770bae182733acce28874324057b12e193,0
39eef535ef538e0d02bc18474d809514f1dcf5f9,1
4e558de57bbec0a60f94a24eafad169b1bfa2225,1
adaacdd55f68329e29e0dfa053638f0c73d4080e,1
da9979296a4ecc4af05730ac5438cfe88036bdf0,0
ee517480b34182e4ea3e7880fc1d69635be8bffb,0
81a79df5153fdef9753187a4b74003db720df12c,0
a11f0ab408838465fdce33a7a9d83c20e3aa09e8,0
4d816043f145ec2115ed55b0eb7f29d0eff7cc23,1
8d797c1181b3d149f1858602be861910cfefa378,1
387d8da391a2b05fe7d3a7116940f21f057a8361,0
7e85034e5d027cbcaee7b42b588e157e7f630a68,0
db88698fac09825eb264c27da3bf49dabf522c71,0
08e735c54eb4c6b39c86da9245ef17c7eb4c3854,0
996e1254f81add9426b42a1e88fecd65640d63df,1
14f88962a97d773c2fde2e7b5227cdf91059095d,0
ec7ae92a71e7ca9c9f0e21f95bba968cc24f0c39,0
f628163ab065276f8aa0c236d3a8a813f9e42f80,0
b6f90a73118a4a5f976673d1d82e525bf90a3aa1,0
c4558b8f4df7331412147d0f8b29b28f08848f84,1
9cde81f9d3eca603cb0355421db13667c5ae2fa5,0
d9239efb286bd64c4aa114a04d033258d5e26bc0,1
80607cf7b73590a9c178043d1e32fa8a45808627,1
a4bbe6b7017a722966ca5ea379f5bd74512fb850,1
c54bdd608d32b5d871ec694612a7578a9adbc1be,0
0b21effe1f01a1d3d5af6634463122107cbef35d,0
2a23e523248ef993e5eeb1a4303bbcaa517d3b27,0
7b5c5d995d214e0e522e95e1e9d0d7781b436f93,1
db749c2bbd392240bc60bba5cfe860d4dfc535a5,0
537d3c5e4b95bfc51c10ef92641b7f52b10d8407,0
50b8af47d89be15d974a372de78f5991aac114f5,0
2b4fa5a50b036fa03059d48b66eedacd55172cfb,1
5fa91089462677ca0d4675b23ad72999647f73d7,0
47b51d7624fd5e347d5bc5fa5dbcc3d8b23a4d02,0
b23ff01e6a3b5a169bbf98e168ecc1b8e4a22ed6,1
ef29aaf3a7c4dec1bab65ffe862205e211faffd4,0
ac7b97bad7dfdc82e79bfe31bd0d12db1127f8b6,0
65ffac9ba9f9659e6804a0af4fe415b948e8bd72,0
a47330aa9a32da00f38a2004d12d17cc6fbdb9a8,0
06fc3e30d262a503243ad6ea0004cfe58bc13890,1
7f26fe21009f57b44f25be3e47f61f33672067a5,1
c33134b3923cb067f9024a7acdf3115bec872a10,1
c2e10c959c49c3d3db96e2be93957c6eaa5277d1,1
0fa2698ac41a748d03eb7d3a55c721bef4cf7b2b,1
15a117e0012093bcc78e2d0993e591fcf454aecf,1
16495aa5fdb5225ef528f56bff59ee9243816220,1
d6ac1fc9e83110871e72e5ee4dd601bbbe3ba84d,0
216a6f7e500222295b9cc621ec4795a828a26513,0
9953a25ec36c3478cb6b2c22489cdf2a3c62132b,0
20e64d6a5a908bceda171a4367c299e0708dca1b,0
7cb0b37f7d65269a3c7284f7a9220da268f40b8b,0
4d03f037381aa81370f4ef724cece830910be6e2,0
1b6ad194764332cfb1a108bf220b72425f782943,1
26c7ca2693dcd5c93c1cd6a2ae1499cc0c1c6fcf,1
7c672c5eca5cadbe138bf6278663f900b5bd69f2,1
23ecd6941136b3055e99ce57d4001bc19c8cf52a,1
eae984d1218aa3b3e163abedb3bf7f61bb4bc6ad,0
44f0ba5f0891f4f77eb1a09c0b6a3e58b1ef5870,0
eecaaa270b5f3a03ca4fee1dfaa7762b78493e11,1
e88dee2a0ad3f481ab98487df20f435773475a21,0
83c6d3c50376e8012aac5c9a259ff626883644be,1
18542d29c503ec19cbea534a421d496bc8b66f5b,1
4392c3d020f8f5029acc362ed7ae4cf0a9626f36,0
5daf84f59cbd953341b1592d39c5f489d9b377ac,0
596f001ddc49a3a9893b8298a249d0780fb157bd,0
2cf9f7f10255c3cd4d8ad09fde093cbe6f0aa74e,0
016fc3c17e214003e2d2d0357e2fb039e1aa065b,0
b8f2570ae4582e4ed472bc4b7f6738782efc2720,0
ef1ad7d86acbab0ed319c2cb3fdda879247313e4,0
10044f58e97f13445b3516e9c2bd0ac5a3f75dfa,0
000d4bcc9d239e8304890ffd764794e93504e475,0
fc4b0e0cdcad064e980f442495644c336ddd4055,0
75f1358e3be33b58d7455d12c54159541581503f,0
3cdfa09df5e6a7cad3f37fbdfb41a483558baae3,0
79bc7d63125f5948369b70f2d8b0063b409e791a,1
fa05bb42d2c6360153a5c80a62c96a51affb78b5,0
b13c58738d4d4b3a04b8fe65c8b12aa34dbe7394,1
699f06f4c66ac9a151974dec5a7a73a9ad053b02,0
bd39e0a1404290611e5ceb45760959a0e0857370,0
f2af52ec3420f9e901dfa9bd77cc6f4bea3debc4,0
36907e2e5217dfdf3f9e8a55a9976c4cb99e061f,0
6e98752696edf77118fa45299199fcc120918199,0
e69ca91ae28c882e9cd6ebd69c4952de5c7fe83b,0
68414d7600cc8ae0a4455f196a2edd81c2ea9699,0
0ba4094afdb0601804ce75f7ad63ea61fbf0353f,0
7f403af98498150931a80b3faa9578e4883f49ad,0
817863541a5510360e8d36c8b6771322051c4ae4,0
440e1301cad53d240dfd638f8135bb2fd7cf12bb,0
09e12c04c6d3d809f0f013426ac6e07cfcb5c02f,0
db28707ecedaa7609e59b154d5c728869a6c37d0,0
13cd559780878ac5a233a033fc84d79b4f975600,1
8d1a25728c09d264cf8793ab0f8d1274fb1752db,0
935be21500b73bc4b07f61505f82fba66ccedad6,0
12453045825db5aad50585e2f6f6cac98019226e,0
ff6c26061f7c5a44fa779176d2beb3906df250be,0
47efc64ddb00e69516b016d98ebae11bd7f6a9e9,1
55240c5ad0a721ef59d9ebb237502efa46d9097f,0
c69a4c089dee23d722faf4a3618cd8c90710b441,0
3971de1936c03a1677868af01699bbb57862e4c8,0
f3818ff9fa101191809e027392d4d733cc54d29f,0
628018042098973ff649a91ade37eddb29edd9a7,1
2507cb9e289bedf0c29ad5fe3910702bf57e9407,0
82397337730bbd4fac7082e515223433c85a3d92,1
ca22b29fbed3589c5ed008ec698738a454b0c591,0
b4eccc378eed9d0fa260c004a703aa85e5425915,0
7fb746d4b481367a1b786db7a24045fba3da0208,1
1f602e3db66507439109191a0c2956c32a8516ed,1
04548c11f0483a2fdade5d7f901d88bed048fa8f,0
9adebf48b61aac56396eefd92a6a37e2ff8dac82,0
cd6efe10651f8e9639716b4d91408210bae1a06d,0
8a1db663079bec2f07f6c83426121fdeedee0655,0
4717e810810ee0d522f5eb814d8fe1428a7a40b5,0
e8dfa4f331dadd2f9d20d4386851fbe2cc95315b,0
b3db3ee09e573ce294379e27516e266d33a22e3b,0
9c832d0329855225df7c7fbd7e51f277fb333e0c,1
f222686d5b02896cf416c7cf878112916a1c636a,0
fb6a5eea0dd6989220ed3febef637dfff40fc8fd,1
7c43dd2d5ac382a7d318c52efc315298326653c1,0
29bd71ae0e67ba626625b7b022af1895c0865556,0
dbce94ab5e4b4f5780eb1e149bcb316fedacd4b7,1
26ec92d8cda18e40a966165c2962d3692db254a7,0
106c8f5c4b4d622a631c09a685b6422dc66b9f4c,0
12c6dd9ab74717e18595864aa4c819cf6fe27e67,0
ddac61cbbf67254946630d329be60a8adec12733,1
61d29207b9b79cc8fb2b4a0bced9ad8426f7f5b8,0
1758519b5c8bd4618c6605b03cba51df29c8a377,0
655b61e3c0dc8b715df3cf15995ee8e558285f84,0
b448e73ddbd9918f1f3811495f0db4db4df72f64,1
d3060791db3c0e70275d9d6ec4c831fb4c9470f7,1
fe5eb687931476d3581b08a8b10b1d0b9d0aeb1c,0
c07f49f3ff8cfe28865b61846a9de420d00ab628,1
fb127af707878f77c2c9fb56635d4a65ef2c86c6,0
2c7bbb3f0d7105a92153ea42385b7dde13ae99c6,1
c2ba25aa2cd816b6274f049f6646e867743b95ee,0
b99872f6ce1ca1ed55d44a57628b5111ab53d33f,1
9bfb2216b3493cb901b4e41d5565b5d3cf43abe7,0
bbb11d08792ee75a9ba0260cbab90e958bbcc61e,0
af571d4c0359b4809865cb7f889223aa30a5336f,0
13008a7448b832ea25028c8b2f86f21176a820b5,1
bd74cc33db96b1a778c4441e08038fc152a28750,0
f328e7c6a14e911fcab1178eed484a5f4f2a7846,1
532c8eb5f1bbb2fc0265ec004edf0cb90793a2f2,0
ca1cf519fe1a86e2c945ef766797f4029537154f,1
01c69c6086afa64e68a8fd88ae0d76abb481036f,0
f902c6c416638b362c3434feceec6e847f9395fb,0
532c9f6ca72c399cc4fa48607c1bda37867eec82,0
b10efb825751b1d045dd51355b944215221e4550,0
726a7ab265bcbae2fcb4f3d5f491e98a27016b52,0
6dc61a42bdc10b0278b35aac210c4752190b32e9,0
c9ebd2d96fdcea735dbe6ed96ce38ac4e5495e3f,1
471b99638356c7fcc4c4f58aad7c6e453201b570,1
73c8aca326782d30b2aaf879585d3355bb13a3db,0
e82d1a1ff6f9c35cff1c47c7be6e1d399e98fa32,0
a828218418d2805ddb96d3caebe9cce035f18e1c,1
f7177f6c6b4b82971807ef74b10a24a0d7df7fbc,0
4742121fc252c4a285b755641696f2006c343624,0
b32430e167a2823ce11517ab6217bf4cfcaf063d,0
6254d631254bbb52e516822962b71ccaa66b4926,0
57744c206b2997eb2e86fa5dbdfd65a9b6f53eab,0
d2269fa6ed9d580acc47a507670385608e3638e1,0
a427b890c60a250182f2c9cdffe5cb2d5a131aa2,1
f774f53f0351ff5cfb65e26752a6d29ed2e89421,1
6a44ac4c62aa7ebbfea071a2342353633ce4a4d6,1
5e368eaa135d5aaa4664cf935698104617686f7b,1
275c019f1a7f22bbb03549047a15aace470f598d,1
801e479b6bcd6cb1c13460e8a4c9f83141b7bf10,0
74e545c39ac42785485c1da8fca5d0a45248594b,0
764c801e5ea25c75389774b76d06b4a811b34811,0
07a1b1f5db81dbae0e8a2891eff6d2386d702894,0
57a32c172ccd5667b4fc24e770886c86e9216d18,0
38a630e28a861e528d5dae70e22a5bec4609e713,1
50a087ff7f46c2c65e2271fb06b2010a12a632bb,1
ad63c723aba584f53f3b98c07d0fc40ed66d5705,0
3ab6034b1ff6586f779a567f23f43f05db5bdc1b,0
7c9fb164df1c96dc6a6e1aa820206e7e65acffe2,0
031f7512ab74216e9037ceda3621aeaa41dac7c5,1
608b91b852a2554c8e4e81ccfcdd75795f664321,0
e17313273a20ab046ff8c0d782e2dc9092758915,0
8c7900d1c14b949334f5dafe1e4c955f1696bb19,0
14b603babb840cb31978e63f39af2243ab8b0943,0
977ae02ea4c5f6ad82c13ed2949bf9e88c6b4ce4,1
d347718eee105d3f8966765bde95a02f7292c995,0
40567239f18844c6e8014bf65e5c710a3ae80502,1
7db63198725352d0d223ae4d5246e0a809628408,1
5f5a37c2546443877028bd6e03ab724ef8337f63,0
ba7a8c6a84531766c5c50cbcf7e5e2f72f789b08,1
47c7aa28a568bb99c53244eae4e882e36f001a67,0
d321d1695a619e037a7dad1902e543e9c88782af,0
d02088225763ec2b0813300b22d74df39a8dd26d,0
1a469db3470dd9bd01ee819570d598b61d1caa1a,0
a1af6f4e949ca9a516785a971f52c82fb17ebedd,0
b5065dc6638a4db1ebdb754f90b652ec3462ed53,0
222d24cf3191b10215a17abbbad55e52ea8e8e4f,0
f2dff22563fd5b01e78ce0ad8c33ad00689de29e,1
06f150aaf0a2e2def8fa762e98b2274941722494,0
0158c635c7a58bc64110c921d65ab567034823e9,0
1bacae5be32ffb98cffb4882c3f7578148c300eb,0
33e13f71d95edc92f7de93cfd5152ca50a399577,1
2b78422aa63903867db3c8340982d50e9bef1e7c,0
df1136c4fb0b76d50cc555478334eba6d4cb3660,1
b4e56cf8a30823470bfd2fb8e5d6150afc329f4a,1
15a1f141f3b390f07f526004b51125a2214f23b5,1
1c656a1f3d8fc39aa84cb42302b2493f4988d74f,0
3b978c5f736fc4915073a121cce0df5fc9f53222,0
5b00ef41d4cdada8c7c34abe00e626276c3c8d0e,0
dfb9bc4ea1f3d0d3496e52903423cd229223c880,0
018599a74f0c8c1b92842b12e75aba4cae490a87,1
0b80bdc9232135bce2bb9132fd9e6f3cc107b395,0
efa9dba0380490ccca8aeb967832bfc96a831304,1
4aa08c11b7fc981aa03dd676ebcacaa1db70ce4b,0
4b1f10d6f818c39ba5d0e440aa7c66af45fbf34b,0
2e06bf47b7f070d0e7b3a4f62e2206ae8e815640,0
8387a546120168fcbe2612d4018efd70815fc590,0
d1363f71995375476f690bd6526345e67b28ec50,1
1cb072b37dc704359eb111902f6c6722601a008d,0
1e7f8c398e63cab3244539869de6b935064cb6da,0
55ac96c6a9a01bdf838e69a9cdd0e465b3d6a4d8,0
6f6e4b801a93acae10b153bc12ad56c56d752dc9,0
d0bb412d857714eaa64473d76a95c79623c1a4ee,1
4614ace5a6363339e704412437a1e709d99f03f3,1
a7f1c650f13226fa2384785b2ff06aa1e31998a8,0
76d277700970e126abfc1b0da26dd4fb022bd310,1
7be6e633c577560680a5a783ae3b89e954ca5f08,1
8dfcdcb91ce9db0ed941c7ba76316741cf6808de,1
96e4956652cf505e03a6d7e39c2711f28c0ef9d2,1
df9c8969eb94db7b1d25dc3f4b34f751934ce634,1
e47b566120509cc181ae9d59efc2be87bf40faed,0
5db7647a37786fd7138017682b5d35b626d9bc02,0
713e15e41d8030314ed0e388959beafad9cb9332,0
d5574a46d31dd098b63c01d726abd50183599b2a,0
f477dfe5406e8f79bf2fc4eb94f9954b6e88ac01,1
2b0173cc2731ae41a48df5605703c6082338fb9d,1
de78fdcf6750c3d97d30deb1ec9d50a2159f38c6,0
084ec41ccad542e160b2b8617d9057bd2790bdae,0
6143706acc118396e93a8e16a68fa00feda43be7,1
f8bf51c5807f5aeb04e6e924720be5bba9b018a7,0
60f461d53c6a1bc70a2aaed999a2affbe598ee73,1
883524bbb82628717cacaba1683fa3cf2e5bd909,0
4d22815d9b3e3f53d7f4df0cecc2b0401122d672,1
6861859910ee6346afb5b694ab8413857c43406e,1
487fe8935f1f9098ff365ef1736aa0d25021edf4,1
9df80c220a424b3473730c555634108b414a3ef6,1
dfd93082d3e2285ac72e264f5179e6bb8fe391a6,0
ca0e4674395818ae13629c628bc9144539322e4a,0
e2d04bf52ad20d9b9fec6655ac485952d7eeb485,0
3d50a9b8d18e6e5da99e2df238489d648a9e68c7,0
08197b88167f43fe245b8a88dca5ee1905b950e4,0
3c2780174ee29d1aeb3d0f58193210fce69d44d1,0
1df5e5ad74e84710dbb6fcc06be50c90defc53ec,0
d0ecff7cb42b4e50863712923aef34d2b5f177f4,0
4c22cb4ef56380831ef205c38972a35439a6950f,1
250289bdfb42270c1024437242776a927a4853bf,1
8bb4181d5cd3f3ee7c5613be213610a62bbc0be5,0
644904ebb4ea707e5256217b2dca556699eafc22,1
8a8e710dff7ca8cac2fda308e30d88b288d8099a,0
a77d46cbd6b957449d9c92a24fd0bf8741e71753,0
b6f0d0cc151bba00dc9de520adc5494af8e6547e,1
c468be231204cb3a642cc970f86638830656ef96,0
867371646faaccc57b089e086caf22e1aeb44232,0
9e43267f4028ac7c60701a957e2c2782337d9749,0
983a4830a4b4845e62ea0986258549c0b0c171cf,0
eccc6c43d8fd00dcd7f659729f2f283e84822a20,1
0fa65a896c53a2463f7b8f53588fb1101b055304,0
2129922d652c3807657420b2826b2ea8c9ff4841,1
75ad86a147cc71751d90ea42e2f26daf2e4ab248,0
92fb631f6010057bd8a046cef5620860fa036764,0
79b8010e4098046f60d6ac622cd4490558cff5e7,0
80643858866a7c2f45a38dceafa99b05b94bfa36,0
c688228949692b91b1e9a85b629fe4c229e4a921,0
e2f2802e9327fe6e40ff7116ecaccfe98aa56b7b,0
cbaf65e7a25bbbc5114bcf867029dab25d7d1452,0
468f0cce0a5edf04b0622d7819c508749c28b8dd,0
cb0d0e583848f2ace47c432e0d0d76fd1375d84f,0
4470925f0c3c0884bcdabcb9744b294ba22e700c,1
d0469e59c74194808556ee8ab2ce071127c4f2b4,1
a38a389659b179d440c163da9abe6b755fef9fd6,1
7124a4cc2f012bf3549073334bf4910229f3ab0b,0
fa111ec5d9e5ed8e5fc323be39c7ea3f62ee422d,1
044e8b794e89702abe2daead4a435531eb1a24db,1
bf4e934731e0550657f1b0b970e7225b96e2b3b8,0
f021593d7feff1a210a75be62621a96a26e71ecb,0
59e7710a4b584efc1beba76f629ddb135edab9d7,0
2e1d1379bd41916ca999950de469739102e0efef,0
bd6394645c512e759ed42f1ec6423f9a71864c2f,0
793597e62a01f8bb9bcf3e56c4b2e30bf1934822,0
f42b841ab6f175138491904f97f61fd42e5794dd,0
9f207110b70ec96ca3eb979b1a575b5a44f8cd89,0
5e9fe092c9a97e03c78ba7fa701bf13f3f994f5f,1
897bdfe34288d1f4f69056d85039faa64496be8c,0
4587eba78aa90f449a34921b2cd8f8ec262ecc12,1
8c535e03a6cf36e883bd0f9a6681d90a0f807a4c,1
82af80a86351cabdbebff746f08ccc0970361451,1
7e2509a926620ac240552212aa824a7ec3d72c56,1
499cc6d2a03e0475ffa84a7428e35aa43cbc6fac,0
b10e6c77f1ecc404a8db796a2f5afc3c30f26077,0
06646f9db7d9ea2d3fe4dd1ec12d67d12128935c,0
4073dc6b34cfc643a6fc815a6d5b58051c4174bc,0
96ad63e44c26cd39b6b8150f26b27bb1b64df9d9,1
7d0b4c6daaee65207904cb88d2fe48fb838a297b,0
c0d4c6cdd8b7a619105e8330b926119bb5d8d41a,0
0a63ee45a069849fcb5d28db6bfe99b44d33873d,1
4e04288e558676d8648151d24c0327b32ced1857,1
1c1220633f45058457ee6e05f967a016c471a8a7,1
8348a8376cf05151007fed2011caa0f2f567cf5a,0
8b5c3299acf1177cc000a39ff7c3be4bdfa04989,1
3383b215cac1c8fc427b444fd442596e56e0c9e7,0
320f3bd16969937a54e1e9f80d3a636eb554cf0a,0
dd752745021474b0752095c8d6c8af72ea9f40ea,0
34a9b901c03842f1c1e446b460a074e868942e6c,1
2a26cb2949a48928c851e89484d7adde55355206,0
8d9254c3ee4f8b12301494ca49a54f0111d70e68,1
222562875dde457e1d04b7acf00a84d0a2de6f64,0
8da8d79e8ad2e7e80845977a72275f0d82306154,0
a206fc45ea5ee287518d367eb633ce3399853007,1
b513712689a6b5da2c042b520ea18bc8d6708439,0
dc6cdb9366e8d6abd3fb0627bc9fa08e2b91dac8,1
6b3c55121d1e3e30b170c00f82dde2fcbc7bd44d,1
a654e2a236cbc4810d12aa0dbffed05eb16e6086,1
8af59cc64bc77549d2578dc853c008a265f6c30c,0
516f54ecdde4723dba5dcd8e2f92234f2e345078,1
66763bbb7982e4553b6106a5c3d14bd747b23303,1
76c8b8b6caf831e05bc22a2bd465873058b00e64,0
d83b2204cd4383ef0b1eff317438498d9856ee0d,0
9eb4ae8283b8b8492deca433dbd89bf2d2971b94,1
2bdc1ad73e662b674167b1a1b17b79eea371e531,0
e48e94c625d7ddc32801cde17b81c5b8ae16c276,0
16a85185006a318c6e30355603a9b33cde2f153b,1
a057f4ca118ddc330496b3f1baea52549ff38309,0
1f04c7635bc39ceb33fb8d3b34242b503d05e48f,0
c2d3aada33ac75e2e83f6d07eef949bdee7cae15,0
c2081312d3431d4c8a646921b408f353bf452d1e,1
80234f04540023e6af396c43a6aa3be68c496fbd,0
23acd632cc0cd3a6a8c8f027587e283b13ccdf1f,0
d4dec7e041c8122161a82a0f3cff389db4f649fd,1
a6d323d3077a4ac457bb5a087d4868b4cd2ab95a,1
02d4cf2e78152c720d1e864cb292741491e813c4,0
79ebcdd2357a8779af292817ef0a0f424056152c,0
e75902aed8168d4c60206b3c4db2dc05e35f2d55,0
8ac34217318dd101c07faa1b476a6e87476db57a,1
cdcab51b8f105bf237efa656c81f8d96ac9dce77,0
4a0f363fbfb5a3f058710d1f35d3f185db939954,0
d75f86296adb751854c2800c31bcf233373079a6,1
8afb14673d789dc3d83ec9df15a55e6e7880bf4b,0
ca7ef1a22aba95f1267494b70072a0383f0fab24,0
3aae787d0a387297eb01d655a51b60e9f2d775f9,0
0d13adf28f69d79606263cb67213817b5c624cb1,0
5bf16f99ae2290abb770ee396731013445445d34,0
8f89709d179f75dcfad04b3565fcd6ea6cc5d332,1
60fecde31458b9b82d57bca2570e13b6a00eb20d,1
8652568820d62d84fd5f1c4d7c213130b814c0ca,0
08f0e7919d7225e0a43143d24555130f0ea2e47e,0
beed22d61f50fd04d124014f7fb4ad08d6282082,1
09919c509fca700f43a9ab394bf3b9a1a3582c62,0
ef93f97f1b60eaea8eaee3e69e52c0a785057c45,1
c7b152430871f90836dc6329fae64da5356e794a,0
31e529ac0bffd15b999262c5d34327662054892c,1
78d07bd1f4cf2c06e92b662b944bf6e1b39dc725,1
65566070b4af510f651f053b591d9718606ec878,0
da03ae8a3c63979b7118cfb937c59362148452d3,1
2166afd6ee45a4cccbf72d328e5afaaf16eaf9e0,1
f3eaf5e621d9e7cedf91ea08c36a82de139b433d,0
015d87fdeb55a9f63a397c254e464b2626a41461,0
702861cb06e9dba56eb4a6d9a9dff76170fed90e,0
8947685c9d8a69992311938a170f2bfa26bac1a4,0
66bde71a3caa1668ecf8659ea06d7e38ef3e6241,1
df73b4354a1003350d04218cbaffdf7bdd6239eb,1
2172008374255d0191d05f0f3108b3ad51cfe8f9,0
9799091ee4eb46c30636cddcde6d79de6fc093ff,1
94b0d9beedb1de5180a1e27a826f8cd5256ea7b2,0
8f859bf189c0eaf05bcac1e68df07d5a55c6edf5,0
39ad5736b07b5dee9c75ae46ecbb43a389cbadb7,1
139e7bd057aafacf7cce59490104ccf281a3fa98,0
dcfb3ba6d61d5e79f732e84a07c58c09dacfb10f,1
ae1b26d0978c73e1a98491925c6b7abb38fcdcf9,0
8f9aa70c91d0c6a9534d9758e6de7951021a9f90,0
4cababbc049293a92c9d2547735c5d4c47027589,0
c9cd69d1c8763772c89fc1bb090b90326584c269,1
5eb43c8beb117c32f955d6a01030028ea1b12a7e,1
c589a2dffeaac4699095bce0f673698d717d9af1,0
c99a418f363273a7a1072f32a31716de28c3aeb1,1
9a1439c1770a1937a1b606d5638c69219bd6d30a,1
6e57278357adca99089edb7954eb9da73e5cec9f,1
38944bebb32923102e0db034088663dec97d1d55,1
8b6a63f440e3aaca373a0429413951fae8cabf87,1
ada06090317be6ce1f6e2afe7353b06498f5abed,1
1f09ed42a96835b15ae4d0eb41b433ebae7f77b5,0
6d46480b2f26bb6f5ca2aa5424231058a3c883cb,1
bb8ac80154efa2dc4b896ba386fd90dacd29fb47,0
9f2d0a7003b94c8a32bd945dec5a2d79f0b1fa7c,0
d4df2a28ebbc6ae638595ca242f5a305f80a3408,1
f0333f20530c658779d930548eb9671fcc9672aa,1
36ce52cb506a3ccffa78b2e97c118ea9363acdaa,0
b80b7c0cb3c8556aae8a674c06f91d19b30cf5d6,1
e7f64a20f74ced3a5868e17bfa14944b80e9fb8d,0
bc1c653d02d8ca7cafbbe160fccf9fc133a2368c,0
a6c85462483265c38da6594cd30747ed8f9dbc15,0
d6a6f4e7bc6fb597765a16ea4f3da0cedfecc816,1
38920d7b176fd518828a63f118c8ac045b8657c6,1
1df77bc6302eaee75aeda0b7a4b1b2bdb7af96f3,1
7ce1e843f52927cd62f3f243ce6917695a0f46d4,1
a90e71949f1de2f725223cdb35e2d7d76717657f,0
569b63b397078d73200f5e95e6554a4652475c92,1
ae0f4f95a61752399f9cba43c4988a84b5618eda,1
b0e4aef4e1c6e0f4a6a83ce6a208453f5aa57eda,0
834f1db402cc42db552ff3bfc634a5fc5040bd80,0
6436d908fc7c1031b907bc0cfd9ce103a2318361,1
54be03a0ed2f1768058d724d5142d8bf71be3c56,0
710de133826e3671fee3e1fc36ab23928ee3144a,1
1982f77ea4e62b0c69d3c4c486ba2f563746533a,1
5d4a0a5e486ed125f95d3b243673e9b918fde9e9,0
c208ee5a04b96f368d0690d696212e0b1bd3e985,0
7d470fba65261e08e6221531bd8451288a9930b4,1
1041f32da7b73ebf856f45ed4842febc89bc7b00,0
d41f5ea09c27e7ba674b011701c5721906ad3f19,1
a1d96a06df3cec50e9b48d23e7313e9c15a5f8f0,0
8a2a9d9672362cc14f54aacff103469629f64c79,0
9b09116a7455e645830b4488c608068f1b2da610,0
3ed916878950b019c127f4051ebc217e09461d55,1
ae02367542b26b1aa001cf0249dde158ef866279,1
84c594eae4dfe04743d69d455c16b7ee4806351c,1
c2736e5a89146fe5f8a8726ff84598d895aeaa17,0
9b40e2ab8113a0a83427ff7227dc2be6cc55b535,1
48edbe8fd1e7ac940ad5058783eb46a6f0cf38a2,0
77bda83638f4f77fb83129067582b15b4ef09447,0
bbb19bc00b86a6ba58859a1d0b5b484a07f28cc2,0
9265796f8fb657b96595519e11a14d5ed6ff6372,1
abc54b573a8d784c1412642d4164ef7f851016f2,0
7209860374c7dd5b8a9f821f27ff0d0461af9fe3,0
9a38fc7dae6a68e88d7fdb42c75fbeedd95438f5,0
1749b8f34aef89ae6d4205a79376caa8a57d5cd6,0
a4b760b0c501dfbbd3e22ce8c5b63703cd745b95,1
61a1b7fd95d8821cea0347364b3cfc11aa864d47,1
7eb8405c09a4e00275dd0243c486dd8ba5a54d11,0
07c4020e0457905fd0c98faf10ed7975727c1a20,0
175fb23315a6327c16549239fc65a10f0d7b8f80,0
66eaa201ee167b098e9daaf9fbca2941e6d2aa3e,1
895a0c3603e069b989de97e44c94513bc6055149,1
0c0d9d50963f5fc6c24dbaa7680e7b5a3406c44f,1
cec74483c8fb9b60269f93aa73bbf6b05e2616d0,0
87f1f60386c8c8610bcfb827393b1df5c6e1e38a,0
d3192a9dd492367a55508096d5e925fe9d3e731a,1
4e6a10105f55e5db2e1fe07bbdb95d7aa27c1f55,0
89e0fc2c58cd3583b8629679f890ecd43f9f3448,0
1bcb917f11a2547944b12ebcfa28ccf128e3a3d4,0
ad2b956019f85249cecc2460e93ed1f6f662191c,0
883106b293f8e70198017c6d79386b6545c4e5f0,0
60ec5c98af3e079ccc1d5a7f78811fc6ef056843,1
0cb1204a03192444c4b54884385df94120ab1a78,1
af2faf402eecfe5dc1d06d3b161586a9c968a234,0
c70b554680758a5d0069ac81d2c539a9ebbcd9e3,1
ea98cc2a027792edfbd4e86811d2d25dd5d86bd8,1
b666e63d7614bc128262497f8b4f107ef2fff524,0
f1446a1598ff2f5070dc0c1f5e86adf7cec5fea3,1
c07556d99bf43206ea447fd00eb715b48439ab57,0
9028a58f9742c3e956dffabb1ff4b0c764272def,0
ff2a3484443f23627bf6798cbb687773af98912d,1
75248a3df209b04d01dc35ca9cf4275c1839f715,0
a55f30a60cb4995bdbcec3b6028069391ff103ee,1
03adfd15ac3ef03542531ec71825d0be634e0c44,0
8a27a55673298ff1b586d2a713dc20f969d864f3,0
ba80384b767f4d33fa447f8f79ad011052d8d99e,0
a8f8b82f278eb0e583129ae67d2520bf75cd6ab7,0
af5bb878274cf5fbfc06e9d7509cba156f5ea523,0
9a24c479227448194ebde96bf55f3f2582f42289,0
d8be86e3254bd22609c73508cce157b8819b78ef,0
b6e36645fd6b59c81093352dd7b5048056efb843,0
68697f679461e1f8b77ca648b660326eb054ec33,0
c6f769294be26dcdd37d8f57fc4f873ccd1fd1e2,0
14b1409cc9a5b7bc07248bddf8ce60f7161a5fec,0
42e98ffcf904801939c778e41616905e061d3199,1
7065131529c0261601be4eb5d76745de86bb94c7,0
f456babe4cd09d64d2d7e564d2e967f053313179,1
d761db900fa8177c3bfb24eac931a79eb2b795f3,1
8a9ad054147be2da4516c93e851389f138760475,0
a45a96a8fc41b78aa320525bc1ddfb978cbf2c04,1
1e25f18aaa7b21a25cea73dad00d0290ae2c8528,0
af9368f5d1afdfcb75819fb941b49f7c925c88ba,1
bce1ff71a518c3c114c4bfa51bbde2e9692c08e7,1
541e8c7566ca6abfac5602efc2b2eded79f72572,1
2f3462510f43ffa1005961868b41c2bc67246ff8,0
c188991884df718f5dba930633e3425d02d95dab,0
77bb52e318efe021a4e0ffcdc855837f98a6a618,0
67795608edb295ff72fb549a8e1065d00d531c05,1
50d24de9d3dbc78113a08e8dee9009819beffe10,0
0af232baae8dfd204f2c42ea9bcc5a181ad64197,1
e1f876aaae5ba879c1a179cc85d1a1d45a0130bb,1
6579bc4616aa3f733568d5c601cbcc7f4358d885,0
d74a8f19a176817b34d9a86d02c93c10789ae056,1
8dcf5e73b0d1ae87d1a83c6feaae5b1b63e8b361,0
91a98d5f8fa3eef4ebc534349f4ca636b8c03ada,1
34e94fb8f5c345c2454ddde5a6418494dc7ff77f,1
f1968172e2c62f38bf107bfb4ecf2ef351453a17,0
436a2e043bb445f805b4140e5d9d973a1219bc09,1
cdce7cc92c8a3f794df0e98d6ce9f87341e007e6,1
ce109d4fbd0a2fd91a2a92231db26baf3ab5cb16,1
65e88aa2a8c5a4ab6a79eb3b0e2ceee9e3ac87b3,0
d6c24bf1387da8a731acfffa6c5b8e802d5a258b,1
3d03ce76ded9d8fbc5833ba5a82209a7175a2bec,0
949514d14eb44c1ad3dbf2a598d7f6211ffb57cd,0
c76b4f5a845868f00e9dc9d8baa24ae1076b7a15,0
b875bab2ec14704f33dcc956c7f99511d53ed2a6,0
be0b1a930ec17956f05033a014796a35076b9add,1
0e4e4c4aa6d186512a17b9fc28e712169a5af646,0
4db6523aec3fda70bd448f259cb9519f329104a6,0
a1218ce627e2bd0ec1e9b3a3941a5ceff64aa31a,0
b1584b57403a942bde780e36ae68b9cae5f825ea,0
996d9c64f4893af98a6c88e532ed5cb0d7eecbf6,1
c9f789088c8a1c0d69173d158b583aff5ecc922c,1
1fe3170f27ec04c4cad93184ac05e598eee74013,0
c0b44f5b0a6d42b9cc219569e51e477148507201,0
77da27cfc5b9fa7c6f6da7282073f5183f259138,0
e6638613d013606700023a3775c30bc3d7e49384,0
25b2318ad50d72ecbc2e86ebccb2220e84d5490b,1
6327fc136dfdccdc11e43a777d608a121f3bdb0a,1
2bb986a1caa8b17e34c5ea95451ceb7e488f94e1,0
cbf6600afbd84ef51241a97513851157e3483ab8,1
f35c48c57974f708d0aab1dcceeefbe12f44daa6,1
6c12ecf877b18c87e45eaaf398090fbd225907fd,0
1d957cc6a02bb9914640da852edbab0b6c95122b,1
68c89814fbdbc7c1cef3af6e090df1953b87f90e,1
121ea6d729817f4ccbee54ccdec4a719bc07b0dc,0
156e9ed46f190c530c2e2fe371d5e3f3df7b210c,1
1c96cb376be6c060e75c0b639c3bbfa60d76306b,0
1e41954997c815d29ea8cf290888ddc31bae417a,1
8c413eab19f7ef0cf168e45ed22f4d7941263be3,1
633ac2b56a721a273a6d7ee0c9aa620a551fa913,0
1852541b0c4ed8c6facfd7e9e0a885a506c556ce,0
9a0d61e08820923a44ceebbaa01869b68ec666e7,1
d74d08e914cc55a172f1a2e57be26b32bb039a6e,1
5d78814c3a0d51622c69674429fb4313a3125726,1
a52b21aaddb9ec8b8923c8ad8aa4714c569e87a1,0
540a8a2f59b3e9d7566612e9b3c992a268a3ea83,1
b2564fe82839b4d9528742ddd8739125272c5a20,0
0e85e2f94ecfcc846cec0d03231fcb508af25e98,1
33addf596e8fb9bbcdeb89fe89cfcfa288d1a106,1
0b275a41d3c12e540d53b010113bfa81beebe4ef,0
c6fbd0a52c0b49c486851c49c2c5afa69f139cb4,0
18cb65e5d9301b4de2e137a4e676ef98a3e7e052,0
7add85961ca2616fcc08c45f0d5d4c0587b88822,0
ec5bc060d3637ba1cc484b2c5ac5d14a3a6e22d1,1
052d44877f39c1b2e2e67da3e58b8349b0cd05d0,1
bac2836e21b67407688eda22c23648130a5c2596,1
048756fc28a11f603cba0b73a4dcaf879d09be2e,1
959564e9d4d8878b3f7a75e66bf07e57680b1968,0
d187d1e2511fad57d6d7139bf8d92e945a307bf3,0
dad9d130e83137254c05e48185f07b2e8e4a348f,0
908575404a11aecbcef3334254e4c87c601c72f4,0
e53ef280a32a962846cd1f00c6bb6dc5ade77480,1
3345b1e7aea3db22f2b5548ab13aec0a45776cf0,1
e7e58de2be4a58dc29232d1effe365f8a3ede477,1
80cd6a5cd099453f0956296867071a319a893222,0
5dc3f6c57139adf10a0bffea49b0e17145b50ceb,0
ba598b72ce7f1b12b29e99802e62d01683298028,0
4538308e7a1ae04d1de5b605049896f74dc28ea0,0
0bd1ad80db9d62f7ce82576df1e97b1ec72afb4a,0
7f956451cef849ad86189b3a3b3bdc2e248791b0,1
bc3cc8d79f238afe2f4735d527228d02699f865f,0
01754663724f61421712307a28516323d7f452f5,0
e129c0683930f3ee9f39c6e44fdadcb038330768,0
fab9c0913cd62399a405e8bde984149190af7025,0
b9473722a5084cf6e7f72c6ed63727403b7a2d70,1
1f14faf755a4d2b6c1093c32fd9059d9841621ff,1
7eb620bd5ab0148824184312bde885c4ab41c232,1
f3190b4b893bef8f4b64db9de3f66948232ae4ad,1
b4fdc64c831de3d787943626da6fddb5e65b2b16,1
fd6580180e8650d2fa7c05e5b16d1768c490d780,0
5ab2b8ba949bfbec08a4745c15b0a3a2ce155a45,0
3fd82767c34fc34034e91df0b712ca8183417425,0
b35b323025506c43d34b6ef9899d91b7aedc3cb8,1
83c6fd4befc78ed44fb2d9337339abe53b2094f2,1
6b57dc073739c88fc9ec27661a25a17d3a3d0de2,1
e71f6b447751727fa0cca4feefd3b2effa56196a,0
9661af776a88ccc239dce7ba670e0d38c0ca6cba,0
e008fe872bc16d87fd4cb82432b08e5df5d2b488,0
2ab419d7a6a5f92f9d927dfcfe8a0c13948b987b,0
7640a5072e91db29bfb4eca669c466e38896ed60,1
1851dc08329186701142d19f4fb23b52376151c3,1
40737b663527c12381a4276f64075164a8e9f80b,0
725c3b9c74ffe9dcab667a5a3296bf29d20172da,0
3a684c4deb31ba57a2a37bff467e0cc296d4bd8d,1
9490d06cdc259d91d388ffe2772edb189455e3c4,0
3438de97b293451c45da2ff276c1678936e20a5a,1
c7313a53be8ddb24041d075b66ea04e91847678d,0
982af0e94133c85d01742cf41ae959e8b17153a2,0
fb2c69d47d7ee3cfbec00b061346828302f1f9d4,0
3e41133595a0dc454992c78060a267e4ce9bf921,1
67c96ac9c37648423e40d4008f5bfd592787745c,1
0425373e3015ede3d48042fec3a5c72513c4930e,0
7d831374f92ff7a33adf340b7faf22a21927db26,0
6b07627ed9d346c313a0b801b3d6906b798c75ce,0
30487c02a0f86e6f3817f8964257fb9dd1c29fee,0
cbf07247d73acdaa21556fc3111462bd1560b26c,1
856bb716edbffbd15b4ac03e3b2e547d9b70db9a,1
5ebf340f64ecc8c74326680340f8827040a4c20b,0
947025690465b9f36860d6b005936ec3a88f8dfb,0
6d7f8aa4ce8a62790b64db2e95618a0433634805,0
d81f316b16c5686ff559608b092026d3bbbfc0a4,1
b6dcd16ab0775cb24e167eff9bff2faf7aa801b9,1
35cf6192db2734bf52f8fc8679b866ca01bf496a,0
3fd97a1adc6fdad6d8425ac8c72aa087b854805a,0
9fb268f08e21946add786af74529b9c5396c7b60,0
9a9cccaffa46870ad2777e7e7fb2487fea5647df,1
0515205daf1f8590d7d762c77cf7d79ee514fd6a,0
2f5d1d491562098a1ffc563e5aa414a8f1eb4d88,0
0b47d41708d859463db6d6e4640f9b832fd2ad5d,0
478b7dd8f858b51b5b05b0d75d70a0ca6673fc87,1
c6c77d10834dda781578fced01ef2693e3874c78,0
75f130a74c2fc4b1d44dc31b42979cb87392abf7,1
c61127b6adebd2ec8703ad962fefb0e86d6ee0cf,1
c194f26ca4929761885f83cc0890dbce169f0e10,0
8be0994109ee5ee4603cb7e1f8d53f2a4eac9e4a,0
69ca36457feb9cbff8a6393b7d61bff745294fbc,0
b8c6185e70286e281725c3392fb3c268e83221f6,0
1083aa0e1ef7540112758bce739ceaa12dd0eee0,0
e3051618787f22130f2560330655d2ab542c220d,1
19ac287f4bc54abc0f392a06142be8becd2a0c82,1
eb047bd4f4c24f295941f4f7053056e220fb2baf,0
664a9a35e611712f5dd7fdb59a0c1bee6618dc6b,0
b1ea8b8fb3b2dbfacd867348bd28a0681736601d,1
1bc26b466ea3d3e8ffd0f9286d3d603815a2dbc9,1
69907c04c53004c8187bb67d28f49ab8aa325b49,0
9d4d9c8d436ebc501d7882c0dd01e2eccdcaf8e5,1
30b74c97d02b8dbc9dbe5985294130af2e1f194d,0
cce08a737fdb14e3bd889725f410ab493093ce59,0
5e8d12fb4cc529214009b1a0fd6c5d855bb56690,0
688cf438a8508a4afbc5d5be990ce5cef43780f9,0
f986d409fab0f0c37747618cbe33e7cc61ddbffc,0
84e63412280e7a9965c51e20a18c1a46649afdef,0
9f3e1a2b0c758c7f68166ccb397b56e608134280,1
347ea2a2dc49d56bf49f60412b29dbc732b43103,0
4856fa035cbf136ee78310db36c0aacd4a095889,1
a33d5c00a8124f5c4fe775b2297fc1dde379dd4f,0
5937a0078efe9890b932bdf86582340b95c551f1,0
543e4f382a34881a0516b4ff88c0dfa3be9bd59c,1
969eed2d3dee42018f494c94539462cbc5e2d68c,1
6024d23358519e2e71e05cc8fbae640af98e6e35,0
3690730433d36e5f19a6639c936dc1da4939aede,0
d1d271ad71ae3c5938b2de438e604d68f8154491,0
fb334de9745b56cc608ef7c15f439ab3b99b9b77,1
09400c9c88caf5c8f934f73214ae2f3fff753936,1
c06f39326b609e39cc8aa491dbe400d9e19dad97,0
5f26b7312c4efe82c833c6643c89d68789aac5cc,1
0ecf2ba8dabb67238ef10f57a3069550c3a3a76d,0
c990d9247aeffd778299b36b816b09f4f21f2a1f,1
8e5c2aaf5e5906140f267fa2e4592adf7bfc5520,1
afb9f83b393f96a6b84d0433f047b9eabee8f07e,0
f792ec13cda19c4e39af3467920f7c42c93e651e,1
be05ddc291b3339c9192b7da96ef43c7fda1907c,1
9e64405a0a9dc426b53016a9201b091da6646eb3,0
0b6e521a697febfe9acd297edbba85dde2e6328e,0
32191fd64063864003881757c33e10c7f31efb0d,1
93e740fdfffbbe4ed2270742648eaa5f5dbc0999,0
f31fc17caf4195ab4f09957a3147ffafb9a77c9a,1
73607db6658a118ccc4d0eb6b99ab3416f28be4b,0
519583af0d9ed4a08ce2252b04a8a23ab2a60910,0
ee65e8aa4caa17689870599d3495c620dc8aa0d3,1
9419a8ca3487f9fa90aedeec98834430dffde2a8,0
b7e237b6478503785653b4c3535a1739b5247d85,1
bc321483dd583865decc5885c2686c5638f8688d,1
8c1c831bfd7649b1593a717aebed85e73d5d64f2,1
4c1f3b26cc4159c46a976fe808de0b17ed29d594,0
a5ffb2bf13e975153bdd3fab8b00520007266567,1
aca3cc9b86015a973e0512e14fe657b53c3a86ef,0
5fdbcb940ef913c9484085275a3ee8c7cfe7b960,1
742e8e7aadadd43f58f6f9c3d7cb6bbf4cdc886b,0
a04168b4f917862293d942c4d6705fdf0d77c772,0
14db1f7f0baef53f237d55a8db5ef8cd395ebdf8,0
5ec42427002901e7fc2d84aa2e26bc5a1e3fd9af,0
14024831d8912746a8c7d65a1953f11885a69e14,1
b2c8618af400b79ae9610ad164160d27c0dfcd88,0
a8eb66e214aa42c9ff545cc6fdaed00f1842e6c6,1
652dbcf4c699b98d58f31488b038be5735111db1,1
b1c42235dd372edfcc24eb5768e9472e6e84aecc,0
182e9a7240856cabdf1e7d1e8019d4a11007a709,1
43b34e5e7947a36cdb426255647529b6df05a305,0
cbb6f03d710daf9892a802eb7f2bb6de05543b61,1
c1207fa106dca884a33006b241cb4f62546184ca,0
17a594eca063d8fed0a184d857557e702b1357a2,1
9c64318957d7c89061b7613566b09aaa7eece0ee,0
3601356fdc872f898bca0a2855e77d4a9113bf8f,1
4c8e14861b4855d9eedeb4c714aa0b460bf0144a,1
d089df6d5cb3bcdfb9e05312a2a19546103deee3,1
7090fc04f62de3f7f65faf9e4eb1181e91899a43,1
72bde86b27994e04b044e9809a5bffaa0312c737,1
5ce75cb88287bfcff4290b35d4b4377fd6986e70,0
cf9bdf2c77a28f5d3e970b6902759c848fb331de,0
6a7316aed35409f51f2559e3607906c5c3412ed6,1
fd25c7c8d5599c141fb358dd5bb4b34a8cf93c39,1
bd48bf974cd1c53f2fe746fae6d3c29d16f1c0ac,0
46080aaa00fb9432df96ca255badf483765a5e47,0
eb428bfa7eae9dd550b075030c02d96d0e7ae079,1
26428fe8b0b8e150f59023fee5d5cadf1f067998,0
cb837fbd63c849dd1c96ed3011d7d05b7e9d417f,1
01b6892ce92f8f44f7da7eb777a6ce35b22c4ab9,0
471717bef2966a78718badf21e91097c2a98fdfe,1
61aad8d7da4d9e9ed92d2c18de1fd3ffbcc885a1,0
2f63f2dcad44e445d56ffa9dbe7c2bb71596d921,0
0ea254d8187da7075d4511e2404494a3b3bff255,0
e52ca2431521de9f9482aa8bab1dfdae918546a2,0
1ca6227edbaa2a8f5e420ac6fb399792991f36b3,1
1a129aa4f32d2d12ba32d2a780db2afb4a63a9e0,0
cb932b01cdec504d00b06ae55abf2374f1633cec,0
0aa5710e5b96577290c223fad35630408c888cc9,0
3755f3f520f0033089f0e1a3f2a9bcf86514edd7,0
596e84306a86b32591ef4072a4872fddf397dff1,1
b3ca9d3f4fff246f4abbfffe690885c3dd5f4d6d,1
e517bf11f99ffd3f7fe471751ce57367bba4eaf8,0
2e7f9aa70407a141c2765a9fdb743ceb17d1bf01,0
cd8d84b98e4c0f2da60871f60488f923a8483189,0
dbc86e17d0f8597f0bd4c8c545d1e494450dcde3,0
d2608e22e7628348c6e3b1055b2fb8f27a647d1b,0
c62e851b393e98a123f26812a22fc178957f8c17,0
bfffe72ecebbfce9861b6ab7ebc9ece6f18b0628,0
514e85668ddebba9db67db433c8502dbf0e56090,1
c9c40e7cbf4d115f675a1cf239e749d69ab1a56a,1
445e004dfe5cc9e1cbbca3488375b26880c55d9a,1
8c42bc1842bfd2d1b9c1de92e37bed9e632f11c6,1
0805ef29dcab85d715264053daf71efc0bbfd602,1
fc347071c86168960cc7421a3b647ddc6215c964,0
5a9025081e99c9a611d37af02ad059197d27e77d,0
4322e677dfa4395ae50e05acb8b898dbc8f73575,0
1b9b4718fae632975468581fd09a34e170e655fc,1
581d1f0df014b4b67bef48f7c06deb35b5bf49d1,0
557ea082118fc56a51dbf14406f83fef02d57a47,0
b94760682ce294173f32b62283ed94ba410ba8c0,0
bf7a4f15af134f957f77d525885adfe58e54453e,0
5133d0b53a742a4125558c7ff1a65c65f7786f45,0
328277cafdcf30c0c82bae593824599d6292f9d0,0
fcaea15105ac69d5bf1fe0885fe0a3862cae072a,1
6155764396b0abaef4a51dcccbe3172f8430900f,1
58d048952f9497e7788bf66a0d99f316362e4a6d,0
bde6050125fc59a90965271017f31d2ecf25c52f,1
501359135935a3451c6650fe6444d1436d05ebd8,0
78fd72efb34a53df2b29e5be2a2f130ca9409d32,0
ab61a20a1a61e01b8ce7ac0d1c9c038cd52154dc,0
0190aad3fe4c6c2cda4a840b86ce47a23fb9aeca,0
9eab205718e2974df5cb5322b88ae1db487c9305,1
b27adc922249a1d554b705ae95f487cba1fd2d2b,1
9dfaaa4b2ef6b46280f1483483b6118bdbd2e796,1
7fca29888d318e4be6a3e460babbb61fdf9a9fac,0
ea8cf7b6fba4867f26a84b498f3f5c03e41c4a9f,1
96f1f95974abc7b39928c894c3c5d968328ea2f8,1
5ee80e6e434aac2d81d7286c19a7598411409b5b,1
a3b330b1c1f178f1c93c4c010c5b8b1f8f57cab6,0
d0e84c4aa9198b1da1f515ee54a7e2c1aa573b12,0
3af89dd5140f0e556e409c6f7f2ae574ff50d3ce,1
82e04db29065dc9587122261b1f378f1e4543368,1
d2451854d3bb8464ec678c9669bbd694143f80f8,0
83e9a56c54e97da249f42fd25e886179aa60b977,0
3500651debd88a9de5b505df0c4173b18e004022,0
8f1d1972a635052c230f04039719cec01ecd5c8f,0
1d8cead4df307b7da5132058f8bbc57423ec0079,0
c85ede32ef3b1c1972d5482e109f4c8e853a8783,1
32c2143c02be78445db6705e775dc87733d47683,1
b1b67ec3e67e5639cc7232f18a38b24862b6e978,1
5a8f351416f99a815a247b22787c8a46b3283ac2,0
7243ed315436373887416930de8379b1facd5dd2,1
9f31542bd7639690846e537fb33a5822a99c9eae,0
3c7282a0de4bc84addb4c601bfe569941c98eb8f,1
632402f4bab367b32ba301e8c579eba629b34afc,0
0b75a81f1296c9c52444f259979dab2b9abc6451,1
2db08ed1ec096abfe7c98b6936c62c50d3206fbc,1
7503b7998cd561e357c308a2bbf20a076bd97376,0
94625be4ccf6651dbadcaaece4ea18268825428d,1
dfb4106b691659a70374ee439e376bac7463f39d,0
41ae043bcb9db39d998540164806863070b0d44e,0
1dc615539f3b3441411e8b2956e9fdd768eca3b2,1
d03d7bbffa24b276fc6e5c28562f1e94b88492d0,1
ecf79158a6f7b6e9a39f5815e244abbfcd6437e1,1
d6f60bf1577d6f847627f58ad87c944c22b09867,0
8b25dbeb121ab6f637ace76c85a8edf7c6d07fac,1
eba5438633cff03f2f56a14e307bf093c2a69794,1
331038e5214cbc2be004f468692da325f1cc12d4,0
cbf361caa83f3b08cdc4d8ba095c0ab3f55964d6,0
cb47b5f1cf45602efcbead088495ba61d29dd5bd,1
d94497fdcc9242011da41a57c0ece40c623740ae,1
635fc6900f8ec78b9f6c3ff4add93f908b81deb1,0
12b58cf25853974710d0498b586087ad7c419d67,0
7623e6a7f19a9670eb98bf2f1f24932782e52108,0
ae4c5a3e1a451df4ac9aada6867077d7fea263c4,1
969f805dc0094656d62ddc48381035f070d4622b,0
8647d3fd60996b5b11f7b9688eb86c5aaa6c2d53,1
e401cc88fe31e423d55e37ec2e1a4b0f731bb640,0
52e1246fb6108aa83728369cd77065df46776b43,1
9a7eb5cb94195c4269b132519120ce6d24fbe492,0
0e6254163cb88d8835faa0506cb3d7ddbd0c6761,1
3aa710017e3a113c606a86a3208654ffe583cce6,0
d1a3ab19209b5c0ba812955631b10370c46e93bd,0
8492d44dc6333564bcbe8efae211b30429c6dab1,0
a5ea5e9992f9dace3f0363a615c28e1aa2f77718,0
84856baa4edbd767e65c7a5b69b28718fe776014,0
b0f703fd5442ddbf8b5fede6f78b71f126dd72fe,0
b6897937ae0f4ea5ecad4b5c8ccf88fcf6b083a8,0
5f13e4bc5f50c691e50c42d63f14c0aef121eea1,1
4d2a4665210b70a207e312852230ca997ca8164e,0
532314e354dad684a2cb340050bd1360e1f6a258,0
b36816f88fcaf115103d639c86129297e939f097,1
30b5f7f85ba5cab0bd149c1e6d63aff46d3a39ea,1
078cafdd688d56300ff1e6691491d887500e1036,1
372280e4f4a8c650e20aee39f20526682677f875,1
7cb23d240484645d69a39687e9c83bb03ec49916,1
a9c67afc7db020b41629dff3a5cfc49c8fe1a3bc,0
3110df5d093a5974331f1ffaf894ea4ae7e4a34e,0
9444962e373a6227aa997fb4ba863d80d57af52d,0
472cb400687423c7080dbe30260ecd68416c4f14,0
e3bd70503c189ff585f907c29487c00e5abd2486,0
9c1746c09fc5a1eced84fd87c9054f5edde87976,1
a9a96dba9637665794ce88a5b92358712f0248e7,0
704e768d0bc03d74106c9f2e5adaa435c6579f6d,0
25d1fc07c6c7f602e7b140769b9ff1a40aa0f3b7,1
202cdc3aa453892d3eccdaf0ca5d8fb64810e174,1
b982eeee762e711f6a0b77ac5b351f51b4ff529e,1
58a1aafe665ce35da70bddad1f2c2004bd5647ab,1
9c1b77d5b98325132b7815ef311787702f428809,1
ac2af000963866e8614053e3a54763329af53d18,0
a6c2855ff40902a049f8e24ef0942a0b27477f61,0
2df274614ef030a5fb959c9396b9f9e4ade62b27,0
e4b781884a698d07e67fe1671472298c8a5ee056,0
122ce8a2e9143e4a747c61836ffbe2fe391c7c79,0
5bb0693d5ffebf8b6864f81d55189dfc92e852e8,1
00e4cea3aa5d304bae8b9b2f4a15cb95d1da4e85,0
d655e3a31b5dd21426c546739499d38981684fac,0
b07289292fe0070ac5f49e5eb1a9d97cbf34ee29,0
f8d430fd10d94c72afb845bdcaec583d81424cd6,1
5dd7f9133287447baef27266c7c93fb94e672265,0
2897df9e631357b8f57d0ef506e5c0ebae941374,0
7b1eabf30f6808c2740b9aa3e964ec328c19e8e7,1
70b9bf05eab6b3ab6dc206367fb9653b5d75df26,1
7a6f23c80f9cb8df9cf02aa48517db7cb0e02815,0
d3a1a314856a2593bc2ad5e356afa50eb953c373,0
5f81ba52677e422ca2e27226ddea1b843502d07b,1
4ece8f86b6d8a88d29d2e108fcf7607b76a4d4e7,1
e12cf550a6560f41826efad092bfca8c79fb5c18,1
c5ca8101b0d0272773ebb393bfc8793b45484f42,0
55a345c562416a0451732fc573711879228eb458,0
b09d24379ffa9d5d00b82b400302daed76acfaac,0
8b767fcac3ec016b340e27e7bfa1ecd4fde46218,1
9e0fb9b551cee7d57f15a53d78587d88a0259175,1
c4be28d173a4974910f5af21389e707e2ddf53c4,0
966cc9ba7232b4de7320a6fb307d13d95ceb185c,0
d9056998584df4b8459b3f29fc121401afd78eaf,0
a267ce808d3ec77533c96a9b7aacd394e5cc6f31,0
ea8e208fb0d9550992f1aaabd2fe9bddad411469,1
07f27947e6da3018896d0601b15b13484412bb91,0
022af99ea957e08a2ad11c66f3bd48e2aebafa00,1
c35895f5ac74070864cd65ca6acd14d388e5587f,0
c2bc093428e94cbca756ff91fb06293f8c513ecc,0
bbadd9c343dd632859ebfdcda371bb0298d765cd,1
de5b634124e710840b8616f2706f0872cd24dc5a,0
792b4306e1611dc1ab3255623ed93a91cff84d04,1
01cd629c8ac4273ac0c6d20e6a89cfa1bdce3f63,1
6b31e341822060e8f125a5c28761842d6ba398f5,0
0e26bdbb0f58b1ba7b5fe8420a0096cd1e4e85d8,0
b7e7699897ae41fcdf73b9e938e2c3d3321b8bce,0
419f0fae85956d3fb0f785e8fa1e02a2a65f103c,0
092cdeccbd2c1dcbe7e4278ceb1291113b8174fb,1
fc0ffdf0f336a7d7f22f1f421f806516baf856b2,0
34fb6cd9b5cb530082a5a2397d133508e8cb8acb,0
219a9190274ea88e8b775ee53749c0bf4b007837,1
4c2184a8bd4865c0d76fcaa051f87bf110f1ec47,0
949289708af78eda5132bfa067868cb62951c3c3,1
434206de830099316e76fe10897147c826c23f6a,0
e1562fe66b283e7f565f8f1ec1dbe49ce06b88c2,0
3dddc66970fc5c00fbfb86349194eb2723848c32,0
901fab2d7d5a88679490c04cb6991ab1e53d1be7,0
1767fdd4a1b65d4745854524454a5ac8f650bc6f,1
047d72d4ba050fb88eaac0bd1fe0f352cb7dc5a9,1
dcb4811bf420b1237766cc69f1f5a953cae6848f,1
dafc58a1f66f418e8437c58c6b455100718e0180,0
8c5057b9ca34170c30bb4f02c8e6b178dccf7a9b,0
041a5bc594813ae3dcca473cdc9a8cbf3f44563b,0
c267475918efc651e7cc47be2ddac75efa7234e2,0
ff898c495e26c87ab5508c9ecfdcea1726784a3e,1
4531987019e74bc5a168d146bc601d565c6e855b,1
1e51949d410d9fe08c376da7a6091c44131447f2,0
6497ce9ba75eb08dace12dd2d640a2d77ac750b5,0
f994da4f9f1a4ff6106fe82d94170ec78012edfe,0
6483bf7d1522f7e6dca1c904c095ec28e23a188c,0
e6fb4502933a6673e29ebe60fe182701da2157b6,0
6e6b43ad563b0f1d2819fc9cb84c00001f85cc19,0
7fd78f70d12ce202fc51e447e54f00bc2ab9a053,0
228d658fde51af79f796bf45cb164b3bf86a6d88,0
6df16a29b4103d4e3534b04e3d32fdbdecc3aa8f,0
c6fec9d26f4e9badf69e967285a1cab1d1a3f6b3,0
242a8ab32c23d9b6eb54b17090366a8d8b4e684a,1
058a44c9871a0c8603ac486bced47abca23a43ae,0
e0e27ce961828049c69aefb96a145e15a8379bf9,1
cba8a9588c04179788c8b447f5a72d98cb2ecdbd,0
d855d9fcca9e5303584b5a457318920c5e559989,1
ac468d779291acc573256d62d08dfb071a1bf844,1
e77991ffe2ebd6dbcffcb9dd17f542e6bb004aa7,1
c18309286e3c39982ddf30bcb87b4adde9cace07,1
a6140edb09c7e705adcc8e138fdd13b9f3debf5f,1
238848f83b7fa19a36c6c51b76d70476805020e9,0
073cfd7d9fae81f2b491c39bae5a41930ef13a84,0
dc4809629cbe04937f0de7ee65ad9dbfc99ede24,1
d32de4aa9c3b43420088338c7d6ab9d035cada45,0
3cd178e0139dbed14df36e4492d5e5be4890c5b9,1
a6163c796991dda6494fde9785c3852fb4625780,1
e6228cd594d842348f846791f94992b4ebca4d4f,0
8ea9afe1183c0923a8594d024b7457d1543f5fb0,1
92798a5653ffc811c5019ccdea990d485fd7dc89,1
24134b824a7200beb3263d5a98dff74ff7ff7d8d,0
fd50c27b91151b9ae3a658c660be22fbf8de14d0,0
fdcfdba690833e02b7f8df4c55fe2c9e38a66d6c,0
c049e359520e57298b15f7de2493d63b4787de72,0
4a203d76683a3c798811fd6102cd78eb13664c22,0
8159c6c3e35479220a798dd6eb682962cdf5315e,1
1fa74c9e2e23a56501acb2efde134bbe7dcd4b7a,0
1850b004ee39b30929ebc2b3cbd93e7efad0f914,1
6f6f2633e9a68d749135f2ba48b1056ec5600d8e,0
f04461a4281012d45633fca2f5b2e65cc01aebd2,0
2470b537be566303cae7eedefe06a13fef57b4bd,0
29e1f0364e9ec6ef4b7fe027c4936bcbba22fd4f,0
28f35dc606373a678e2b80d757ad82d325630ec4,0
c94661bfa2cfe5bf931850ddc1b421f309ff0643,1
c6a4806db034037cf47da6c5cb37495cf06163e9,1
62bcaa2708af8c11d1193b538b1037a3fb5a0459,0
30bbc9877a28d91b6b48435f0da8b6229a856f4e,0
9fd149ad9fdb180e5e266bd7464c0bea3cc4bbdf,0
fd6af484c9eaeeced09294989d51eb179a2f3dc5,0
27ca6e233767b8631e36bdf37fe91fc4b39ac887,0
23611b2c76d4f4385a5460cfe8b2e93dd3220d9c,0
5fab2aaebb52ea998218d563599ce7238182b08f,0
386bd9143269cef05b4885fd779040c1d8cea86e,0
78647d4c6f221771f3b76ccb5c70e0d1aa110160,1
985bd945d7528a4308a24fe5dd101c7416c89259,1
76f86e33fdd60574d7163e9b523c9484cc2aebce,0
a3c924530a110c3d0d4a98a7009f820259dbe7f6,0
b459d072bddac71aea668fc23f0e8c7b8fa2f92a,1
5d0103850a22b27cd07fa5a620d993395c5cd8d1,1
e0c548f3c904c05e5e9aff84658a21033527e165,1
5f5c969b9c5e0d7368b1dd7491ca8bca972026ad,0
68b335bd85832b0d87dde7b44da2f97614255fd3,0
f27252b805ae108d4077b110cb08286f343e4dc7,0
701148dfa50cd4efc56529a5a49bb9f60a9889a2,1
7e2ab85f066fbfac2c5430ca29fd29ea73e4089c,1
af963999659ac535a67d31f55251b50a8ef2c1dd,0
711c3ff6535939d702a27a504402b629ff0bf02e,0
c286f15cffa5ff24d0cf3bce47f431828c5d6fa6,0
cadf12915864ae67f139abee3f200c4536e0f969,0
e1f3ef5c73b436752568d17561efa3c036e600f7,0
e74b3ec0b093e9df8b8e597fa36e859677fb6a5a,0
3b119cb35f46267341483f9bab737734711a33c5,0
13bd97211ec71926cb9284d47c4790efb8730172,1
df7fb97620e14581f8fc83d0c706e7f69a17c8ad,0
8f01277e3f0078c33a45d4d3d4d6c4487b022084,1
89e8bca9f20234128b1fb6fb8ad77242918df4d7,1
df04e7cff2265b51d1891678f80edf83fa07ada2,1
46e36e2212f5f3ff2bdeabccc761005795c4e9e1,0
1fff800f32d857b7684c6eb9765195ee213e82fd,0
60d6a8ae0f6dfe5728953cbb6ac9b04c1a2ea882,0
db69c5e1941caacf340709645f03168510358cfb,1
493c43af1d2757e4261a6ea88c8c1a0dd1bfb243,0
8a245dcae3cb66ce1c11cced3daae80c6f2de4b7,0
6aa505134bd6660fcf8434e5037271d170973745,1
53135339b59662c86f7c1ecb209824833fbd76b3,0
562a685046f7c8e43dc556d80d39093e471a6f9f,1
fad3d98f209edc2fc6eab5a4b3fbc11b6275f514,0
7491adfa674fb57319284c1f885606abbcfd3638,1
5b8e391cdb10068a575de215171425ffb9b9951f,0
99b74cdf7366ecc905d094e5d959044f38fe52c0,0
345bc244b7f57707d52792a2739bbd8e246682bb,1
14f6a393ae38a1f23272ae4802dd1baf7b104e8d,0
74c6bf63c57c6080cfa871539c9fda968b87a42a,1
b72cab94b97de3ae1cf74311b6fb7d752e937ec5,0
a23ed1af8a08d24a98cf34649876160e76441601,1
5dec532d9f56f937e6e0d25a0c446bb5021320de,0
1d7f23a4950feb03492a44eff14e4b30df36f5be,0
6748edefec29e3c0624cd2279d93b583bad67a35,1
ac8ab309db5f4e3085402b7d30413bc70a528863,1
b84b44c2f6c17265d65baa548c26e3303def31dd,0
2c033286811d39bdb15b346385becb73e07208bb,0
4463661028632b0203d94a1c256344f204d8c319,0
e0275656978031d2be9fc7867a9569d8b14efe74,0
a1595d9bc2428a91983f334a10209c07adc3f3d2,1
d613573358e961f80ab56d23dbf09416746f08a5,0
f92bc2d707a2f21372a85431128fcb9a640af990,1
9ab85a8161c8aabe91a3c43f00f0b011fae1d9da,1
1c020abdc887c07386b0e671b42b0365469147a2,0
775a8089fbf2ae5628a1bbc822455df19fad4c11,1
d05147421fef7baf4623f656339c9402d42a56fd,0
dc1d4a889e07c0031a76768adcbb30cb14c94412,0
a285e9b5a9d5af003f10c681ec9eafbe6950eb1d,0
83fd889d3e2c1f3cdcde1339017220a777d138f0,0
414c179bff44c881355a4b6f01d37022e87949b0,0
6ca5bb0a12738d2a9c51cf132622c1796749cb00,1
b00a9f8e17ce958518e7c6b96e8d92aa8f1ee62b,1
7e7a2f5de1146edae35c6ff03660d7c0683f6ec4,0
982dc4e43fdbb295a2122fe8c465b9eca73ef91f,1
743aef36b6197a974c1df596d9b71895764d3891,1
06a0cc04c0aa20a9a793e6ce23e648d9f4305743,1
bbcd39a8d982bd3fd86ced91bf24c42c9ca4d6f4,0
b218a3cb34f6960ce54766e958b46df15364097a,1
4e1e47a97c827104327ade1d951087d0347c45cd,0
946d6c975f4a5595ac924b288cdcad074d96fd78,1
d9430bfd72634cc06064df538f8104de114a8067,0
d6b6f9140a54f46f1512a6b219f2da32e97f96a6,0
e5097ea417f7f7a240766755b6718f74aeaf389a,1
35dc07a9a57672fe7d6e594732c05ccbeee8f61f,0
d434d54c9daec63015e9f18ffb3283047412f3a7,0
f341f30228d192de7ffbe75336dc3ef90102547f,0
31308bd32fdd78816dde4924235e33b09456a386,1
f996a2b0dbc038ad6a4d70a437a91171f1951136,1
48a6d2f8e725ed0728a7b76ce549444a6614dd7b,1
6610adbad6b29e7eff9478141cffae654a941af8,0
74f5ba9cadf85cfe4ac46cf51c9ed33b4d21aaa6,0
9894e08db7f9fbf67329cc7c3be55fb1dcce26b7,0
04fdbd0df6b2ba369a0a0aa25e3cc7c89e5c68ae,1
e7db48b868488f7c9bb09beced78f412e0b707c3,0
d77eb69399d2312fdda5e534bdc37d77492bda39,1
c56fdcd37f1bf09f324a5588dfb2849f8b4e5f12,0
6d980b1dbd8bfce0dcc48a99a7caf3977e45ea16,0
797302b33bba46de161d1aa847cdd68727e261fc,1
cd2378376bb42211bb2331217aca84ab0855de3b,1
e09bb0d0818f0335dd5f3b83ba7a5bd1496804f5,1
700547e7d1b4a9e86115b6fc012a3ed025e6799d,0
34aa2fe05b581ce76029ff901cf6f73da7fc0139,0
43b33c6fac5928a7d9cd9bf948a99c3b4667510c,1
cfd3e2165d14d35a54d5baa1aa6696890e35ed1c,0
2b608b6444fd4a59ef4c29bf1990ec70def646fd,1
279a89e3b43a607ee8ad3387a07e866a1f36f710,0
e68bdd854fc1401b009e7273013377b374fb7eea,0
e4b9046f2a3328855853d790220b2933b66a1a6c,1
a09eb2f51706974517354dcc5e0f073a30e59bd7,0
5e2780b32c8c776d4ae448fda3bf1cdb21f661a6,1
a082abd1eb7738f12fa66f0a8aeddfd8491624fa,0
fd78a0b1dbcb9ee223946e03c8d8a77afb855cc6,1
92dc8d3ac2c8cb385e3e948881f4d6e6f413cba6,0
395e32adcce99146ec0755952b66931aa0868ab6,1
68dfd532f0c36593086371d3b7c57af8ff03a911,0
dff6b9e30f58eecc54489f265c8259d6a5c568bc,0
00e4a907b02e3300bbbd920bc64558f3263971e1,0
e30bb58d662d0d6205bd6aa7775790df54f60216,0
a3ef3885cc1a87869fc0981363cda55076af7feb,1
0cc53c7a0dbf8ad06b4c553ba92744129d578f1c,1
16c5f6f9f525f088d03cd81752f82e35d2e9095f,0
af8d5f037d96294e0952ef8645887e499d97c7d1,0
f5e21eb21568a3b090136d8b78f137c070b05511,0
46f522e6c1a1ee3d4358950c4d92dff4191149f7,0
30ffd99c5f380aeeb5bfff87ec8408db26ddb51c,0
c8e4fe7bbc78f78558e611de3e7940da20f0e7e3,0
8e3c957e5258380e06cc8a222503e5bc534b5a6e,0
160adb6ce11f54fd9b1398faea2d756536f420bb,0
7af2b7a09f62338d95785ac25efdb08e895dcb7f,0
b0207b6309f487b9cc44cbf6b34610130444766b,1
b3a86e9f3765b12d8962ab5114a06c9ff87ea841,1
5277188de1c9ea067cad5b556d9efd737913fe3e,1
7679599f3132c20752459932b25722559d5c0e5f,0
3eca5d5f93b41c4ee817b179b4551fb8f94589b7,1
33c0a920478cffc51caf56cfda6e0ebd316bcc00,0
227de6c20f05ace41550820d5f82e02490a60c44,0
ea400c39ecee1efc086333953b1099b9c965574f,1
c39912907a2e22266df0ca350fa505cd27de1d50,1
de5747df3a45e9837ce49c910b743d3416e879d1,1
53890a35991d4838a4252e79ed02680ab9a3197a,0
2d9fc1cdc2fe1f6b2b423412553f6410c9383ec6,1
c52be95df7cce36a52d56de9f5f2f1dc02e676b6,0
bd6677763f998e8f028ced6c93e0d966eaffae29,0
089b1208cfa4bf27bfa3eb388a0b3bb27940779b,1
f5e49ff925f6b20540f997f5386d2485354534f7,1
8d69e22a4be41d1167a710a79db67803a9bbc16c,1
fae6f5867fa365ca2d970de52328bf9465105dd7,0
a18e9f7d96242c8b8cfe07b414353077a33dc5fe,0
61236b341f2f0df7b8379aa80843bf2ef45f1e20,0
06b008a4974f768421a52c7ad813436c50f42bb6,1
88a871aee4beda72d6cb1a10273cce9c2a21e02e,0
79ba181fac8ee2e4c5b3b30862841e0964b3e4bd,0
49bb71b853d58001bf87c85d0551b6d5cdbc2214,0
1421f02b534a0b099401e2e52a17c905b4c69342,0
483bbc405a3002d61ff224275a3fd626c580be69,1
824407f5f998e85f1e0112fe9837357e988f920d,0
67cdb5c9beb3a9a476cc9593ddff00715bdf85e6,0
a327b012e1e927e8060c682465460ed2c7255264,0
9f5719f569389cf8102a42c7e4fbb31396b18c32,1
6cc0ef03b0f9675731e7dbef58ef0781888f6b3d,0
ff8554b036df18fa2261f3724ee3cb3d9a45f75f,0
7c480ee5d80d49acf1f10ff8e69a516f10a15ba7,0
18b844dd3d5edb464f456be2c4972e1396bad880,0
b7442072b69fd37c1004a047d0c56c9a0d85f38c,1
1f5dba0461eb386ff485ecd36ce2b869df762297,0
8d1f447a47367faea8d287c3c110d750245cb8ee,0
06d822223915aa914a433ccb79090e1df7d971c3,1
c03f1f7c3d29e5634b446b181e9867ecea52a3ee,1
96b91f80d581dbda8763099438207c0a7b2430e5,1
f77cf70fd1685d471d595a04d8b8a07816f1dded,1
d3a5f6acaa1272ed8ae6503e1492bded4f06b9cd,1
e77016ddd2c646584838334b32f30db557e0c9aa,0
c1480832f02888b9d884830b1769839d48bb7c5c,1
fbbe151070ca8447ac80ef43ce669092045a0971,0
554c9ad2575e6f4f9bad84b00de4e4f20c688ee5,0
75117da9969f930e1dfcdce1434653461ea15ddb,0
440fb616f7718e7191fa068a65a5b94853890d87,1
49bf3f5913aaaff6daa6fb379ed602b600de6647,0
b3e8a1ae10ec1c086befcd672cb46162a46fbfe4,1
7e5aeb40869caa0bbfb05ceeb9b6da1c70f0bbfa,0
a5b5dd15c2e7c8b22fb0a4838d944c092c77702d,0
edb91fed191e7938352a42d7acf71151d5e481a2,0
b63cc7f4ee7eee8b7cf6cdb9fe1a4f19a8311a81,0
329248d05e45ef2bda6225a6795e30992ae40c26,1
7225105056adeffc2a68654ec30ecd90cdb0bdc0,1
5987043105ab1693a8824d3804650f61e0f7a548,0
890265b6a634c13173799eb531756b480102d19a,0
62e2a37a969392f12262f6054a7cce7050776673,0
8b2d2a3f0dc33afdc469c6550412b990328c2e6c,1
3a2bce48ed833123f359e5ed3317d33033080e2c,0
2b7ab44d28bf39e5c74d865ecf8de06215f377ab,0
069dc59135e39f693531a6659e354ae3517f9a43,0
7effbe41e13836081cc02c496447c5d80a7c5353,0
fa806007ce4c0a038e63c25d757bf473269f8d77,1
e0fcfd40f1ae24fb5e85190910af69e0751f3237,1
f296c881f01b7d39bdc2c3b5de3e3b5f7c8e79c0,1
48a54a70f94f39ec99566f6593b54bb90cddf8b1,0
a0bbe731d361594435c48a6337a6d885612860bc,0
bd2f66bff14b50f75b02406d3fd85bb0b4a41fdd,1
399b7c801e1a01df3eb2a390b447202715398880,0
92497a612027edc1161e53a340fcf23da2938af3,1
8c4834d6319ae85c3a53c762c221e902d2b99c9e,0
f14e0cdc241a88f30f18fd1f3fecc0ac27dd64e5,1
2bd5abcca7b009cc19a7439853026f996fcedf42,0
210bf8072d6de21baea1ac55e2834fd4d876d23d,0
ad49a280d33e8964dd4ac3dd3828c67f73dc3171,0
9d801eb2de8e12dd0bea8d295aa473a883de0f04,1
5234384fc76755ce68854586f8755649c9e1322c,1
2662e88cdc4a7e8f02a307104ea510836a42d1ed,0
890da5a8ea60ac209949a508669e6efaf4e453af,1
0b9c377d0d5d9b48e6e82487b223a376284e280c,1
bfb0acf23f69e4fd802aec5758e5e001cfe79e92,0
bb11c710b7516db5ad35e13202d629d724dec534,1
dd462cdc0d96ac45086fc00c9d2b8524c55a7fcb,1
ba14a6a81d315377a51ae107eb0ec9f4d05a00e4,0
0e4d16a3b74f8cddd0b5068fd6628c59a0c9a0f2,1
ff8a52453b751e1a9617594629dcf5be113d74a5,1
3c4052574e380d52c4922128f51ae6b497081237,0
1290b5d56d2d29a084bcb6836016186641a8e0eb,1
9574255460335c3287e2262f5071926c53ffaccf,1
6321271423d0cd91b9b770214e40a436c6dd2a1f,0
4a90a67c3d25d263968c2882b69400bcf28b4b8e,0
aab73a65b779817c89c3938a642de780b6199feb,0
0040f39b7d4a9947d66793bb2473639e54001699,0
bb2e21f3e75dee7394f940a9fa1f28c9d90dbc8d,0
5f3fa60d962d88f7c834e6f6cb09335f1644c76e,0
0570043512d28e617129256f1bc24c53f4cd4c4f,0
ca9c434b9f3bcb0654c0cd705fae299bb076c195,1
da45d0d1430edd72d0b177c62eb721dfdaaf8d87,0
6a4a4e781a966540e4dd746ad0b45ea60b08bd17,0
6950b316c2006c2bdfdd9f9f8cdc965d42bae210,0
58d89c1730b8a16ccb00ecda72e908bd564e5ba8,0
cb5d44bff5427871ad9c09836c52e79a628fe619,1
bf69fc388fe08e214f7ec85e08846c7e7fc0716e,1
6f2575dc7aa304dcbe1ea71f86f06ceed1ea1099,0
d3311fde64b52efb413114c91982da225e19783e,1
80c8b73f016197d9fccf91c2a20aa2915d107845,0
b0393a991e23eb623d1d19f7b4669a6f579abc43,0
9b585f864bc20976349878bcb45c400c95f49562,0
574fc6c09cda33be7cb4fd8e38214c32ef4b28e6,0
8aaac99cc0f7b8fe454c3bfd10a727a939186944,0
6d6cd05ff7f6482ce107c61212efa856f28a8c9c,0
8357f560cc2f285d218a94a215d56ac2eebe21b9,0
54d67ebcf19b8d9810caa3280da595d4417d7bc2,0
553ef75dd51dc6e50aa6668701d0e1b5fb536733,1
d25642ccfb87e68777f4ab287e08ece2bccbc50a,0
f4bf69dbfdb97c3da9981de3a45d44719b757482,0
ab20af4280f37cd622b882e3c07b35263b568f72,1
8f1daac850e98d22d108401d6a10863b80473b48,1
9abc35836e2f11b5b5784e9b9b2715b3c3e0c117,1
d2fd1fdf14fa68dc67eef6b192ba31289b00f84f,1
bc77f0eb5729fe1d27e1dffc753bc848989a7b66,1
50d253773c9e3f0000da6cc80c206d8cc4a39023,0
3e1edfc51647efdb861664988ad78a2fbe53d222,1
cbca1f01ec6d2bf6095199b5e1b3483b35aceb24,0
e3500f13b865a45e43a70dc12f20e51397c04640,0
717ae2bac9e8cd899a03e2e0b62c7e75e9165cd1,0
f7eef407e44682289ab4144a49ec78edaea6d6df,1
30e215772c42c4e1faab13caf461d1d3ed545c54,0
0ecb921878ea29c2bc1f57e6dfd1afff53588626,0
ff6559730b2ce63ed07b54fada70a3126b289843,0
4eebe401647246a409e94f9386c1b46787bc5a57,1
e75d5c1abd180d198f2d1d485d2dfaa036410a6d,1
1897dd6bec26efaf85b7ce7dd15ed824513155af,0
a32afbf63f964b1c2789a420c0ff2df045d0c224,1
0d0631f635631065efebf121161c03ab4463b4c2,1
11aed7ffe9a8b09ad404465ae0a4b21f5d511920,1
9564466156233df24722086630a5372e9eba0246,0
778703e578691f7baf6c4be58e3824376782c280,0
f31768b6a9b89faad7cdff8724cc46188f35d0f2,1
767ac66eb7a8c539811a4d5f36593291883e5277,1
fe16f221380ccaef34bfe0461e67503543709d6e,1
8b195dc127054f238bc14fc5ff28bf0d7b3b816a,1
8ad9db3704a198e4db819dcd79146b4c44883e4a,0
5d5854e2b23bc905a31f44c32113094abb4e156e,1
d08a925207f223cdf017863a3623b513819f2711,1
e7bc332bcccc3b11e16d2d8f18eaeae8cbbb18e5,1
b1f731930b71ea8e5877b3d3765ed57b25700cd3,0
e18d49f1b22481e6fd0e2116e564be7daac83dad,0
ad88b3d49b5560b3c98b9e41e1a15ffbf43449f1,0
bc0cbba03de8c60b1003c9935876475b9407e0a0,1
b4daf5153a199e833f3fe42647a8e52dfc08c094,0
fb60c9cbe9c77a69fbba74beb675a7338da4ebc6,1
283590bce76e05fe32ba1e26cc54ad3c85c7231e,1
fcfda32f3f3ba4f9a948522e09c919d76d7d223c,1
8a482f62c54135e18c3463d49b89e0fc76f923f8,1
95db12605a85e3afb5c67c45185525064e502412,1
98a5cf284d04a25a1a363a8356e497e7ac46c437,0
a272b0a66883f8e62ea37c4c9be510e2e4766923,1
6540c7a2b46869bbd28e7cfad019dcf61fe89f4e,0
c3206a2256e2155d51a95446879118feda8d3d59,0
580d06b69c30073ca0af84b1d6aa9e72a94f9cb9,0
e93c2324b04dfe700ca8e61d4748cec7e23b853d,1
ca3e801a1e00b685484a4e556efa38f9f40c682b,1
f1aea8962f5a3f0fc4994ed7545705abf812f169,1
e941b3f1ea67c6c2c6ce677716f0e413ec975ee4,1
67e2822a04232cc5784d00f258b6c1a98d5b7d04,0
268e433f1587573fd1cdab08d56a01d971b656fc,1
c49c8ded1d077137dd66afee78e2e15722e57ec1,0
f2a7f1357e386669879c1dc910bb1da1439a4c8c,0
aceb0f48cedbbe51a27dd49ad91619326b7f9e8f,1
a15ae74360e0b47bac3ac8da44bd806c94c20b56,0
a23fb4f2bd73765a2c8c43d326aa5e25469e0518,1
4c41696f95e8a6ef7b8e914aa967ccca2579f918,0
217f522643f7a51c8943355c1ae965113d6df028,0
720ba0d41875adfb62fcb1f390232fe2b41f9b39,0
252b4e8e727438e60a2b6555953d889e319bf157,0
21379598f05b5df8d4b7e4c4b195136ca12dec67,1
48b5146724dd77dbd66f0bee5b10dfc348c12a9d,1
b3dcd8b17e3e4a6d49a02ae8c6327258460cc677,1
3d55bf02e2ce309b98d105f1c8dd8143d076fef7,1
fae7a32085ce132fcf42feda60ddcda6ea216037,1
48cee39e09470dc3db51878ab21615258e1a37a8,0
2a7c527fb715d30d7b10b155f9e7add92d5becc2,0
fec6efce603b0870ee33eb7ac4da1de1b75fd11a,0
be6a16c8bbda6d05101f82c71977ed354bd13c3b,0
941815bf86183e71082a592834bcbd266813cd56,0
6807ac3ec5e3e7e9dd2c31325772d5599a9f9327,1
7f87cfd0ef4fd733811512e21750b6f87256a9c3,0
059c033b539767e72b72ca61b8b1c584003e5cfb,0
8a07a4d534c43201832e82d0cc56e95f2f75a80f,0
1f5ba2afb7c23dc705a6aaef63419dd4b99aea46,0
0e9908517b962a20d68d1a8005b7f7fcdd3ac445,0
e1df438a9e6c10455ce468bdf75cd4ab9ead908d,1
0518d1b3f43ddcf392eb047dbc95118570222170,1
dc286764139beb279678e7e9e1ad064427950133,0
6b51eb6819d669329857c30fd19d9644ad64ec44,1
ff8a3f21212e2e065bf1a8603425758bce2000dd,0
885859024df44e2c6afbb7dc6e4e6c2fee0f6ef3,1
d08977f78a603b11af88758781739db38ced6f47,0
47b8a874b8ebe35294bf0beac390707364a470af,1
50369641f67a8263849d50e6439160b9e131978e,0
399ada5f1a27bcb4d00d963c599a6bc6de9fdf2c,0
1ddd20238481b81fd37a2e2250abe8f55d927e11,1
1b98f3f82ef4890df66093adfdb8b62682d94c7b,0
ee93cfdcd610e96d35056c731c166c2cf4767059,1
0fa21ba2138ae0f3880b80ecacae7564e0b43a80,0
cecc3b02cd46aad80ec91cafeef1fb6e116353ee,0
6ea51adb38f2798182a8700125f2c643c5b1071b,0
bd3ef2961bf7b6f9c8b154628a1bb4b8b34cc57b,0
f1e3273feace199e2649363e9a4b073dd6d428db,0
9e13a0d2dfbda8d8ba1020374df008da90505081,1
43a0e364829a9f830116c91f128b4346713661ac,1
dcda6281bd4c42fe239d20a17f3eb34d35b200eb,1
ff79de41bc3e267d513ff4605334bbc0135ba84b,1
092229e1d96670440cbf2c1dc0e68865a2cc84fc,0
def008f1ba2a29cb1e6254e016a14321fb94052c,0
db4145f6ec5026dcc1ef229a7c69255f82bfa001,1
91e76172abb51f69b23a709eff439fa8e8495c32,0
60072c0f2098362e52465124305cf380c399f841,0
e1327d05b2516844814f21c37e6d4ecf899183a3,0
3519ede2128b742a1e55e61894ad875acc3b126b,0
d83b79151d9a74b6ee3a5c78f425a32eb7ed082c,1
57a750e2ddb71df945b40f5c0b6e825fca9b49db,0
2790c536f132a7ef5b0a2ab62e29f7f878197cf5,0
472ff16d2ca7972c17e8abe669d2759cee1c677a,0
38b121e371780f97e39a1b725b6d10e841d1f659,0
a667ea0a8c948fff4f59beaa393081aec04e8551,0
b05fff3bc03c92a194575bd04a810f34fe85bd3a,0
6bc0838042f640d0187bf6071578f65bd70dc837,1
6cd4568a73e4aa646aad267f5910af7ecbfa8e27,0
08c5e5846e0c2d54f053ed615f06e5dadaadcce3,1
2f4dde37f06326d6f1d7f82b56a21e42ca1be1f3,0
e632c2360901be1f20d2f946023849779e30e89a,0
281a008feb1b8bcfcf0cabd8386a652f64723cc7,0
974026b0f1ec44fee48f86b496286b580fb4c99e,1
46b8990366b52766cc8054dbba3e1f678fd54ae3,1
d08cbe4dffcbf40c00267265e299bbb7de028067,1
28ed803ec51334d23378a779ebd25997dc704e5e,0
be0cc420697e6707dbab83be83da51bcf8ebb99b,0
784d75f02b351341b331caf5562c2cc636fae0c2,0
24665578748081fef389f571a3efad8495faa5e0,0
73d94575eeac2f6827e7993f71a1bd92df97de75,0
a8702d49f151265e025d49475c304a9798d907cf,1
1304074248f7f872c79536eb0a6da6d78f93812a,1
682b5a3dd335db36773424efcab4651cc1754551,1
9e964ba1a2cf1a13cf67261c7a9ba7c312f06ebc,1
e0f34b9cc2c6b7ac4382935f74881ef02e5a84dd,0
e54fe48f851825fa734ba35868825dc06848b5c3,0
537f27e8e229aa21b895ce8e737a57a4e0d1139f,0
e968f3ea70f1339cca68f05c28ab4305d97c296c,0
54e5de0fb96ed6407200a231c7e03ebe24b9fed1,0
6a795527f1125d4b2cf11e4ac0d5284a53d1540e,1
881ffd5cd4062048ea1323609dc8ebbb3ba43e94,0
b7d8df93e2af965a08cea4c2c88c36bddff6fb0e,1
562e473ca4b8e9f15faf4c6aea540cc5e7e188e8,0
105753dd629dc66963d5fbefce9257566e929506,0
a21bc52891158bb06c848e442399ffbeb0d13490,0
450a51f74a0965b2857983d9452230c79e74e35d,1
540cd422a33e56572b0eef6e12ec3a3ef62828e8,0
c5f3477ad090435fb1b961032e0af98654f0f8d4,1
3c2e2bc58c36c3dd739c4f2fc38cecd58f950162,0
51cf41c856a02207f7eb26a35732fde8b9d972a8,0
802667645b94051c8125ceeb9c25b22a44e59d83,0
cad25236324fb7645b8ce085bba8bca5c3e92dba,1
b5ad9b112ba2803211be84504f3d0f5490c9c847,0
03ed3fce2756bafdaad0d3c349b6c18421330b0e,1
bb21f307c8b5214722cf50280b916c3c5df628ac,1
5b89c457eefb0ba01925cde06407521824b4c742,1
fa5add3cf5c5f5fb1b2be9be2ef6a6e33a176634,1
7d48a1e89d4bb82aee359e2a6170054e3b4256e2,1
8da577d8f9f6a0b769040ea23a4e7b5ff32edacb,0
cf461b2b502c6997586d1623b634e6c1a7410bd3,0
dc5576e5ef21c1d71e111242d34987e933190936,0
1e9621e503995dcb321b972c474648b6b3016725,0
f98ca20d35aa1b3e0741355324695458a2f1068f,1
256b9c22b116101ba4902f63ff042dde2ea1267f,0
7915b1b72178ac98d701df3e872ec8139316afcd,0
f94f9771416d20e7eca787f7ef512060f570a366,1
b8c2d2063f86a992944ddd777dbcc4d414531e9b,0
f026a53a7278d1d1f15de6eb62d6bf338806b0a9,0
f91e4078b2f6d138ed0ed9ada28b52c9f72b79c4,0
cafd11a5812f9c21ba99734bbfd494b7d9e3de70,0
19fc5b296c303d8f31c67a56f311367fd43e84bb,0
dd4442ab52527d1af4890296c3051f5a61f392aa,0
f5619fb0413e7fccac4edddbb70b9fc18e7c7380,0
7664fcdf99995419af60821ac2d6f06febba9381,0
be2b02b3cc4760fc784ab4a93e073a193bb58fce,0
9bbe5235de387632ca3926c46e5e0d7473d97ace,0
60b2d8d88aca9a0502b118d7589bb65126d51672,1
eb4dcac694d5af0046e24dd19e979b73f1f849f4,0
21273e47d3a21e05c57e11ac1fac4ca6ccea993a,1
54cbe7b3c60b1ece4693d85e42c6b6ca2475bb75,0
2136e9511caba33574046ab8d6a55a091aaa9ac7,0
386d06d80765b8525c8e034e4423b976819a54f6,0
d6a63765d6adae3dfd76fbfcaca8d43bf1f18a01,0
48a8663badef58c950892d1055c92c9a85f80fb3,0
e77de881c92a627099b08137acfe433582b85169,0
23f8d736520e91891488c74ae13017b5c70956d5,0
a93ff2a9ba817bf36bc8e2feaa4e3390e778b3a2,0
07504375b3eb276259eca4d2af1da819aa2852b2,0
69dc5ffe1347243f2c697142d576154e745abb50,1
2ca0381c0c15d04067469504bbd2f91b2b9eb6c4,0
aac1b80983cc2418ed6309ade4b67bfe10e914b4,1
923a70bb6f2df5676564e3e6e811f8641eb14867,0
d289920a5cee047eb7e0f4ab0d8c2d51625cab0a,1
82b4b5ff3d341eb3b3266f8de4df722f421b994c,0
a18e2f73a294f908b08e936c121d17604df00f19,0
9e2ef22e0ac754949bbf345359f4b8ece1563f81,1
9aad0b9bb9ea945afdbb0646d9878b84862bfed0,0
0e5d4d60ac85a759ecd91b06b57d37217c0d0f32,0
2462a149302babb20a7cda335d6e5762755b62d0,0
01788bbb441f2d8d07d154aae2b44979f7b0e620,0
c4076bd646a872c07016b0619d966f6b38c0147b,0
4d58a86045a88587337ad9a7b509a7f31787275e,1
1437c4e5d45c9d1e7405826756b44d855f598657,0
c3de008748ce17dfa02e76f86a5b4ce801a6e38a,0
4f32913d0b4f70f356624ea15996204fdf3a033d,0
679d23b6de4fd43830fa557f4b8ad088af55faa0,1
65801f257fe878e1694520940626aca36c93344d,1
f6f383c75c57f345238563fc5bc60a74e05c8797,0
e3cd14105606b6c703ec828ac26e9f3f2560e146,0
ca5384f5b9ae50913263e2a6208b2767541e8010,1
1e914c04f22d1e5ff0b79b0b5e9b41aa277621c0,1
b83db2ca9b200ba879e3db51e2f2f91bd6d68f0f,0
3dcc890213cf2c1f3b681dd87347150646520c1b,0
b4e216500425c09e0210c1137b196517d700b8ba,1
4e06062157fc2ab0bccf81cc6cdeb174cea3f130,1
06905e59c759b2a9935315c6e74556b728ec160c,1
68a0d52befd4676542beff14788ebe4c9820c118,1
5f67e9384b0fd41beb72f3e247f8b5f9bc5d1201,0
700002d0f9ac79a4927d85d5b23fcf2e1fc5981a,0
a3e769fce196daa55f139326979228327571b588,0
074eac71c8cbd07d399b071b0f064814fecfa9ea,0
8b7fb2ae0af87ed98246594a4ae5915d6da01ded,0
5882b4448600620e57573f2dc06111d9da3a26ee,0
3a405e11202933375da72811efc003d5f48dcb66,0
fc5c45c3501c1b2d380ef4bf0b3ce3be3104b83d,1
f4ea3f01ae53ca7d52a5b5c4620d2278774a8f6f,1
30f44508708649d6bc5764c947248b1e7b8f49b0,1
b7fa6ee74c9afa644f9b4c9dbc44d3e956ed5f8b,0
572a415e8ff0507c5532326c6c4b5eb5f81d2b21,1
952c965c7154dbafb5a9a94939cdd440b2bf93cf,0
4f9654f6d84ba4d37b95f33cc7ffe61cf2980295,1
d060a2994d4777c308b36e06b474749b18033c59,1
9d757582ccd320050491dfef05249a07783909d8,0
1f1bee55e04a8251ad67c958a39469375216f2f8,0
ab00d027278321424e3b5d9a56e1055b6c8233f8,0
132b44e88f42e7bacad8cd5fc3638192aa6ebeaf,1
64fde221ac9656e52e98c5f7d551cd4cbb3bafca,1
b300ed44395328621caa0385f10dc98593ff1b26,0
7d22af4ff2b4268469030ef51fa4c25b73997870,1
cb10d787b86d81e5fb460741581baf8cd72de868,0
1704ac7ca899c0937afe6b1caa71619bffca39f3,1
fef0164d7a0df2e5f519877c723039c50b54cbad,0
07261080aa3f66d806b61b4a2c6c554cf07f30da,0
67cb29c9a4951687f53ba64aca4fdb9eb6b2837e,1
e45b6bc268f269d368ea83ebf888d42dfee314fb,0
47f00985014dd9577cafa540d6201f1a1461a874,0
939b69bb88c1d91b144e08fb5390a0c08601e75b,0
b629c6a6ee1da09adf1239d6943ad5cf5ba4040c,0
7bf4cbd6ff0ac1d202db2a6310fc6fbde7cfcbd8,0
dd27865eadd0fd0d3b49816ead2e283adabd0925,1
7ed7774378b204d3881056554ff8203f4f76135f,0
d50e60468850cfd6b3bedb25c0c774bf999b22ca,0
2f667eeb9f8f6033862ab0e97f3003e6b8193190,1
a89c82f4ae91fb7ceed85d727c4448c9a8151852,0
e98ae8074dcc8af96a8c8d2646a4ea18ec2fa962,1
685380bb9f1543beacb4e2edbc90005f69540f6b,0
26719b8a4967a5d1b21379567a3e910ad7f205a4,0
4c69f85b6d9dd379525db56d2352ea0a991c9d5d,1
72b71f64d1a56164963bd7001d121f40dff4094a,0
b383a8def451abebe3c506d62b7d0e966ead0ddc,0
2a2e1a41a557f0b9ed99d656ed3b3a5d1f2592f4,0
a03c83e87174d8c498567c5c36cfa95e0ba16979,1
c2008b1986e228c600a9a4842566f1c2e074e319,0
062350c00d7e76e0bfd320c691359f7af80db100,1
7ab784e47ec3270d059d25acebe732f3ff6083dc,1
3235e6b26560be1edbb7d76893e38bcd40508ecd,1
97325e37e044462765672d1b09c10e9106d3ddb8,0
496d34648b544f291643a4330b8bd1c828788b20,1
ef8f62fe8e07423c9732a40a5535b334926ae536,1
258aa498080c4f216edfb997f0742854cbf4372d,0
58dec5f064899af65f87fada621a6d49cf892a26,0
b56226c005aff2c6f4fb1a5dec04fff1cf28e6d1,0
4ffff9cb0e90ab7cb97e9fcf17126ee2db3ae3b9,0
918517ffec7100c4a6731b07a618ee0e7c4eacdf,1
889319e62e74b8b7ead5f80c1d588dc897ba8f0d,1
51c41110affb826be49cb320af09a30ff370aa0a,1
0cc665aeb68666f781f835d2a61f14fe6d974c28,0
fcf784c02a3cae77a32df505a3242a10bf3fb30e,1
22cb1eb1495bb1efc68bd9d4ba659392f5b91ea7,0
c616e8cae373d456981bdc40d60446764147a07c,0
b989b4b74a27eeedc464bbae306025e89b9c37b3,1
dd842ec963800c83799455f991f29b7cad0fbc9b,1
c5ff7cf3ff89a3af7ee69d95ccb8e56111d614f2,0
df7042e1a210464e33933fe127b364f4680b989d,1
08a07cee24f8d7b5c8859b06e8ec29c166a2ed91,0
0e4bd2ab79c7f5e3c9d1d9d6e49d839e90fbece2,0
042d8cadda0c4bc3248452c567d43c372c325dfc,0
6844cbcb5be6a2a0baad5fde90269be68aff23d7,0
7caeed036234832b087aae45d5a2e99bdc7598b4,0
3cc29dbfc5dd0dcaf63c4195cfd97384b0f4409c,0
5defc2763c21ae605829b01c7e73405d5fabd5f1,0
5f469dca2a1c5bb1b31f71e46916e3ec1c474f1b,1
5403040489ceb6c0c6c0d209ffdbb2a4e9de0b9d,1
4e74836d11bb6c7016603430e23240ffbbfb32eb,0
8d3010b9c2394835ea1bf71744e9ea88ae9e4d6e,1
23595fdc86f2172867709ef61346ba0d0f2a77a4,1
d9e57b19dc2f175a828283872ec3ce05536998ba,0
1ca02a1f0db3bc558769b99da81889d10f07c3d7,0
0587476a6874e8bc60ab8e9aa31d7cfded1c5d91,1
a30465eaac2b2ff2dd96cff5e1d49744de46508a,1
bfebd07f46464b5a01a1920343de26d42ad63af3,1
c57c918b7f5d812bd59ab0dff096c51e1556dc3c,1
8f1a20eb47a06f5e4e92f812b0afe92ce76e4dc3,1
0d26b8c40fc20abe5833dfa3e2c051f460e7f294,0
440c5d0af80ebc43f17e7dbbb2e0e32152535c4f,1
5273d93cd431200093ca43c055017d1e0a81f0d9,1
d5a323bd6a6c6c3e1afc242def59cabdc4c2f81d,0
66f5e26a96a18e67d63a3940a130099392e140af,1
11439e84ab58d5a4632c9630eeda063a582748b8,1
26974134993a9536669b223c2f19ae6f77ba6db0,1
05db892f1500f37fcb662667ae4d493555d2fd17,0
8c293b29b4a7ed6fb3752f14845b8008d781972a,0
faebe433f6ee5e1842d72e959be5fecce07f3cf1,0
f48cf39c00f78c6984022ede620eb3169ed4fe85,0
40cdd30de5beb900edc76ba1a01dd04f1a5b632d,0
a7d48cef42505a87fffc2bef132dd8fc4767797b,0
7f079e7be6b946f6a56719b969bc50547ba35689,0
dc060d104f1f3ae82f04e4f498bd7e48d5121a58,0
dc8f6999c8384de963c8d09fc5939b0229d41495,0
fe29bca6ef7398c09319305751912c86444b35e3,1
6cd3191000ea8f9a8ca618834158b5b8d2dc9867,1
96ab4b5b3b02c04a42177d420b079149a113cd8f,0
86b5de79c16d0ff8f1df0eeb6e1684e3f9467caf,0
efac74b246f384d1652b27a9123a47eb3dfd50f7,1
0cf0a5275e90ebeabb85fbf306a4f63ab941183b,0
e5cdddffe977ced5af9bdcb289d524c67e6601cc,1
36134ef597ffd5b73de8ee718582c755f96aec5d,0
c581fd4949412a47d644d668e088df6b488a2e40,0
db0e31d1af6d8af9913fb1455a064aea6e927c7b,0
c3a79dc6ef8646eb50817c4990abbc8009bcc140,0
26696d6baa1219a39af2f50e2d43c654b4266328,1
5ea5b3239ecdf83262c5af60bab8add30f7e0d07,0
4985d70cd7b788c4108aa76013142ee3888ffe9c,1
013e493d91aa9b98605f7ba85aeeeeff32c99eca,0
d7062ca5d101a108cf5ce376506ff45b8c2cedc4,0
ae4161afb0c14d86104d8be17b428872869318e4,0
e99a80b8f94809c52325b7249c2c29a944408af8,1
97eb8ca6e2cbf734dc2bd0f720fd39f71fecfee3,1
a5ca8375f49adcd44711d3878ef28712e5238ad6,0
3eb2716a60b25ef43db7c2c424d8d02790c04174,0
4937c08e5748a70ef568506e3ef7a53a13554637,0
b3fc70c66840e2b226ddc0a6a4ff6295bae1dbc6,1
4dc6c00b1be00b4baa7c977d5ab4d5399fd37445,1
e319070dff7246c37f3ac33b1c1ea5aba74b87e8,0
267e827ee70ba348b848f89c532f032c03c8a3fe,1
4ef3d536ec3e530f8e2b2129f9c961b17bb6f613,0
f6de1c7365082c80713cff4bb0219dfc44d8041a,0
6c3ae1fe405f44c8d9cb18700fdd6c46b4797c66,1
1e2b9ef5eca80513691597b9324c7fe157d93aca,1
eb2c710d8373489f42742e0d3cdbb2858b3c4a89,0
1d1b10a4160750ab36369f0cf7e8dfc2e7ebfbad,0
c7fafddbd5719c5e09221fb23365da6b3295a426,1
f0e493522470d6c2b7584f4803654b42b56761d2,1
827ff6812caac39cdaaaab350e4fde8f432fc75e,0
dee2fb29ddde971b579bc105693ae0a75e5f38f9,0
8d812a56925edfb574ae56f75d6a6c66661caffb,0
ae7509f25d792788fac3a3567181bab70a6e61c4,1
03a6609606e63a67242108374146d18d1de66b2e,0
15064e62bab89f9b95d33cc62dfdb2f5456d906e,0
f98a69483c528da5b76d37ce5e841f01ce179c3f,0
0d5620cf9fd58f0f84cc35309c3c60af35c2e5f3,0
3755b4eeab53b76bbf982866143f3683417dd848,0
013a39a736c16b1e32e5254ae52f1d2c25730da4,1
ff652d0f191f8535cc465bc3bcf52cd1eae8f790,0
f584517e4a70189705f140615424744478f4d2b3,0
8651206c007d84b691a889f94c1c1d2c190306c4,1
e379ccfe61aa57fe01bf433705089990e1334de3,1
b34b19984976557c87a5a7c637dec450fa8e1a7e,1
60ab6786635cb2ae937d9fcca7d6ac767ffc0c89,1
7b7a88a0c6ebc5d094e34b3e89f9e6b7ebf06acb,1
b17642351f5eeac14773c40cac98ed8314f47ac2,1
d7f1574f19666870488b5f45f2cd7ada0e376ea4,1
c6e31183d51f50f0469033d20443321269b9d16e,0
dea86e06442ac82779e74272cc0650040067b42d,1
c08464774511a4b7b54589951ef35f374e850373,1
b2344a10588e0aa0816e50904295e8c231f9f9e4,1
ef1eeb83673e6bd7321299ea8993fc29b7321b1f,0
e0b2162a14f14f1736f34512400fb7557750332f,1
e17f27e0618d820c4a27108f49a2127015d457f5,0
2cc88699e75286f8cef1760888f9778840c32154,0
b62c580109095d9a224c40fa948241f6666cfbda,0
bd6e3f75ed5b244c5f052f127bf3b7d8073925d4,1
07119c43578181c8ccccc863c696aa6c59f4c3f0,1
f7d1185d702e653a2b6831ae078154ee829e0ab7,0
7ba929645e35834e72361b1621662a6b76d792c0,0
54e7d3df3dcaf8b7a46bb32f3900ea1e869ff339,0
b1942cd75c75ae47aefea82168fba46af81377b0,0
c1adc4dc7309ddb011b37b55beb57405bbb694fb,0
d4261dbd8cbbd97764f3948e67451b94074431d2,0
c8d39f3bd7c47b796f2bc77e2d13e00962d6f04d,0
f2503555c0571e10bae8e9878ed6461aa1e3aef0,1
baeef901241b953f0c5f2f9fe21c0aa124800519,0
f5229b24c8fd5f7fdfbaed99f7ddd1a6fad7a894,1
c2446e89d134c6aa239572d3428819e5bcb2f197,1
8e4231c1bb51e879abfc8a4a7b4d14c4dbe91d19,1
51a478ad0755331eaca6e788668c6f818d4bfaf0,0
21f82ea8dbfc37e2d6f217051e9b9f9d16dd0534,0
d8a3da50ec8212a2edbee94ca9969a2603792173,0
b4c2b68d6851864cbdc44f80ddb1a7661ae55de5,1
610640e8f0755f55080d334a5d1a33d5294ce034,1
80e70822a819bcdf3612d1b97dd04daec33a8935,0
a48bbc468972ca025f302686d6d3aa534e6a6f07,1
0a23aebe04924b0add4cb59e86fe990bbc0b1a1c,1
344c31771c39fd8de6e0c4cf6d3f1f5071e8c3c2,1
0180585e5e1e52aad4afa7ef9bf0bbae51173960,0
3bd9aa8d29512efec82b30b073b970104b35150a,1
168d124bc0e922d49dc8c44d393864bc8f0016bc,1
8d5ce25a00d6a459d69719dc5d1a6d73c35db29c,0
4e5430ff8c0949c20dd2c4981a5a6f68046b3219,0
f62dcef1bf6291f8b57968eb82ed34e59199e889,0
cc5204583331f088a38b11171253eaab65fbe568,0
f51667c1d84263c70e62687bf96725303f0b90cc,0
301b74a891d56d70df8d990f973721c9d1a222f9,0
a775b2117f67f133b2146f03425f2624c89b68c8,1
9cf7864cdadb769269ac59627c1e0e669c2b8282,0
ea722da5d068e02d1d8878614d97e18791644de7,0
b078baf67c4ccded48c719d46a1bb40c8e26132a,1
02f0d4bc6c61ac039cd961a1672d8978b0dd391e,1
62ed70e0fd4024f0a31f4e380301e6c5d846dbb1,1
d95b711d8a5109d12215877e9e5cdb95fddbe547,0
1c77f48a3f7d44928df61af0e3ecbcfa442d7e95,1
0fabbcef57a6defbf3045fe5d67d71d927ea4721,0
7bdc21c4123f6510d561a0fcbd29f86b9243c86e,0
ce7f700b286e2b0839ca33717a12942af93ceb66,0
7315e363d19af450ff00e53c9f9e4c498e7d59f4,1
492a39b2940176a63f7c55b21ec49044a4068a2f,1
2e03c7b2f557214324de072f84113054fe3fec26,1
e89efb93304e17dd3949220fec43537442392434,0
b883ee6d22ff92c21a7031fe9524d8512da3e52d,1
4136d99ef98f9838115744ef05e0d36805806978,1
6edbc27aa2a9989aaf0e253a853426a3b239a73c,0
2578e1b91d73c5857fbef1a735db92963eba8102,1
d5d51f289ab6381956b2d0930734d2524aa56604,1
9a6a62c632c0921e44d1571aa690bdb585e1dc17,0
7131cd8728d5d905fa3300b08343466599a4d76c,0
0109faa04ed4b0e5225d94b6abce082e6bd06f90,1
ff966d5b7a2caa7f6574e15ef6a8e0ecfa3fa0dd,0
95d1e9baa33170265993db64d314857067908cf3,0
14303dd39818ec4fec1802e4c0117044d67d338f,1
16b2c7ad0995dc695f27513a918cd0a341465e04,1
7d21996c7f83c634d007878f2b2ff0351d723742,0
d3cfd3b4a0036f19e142393b77f130c568670770,0
e4ddafae676553631568d7849cd82c13bd85b3a3,1
b719bb647c8e95cda9294ade3d90f13300cdadfc,0
429a1c61917b0c184ffcbc1d6f3473dfb9967ab3,0
b3fe3bdd172cf00c77bb30dd164da77d6aead0a1,0
ed6da6ce8e9cc45331ae0c2418f71896d2de481e,1
e915d25f436c026363eda5514407ce829232e2b0,0
f345d9ad518e6102582b1a1c881238fc2347d798,0
aef833c6f55991067337e124ae344e35cda51bc2,0
bb2aa11dbfd6c47fe5d2245bf13653dc27d70353,0
ab78a5bab90cbb4758cc4ac69fd2b9c5ddbaed24,0
37c91165ad599f59e4ce619d7ee314e8eccbe70f,0
a11493839ad92e46b4d08c5c034f6c8ac4f5d819,0
dae6aca1c766c832d8228355232ff4ba63951747,0
aa390dd8bddf649677b1a1ceddab4f9578d8d63f,1
a8152c7d18a2f640ba052ae2f99350fc427264a0,0
a05b3b37d900ff9ef045f3c49c5d8b8d367d92b1,1
d7e4e88eae845f6edf384c52703a6b108514bde2,0
a89ef1a0342a88e6b0fc4e20d39e7a830699461f,1
a27e2c8129fe33ce41a805c45dfebddfa3e6b8fc,0
5a6315c135b10a1f041b98e2661199e27d5690d4,1
59f1a56724444f895ca2596ccc2a9f55b696f7d1,1
1c7413f5872c7d58af8460e761bf49d799485646,0
bfd77c50344837a272f31e9bcc201ba69856d32c,1
81623b9afe6c5f48ceb3ea0819b3880bccbeb628,0
c68fd5a051c9330f9490dc1db8976978b6cea209,0
0d22b59d28a67185389d4287c5d50ff9607983e6,1
ff7603835cc2fbf8323e4aea979ab7774fa2fce6,0
9f12c8f201790f37f79e70592621b802960b7d22,0
05768a81999543278e421ba7ad797e75d30de904,0
e6066bf9d7c3342868950de276436228c8f0f13d,1
426169823775dacb19066e3f5f42e132c2c2c08b,1
7aec067d8c06f1a2bdf4eaa14158af86cb203246,1
ced0e35a9c4871d01940841e3ccad4fad31094e9,0
99b6802a74d2f7f7d363a9927481e28ac68f4c2c,0
4f5f014af5fee8fc55d1065fb066e0a2f8ac6b34,0
d695c4922e531a58f7cfd4ed74ab8ef9e2ee54a2,1
22d0fd88f7d68bde55a74151ba1442555e9be93b,0
43ef282c19740e95dd0b3ca5b4fd8681e91237b8,1
6253842003dc3b8ef583a506530994dd997052bf,0
25ac5f8c8d4d0e1cd43db7722e790a4a17ce2992,1
4f6fff63e687dc0e287a8021dba0c964398e3c46,0
845d3018dc126bbaa49f0db4b9d7d0fb0ecabcad,1
39d1216e5e55833ce87a52dfc9afe15739543694,1
0295cba613dcce24e1aafd6ff859590c55067808,0
72a5093a138eebe5144ee056c6db81761301775f,0
1376019c9922e81bba5e23373ac5efa6d1c792a6,1
81380139ccccb6127f3039d52d56708adc29c511,1
e59b1b0d1c2f27dcff661975022d072cbcc2e567,1
c98bacf9c54c2aad42f223c7e671b9ca2ad0b5df,0
ec8cf1125e6ff13b81578eeb300cb5fc19627280,1
326db5a50581977e7fa55d383a188eaccec01c50,1
4e12677c79fc71f2443c5fac5e69e377e301fac3,1
245c04ccb85800474b00d4966f16343a36cfc099,0
5a33acfc9485b1133791232e825c5bac542c01d6,1
a5847e47f2e282ced8f4151125cd1c407ef9ed51,1
c7ccdefdaecdf0ada0e3a7a843908acc2997a5d3,1
f7ab94b8061f344532fe777b7b1c164cba114cb0,1
5f525c698d57170cf5d0ab896ae465670970755c,0
2d038ae9e43dba02afd7c79f7b2269f8bd193fb5,0
ebfb177256ac6d1343e48a7b2bfd30c17a109b29,1
068a3e38ff4dc54a7297a40fecff3a33884087e4,0
0933c10cf56ba8e70e8bfb88fdc836b1c77684d4,0
81b8f71d2b575ffad8d4581e4c2783b6295228eb,0
4e729ee922764b404a045a8579949fb51dc2a67c,0
e97f33b679b66c0c9d0e334b28fcb241ab0c81c6,0
c8b5cbde45aaecd89acb971c2c9298f796895c7e,1
b5255a0f22c5bdebba95d1889691fc1b2b994d4a,0
cf4ebd328153f07451ff4abccc7e3e61285ae21a,1
e1dca767bfb18fe79ec330081b288f1257e0beb5,0
afb62dcb8854536a6cfb2d58799bb48f2e8d9983,1
fe14cbb2a9c17eb96ff2124250e551d04dc0fbc6,0
c8bb7cba83dd0403bb7f58f2634aaf3a36660817,0
9bfab68e98666b96857dc1dbd0bed773891408eb,0
73c91dfde4617253af8b271f8ce6f45f2c71c453,1
3ef72edde5d9b4c8198819f86a199def5924de54,0
3611de96e00359b9cc4bda50b0a465097710b943,0
6c27d34f9848c308ddb4f19b333f6c1d600d9b5c,1
713947b9069e614efadd48ca856bbb7613e3cb3a,0
202945cd602003e4089ef75401f7e372c1e3112e,0
ae7fc4d44ca57e2659ddb7ffd81938859a742895,1
a9df9b4f0ccca9d89a3511f2d08c1ffd503bd673,0
5e09bd4d94b0a33aa15a60986dc7de65083a3bf3,0
6e58e181d5527d7b5786925d06db7228143a48e2,0
514b6c21a978d26a5a9a06174ef61b6b5dceeb6d,0
8305b5aa78da75b504a540ef45c282619a21e748,0
e97977f702f865325f3beb091a8c71155f219bde,0
73788f78293133c8b3f8eec0f17dd33926997ae4,1
d8186d6597a44d4e50fa3e7fcb9fbfdb18f471f1,1
5848523f61aad4a2de07558e149edcd106e53f0c,1
4db4dfad5528ebb6b352e4591e2c6f8123f273ad,1
15755e789b284b52d6c3b626d0bb0debda7601db,1
637d17f54afc845cce0260d290f1cd1617d55d9a,0
08346ccfcad9105ed4237687b4f7c398adea610a,0
f878ef00874e4614788eab6f1fb9567a3eb287f4,1
18551a09b171da3aeed01be68f5cd8cf4e1a06f6,1
046bd2164ecbd7b3923f9ebeb69637503c7f73dc,1
29827fda619e96786093bc380abfff52c095e711,0
ad589b74ca4acc3d5f8e087861eb709cc498e239,1
f2c6063d5bbe07c6fda8bfabdfd242729ddcae1e,1
d034157f6fe82b4dce20b469a53a1fdc08524066,1
3ea9ca194024fb20a17693aa3b7dc8e3a6fdb2ae,0
3e0f998f4afaaa7478a0ff26e736bb42aca69d6f,1
e9b81d23d7bda76a46cbd03453d08840071da5f9,1
b823c4eb554609f884b0d90e4a28f834832bfdbc,0
0b1e05e795da80cad3f36a6a4db57673d734303f,0
c379e7eabb009a1fe39cc6067cf6228dfc9fd8e1,1
7328c383fe5e4bfe0649e1ffba1701eb0abccd53,0
4dc06fd0529180fee101003a5ce813d053c56399,0
1daadbb3050c482f87e6a89537f194c01109f0c9,0
d279c9d4a2ade189234a6711baea258b95107719,0
c1d4b073a3e340ecf490a8b79a00c13cf0e31c6e,0
4eeed208ffd4598f72ad435e669f3e2213d0638e,0
d247fca83ec00f9bbb3a7ac7cb7c89a673355de6,1
0e4e05f23b5ee2d140f31d1796652da5e5f39b25,0
34410e154a2543d11dfbe352a58c223f355d3f5d,0
12851e7dd7490c83fc9a3d726f29108073f37dd9,0
bfd3cb59f7e999ff51f24d52b05aa47b3ce8e9ad,1
9b19ef4ce594d3202b8e8aece64d059fc3b9f4c9,0
0dcedf8bfa02054e209f5fed9a171eb1a8661b6f,0
3b017ad6083bb8a946946d772c4d488810452376,1
359fb288270c2ad98be097e71ebb6e5caf3c5d07,1
283e13fd4957597c76b546768053eb1b09e6ca71,1
6b2bc1a6cbeb301c4f89e10ea52aac1d3d4c5ef1,1
af264a837d7a1587791239d55a0fe0f3f6c0ea84,0
27c96ec9ccdddcc2524aa6a38092ac5c3491b886,1
032006bacd61332a0086173a8e252fc57ce2b572,0
2740111938ce518c96715be14c0c51904123e0f7,0
f236066cd88640b9c6ba3cbd0d1887721e5e785a,1
13b9a21ff6b3060f92975dda1904d5443b6f1c2c,1
884e404c8f62b2b8c59ae3038561858aa9120f37,0
77b80c3217f294b0ccead7549e7b97b1539142fd,0
60e2310bf129b11c12374b65bd1e36d53946541c,1
05d4d8569b2fa7131bddc7380ffd8ba418f3470b,0
19d066dc956a40a8fb2474bdbb1eda2741839dbb,1
5875c1b9cc9cf7d61a8c52a1a5d48619ad59d46a,0
2116b75273f411ae118f47b9abccb68c93f9e25a,1
b865ed398fd9c1a07a6f3dd26babac01893ae870,0
d6884f3c2ead6a0083b49e4e5451318843a3a04a,0
aebf00b19dfd284853b18d3e5417592b6bdb64ac,0
a7eea3d5ff3d5a730aca0e7d47ffa7ceddfc311a,1
ab76b888b50c3056f66560eb64926fb6135ffd5f,0
7719fe807cb8974a52e5dd027e6711aed35f47d2,0
43006d32532c768dc3f9647af19862f1fb9adac7,1
fc67d25ae5c95cec6a864a6e20fefb09f7578052,1
f7a34b7a74f73d6f40118e12b734fd9483a5995c,0
a029a8a02aebab8a15769422af80d60b5f3738aa,1
cbfa13f684313f84c95cb3ef9ac8efe993e5b677,0
115f915242748073d6e4ceef02a62be1c3ae210e,0
056046847c7e88dfea9c0a686e08a524e1df8503,0
e392a1ca4c163f9c2b815dae85f0ad4f31c930bd,1
b5fda6e2fbc1dd73734e4fe4dc785d5002b40e8b,1
feb6f5c482288121ff7816616de6b46827a907ab,1
54bc65c6e6413341d992dcbc910ba8c47014a820,0
60ca40bb031a60af7cf43b80247f223becc7b840,0
91cd324b5d23e652e25fc8ec057b369aa49fae83,1
718ecfbd3f6cf45ad4ccc8652a260f0da0067142,0
93702ae8ea2254fc00c27e527c0a8cbebae55636,0
bb1e107f52994925dafff3626f68ed94b2c743c8,1
84919b0121f489d9c7e671b7bdce1f34a91f529d,1
62cb4e3aa3a9e500fab30a68740b1de558f765c9,0
d43dffdab634127c17d589801734eca34abcf61e,0
3c3a496070c164050787e912b341e461018a05bb,1
cf674cc3e7c01009289bdba19be3f99d8a0eded5,1
09eff257babc3ce1be559594441a5f05d79ce709,0
f96df15e08087be9165bb48e299672a9646bb8fb,1
717dca6135ad4ad6114ee7f69fbc06c71abba80d,0
afbdeb106d7dc19be50c8af9dbddfff15a25e11c,0
5408e22982639d54501cb83c033396bcec9d8230,0
4a4f3b1b432827f88afb372c80c31d4379215d9c,1
c8e1c438d3018d1cc7d7a0f8d9f7d1b4ad552572,1
260c9c36b3defe6a11178a7659f17b33ae8b8b31,0
8bfbd61d12d87da2b31d9b42bf231e0f42193d02,0
551cf7feb1aaffb583f1e04a41c727ed44ba341f,0
1d5cb2ad2c0a8719e019cd5cecc4ea60feef00a5,0
0c17df5266c3c1c5a8965db5e914d4a3ecdf8575,0
300194932032a3107f4030d9f2b4513d2b1e25cd,0
b67ea321e901220d79a3dd2ec29b8647f33bded8,0
5905553c22f68b2158c9d30f0640d9b887e75221,0
3a0612bfc136d6424a0c7fa2060d004f4a474e54,0
3a353e43694b7da6b5721f4c77255ebfda9e6bc2,0
cfe1bc482d49c722973e9964954c73b397c71fec,0
016762df6e5a04045bfe6b174e635f0158359ec4,0
bd2288dba3abc69b0cc0d4c55bb6e84fc12fda6a,0
049d81e886fa7fd8fe73ab101f1f477f23c32ecc,1
e938175acf32cb3a6cb7bcff3b7d12c38994f9b9,0
9d5d2bfbdc56672669f43bbd3a044584d913c3ba,1
b384262307f553cda718010ffd341f1cec947e0c,1
3aa616f6134876942b90e4562cab3dea3fc3a88c,0
9d048959067c64272702308796d9e5fb2e0dd6c5,1
b45f165ba1b1d9b872bf797fea205bcbaf4b0a6d,0
4ae3118f4e57a58a37572c7f87d023693aaac051,1
c36764f85b31f2262a189b580c060218844e8532,0
35437018c382459607cfdeccd5a5478189b3180e,1
9a5d9910cec9ad67da4b1936db014ebbabace612,0
1090e43d8573ede89e5f222e1a9198d36d5ff9db,1
2b4f3b8428578a0590a0f115a4a19603906244d2,1
84e8a420963c5e795479e1a0c2eb27780645c248,0
4f6ee89270f0f54316459201cc182bbee5b3d626,1
62cf7b668ee5c7c71ec0eeb70bdf784cf6aaaaf1,1
7a428749c0eaa5e62ac3875fca004b2b5310ca3b,1
a91c8204b281b9937aeb8f994f2b95af12d192af,0
77c8711f59b96efb22c7a45b44a8063ccef9470e,1
f71e29e3741c8bcd1b9aa9b549855ea5662ec76f,1
4a213d3336e52df1f763b79d3e6c8280e04fb68f,1
d3fdfbae137c21cea07bf7686cce29f7d0e67e61,1
333b9a498a2959a34feef356f0dbf44dcce34ebc,1
85d24d62f56d9317cb9aee3ac0bf06f0fee2e6f1,0
48d7186a2a10f3a277fcfff04ee5a2671b816a9b,0
7d1ad91ae717eae7b8e921b34f29874f7b873067,0
4e89932c381129c8ffd9999dd587f2c7e9c10b46,1
205af89cea66bcffd40a0df89a4f69962f739e4c,0
d49f1b263b8f355f0ac85b6d81af559d8aa914ab,0
2597e7a330c8cd876a115e755efc9a2ca581e1ff,1
487798b0e785068dbabf0236355bfa4ace2320d0,0
605a41e480bf1377de4d74aef89109eaf15acdc7,0
d5702d97c6f233bbe85668090f044bd0818bbb40,1
de303d26949cf61dad7be702dd624e9acb00ea0d,0
cc942391b5b76aa596dbecfa19d30f70142b14aa,0
82964b29d1edb6af40e9c18b668ebe6834171df1,1
664977f822015daf5b75c857d933588669da5ecd,1
6a2846665f0fcdb8f2700872bcf8c18cdcae3a5a,1
65debd5b27795f977b6d6a35cfc61937d031f4a1,1
a7a10df06f449db740f602bfe0006f9c972e93e7,1
4504d6323cb6f13cbf986b1e6cb8d3126bcfffab,0
a92ee88d2df710e539ae397b00b6a94f962183d4,0
856b0c3b1b25cecc48af193a5250cb7fc284918a,1
2f3a231acdf82036011bfe2c8a8b4d2e8500bcee,0
4eaf15dbf264ad432a3b991e09777ba82ac04f19,0
a010306adea0391b038f73709aae9f67e7599f75,0
bb2b1c3d4a01abef9e11f2603088cc26caa3e7b0,0
73bec5b8cfa6c3e8e97a5b01dde6c6cc7224d7a8,1
e640a331014d1e6387a3aaf4ee4064cf3ab0f596,1
2f679c7055905c650e222ab3f7c7911491e401d4,0
83ef65fa800c6e1d9616ccd5c99ad7c5116efade,0
2d8d372c8b5bc1c33caaaa767e389ab9de07f5df,1
27e058cd14c3f90a024fc351b21580d8d1db9682,1
b2afa16da5d9210bce8bb37355ef82b21ea2d874,0
8d2eef7582021a84be976a450055b92aa5394fa9,0
acd40db895b285b07df79c119b2c11557d22e68e,0
52378e8779013909a37675b106b25f040cecebf1,0
15fc380a965ab2808adfac30a800216f915716f5,1
37b19a5d41da65e44406af89afb20638a5dfbdb8,0
4783bc6993d3ce1baa4acc45bd3192d45fe8a51e,0
4f0e56fa2aa25827cda7b65582dc5e3ee1df548e,0
9af0477cf1a69609e9470c4f28cedadff9cf43aa,0
b05a685d6474c17a49b480c020fdad0a4d2a5fc4,1
bc4b3e6a2eaa847684fc37bcce79808f5e4eb532,0
d12df2cd295634cd318bb00d428aa6e58c195c55,1
c6f00e93306546bebb6e31a2d1b4d386880523e6,0
9bcb9257e72a17a4e3d8debc9d553305e005c608,0
f5ff73e301bbbafad6ecb83ce2fc84f0aebce0ef,1
eeb68d1d4d7a6ee645255e977e490474baa7cbb2,0
f1b09ee88ddf8d6377817d4a30bd0c9562080997,1
8087d0762828de40b1f6b306ee34000c6ece9dab,0
5bd7ccf4502a6521f2224a3d98018a9652d00a50,0
9396dbf0620d4035212e65a7294045588fccb9ee,0
318e1891c7640e05df7c0c558221f7d832203ff0,0
2c7a5ccad3da3e245f0a8ce5d579e0130f06379d,0
00d94ce5ece9bc60a27057a915d867737084c736,0
072144e945c17baf769e4c4d6eb11c118caf4487,0
c979085b70be72f7ec66d64818d55b57dfdeeef7,1
68fa5e2f2ec78e68c64235a3a15ded1ff758fab5,1
dde064a1d90f0b627b59c301e93fa1ed29f45bca,0
2231677565bced20862c571744618b492dd6c764,0
66a15c3871a663fa307d7bd0da015c291468a235,0
4187e4b1e4a60cc7650f6776e8941617df41c0ec,1
d5f9bc9aa5575a37a97d348b51a082d6209ef821,0
bd834699a1abb2c93a3868eed62f4a87fcc63bc3,1
2854cefbd21cf958364591cae696a32b11464161,1
2033872a3135634ffb45bfa9ed098856493730fc,0
4c6e6b3fb584db1d4fe4bd35527f0cbd7c5fe251,0
fc91d6dba3a485b893af92a8d1f9d8389702c869,0
42af3421a45f86c08dd38b45dc1a262bee621235,0
396d2b9488bfc6e05ccfe18feb523605da4cac3b,1
476a27bb7d0a86b67728a9856a48b27962139223,0
644534a9e8a90a85794dfa1aa032ddbe67cde268,0
3ea8906c9f3423880c32e2f7429c8c2758116884,1
fc5cc3027ffae9834466a1955a14ea560ec6eba0,0
ba41c64e533f85b1ea7ef49ed4c3a06df73a54ff,1
9bb3ce91e19ba3158ba8ff7340f8003a4a2ac084,1
1f26539b01002c29bb775de4a0636b88aa9d9793,1
1e7a710277134dc4c241385655e5061f29274bd1,0
67171971ee9c515162708cd6115548e3363d5fa9,1
c7a59d71a777b9d0203e976d21e4d9dd1c2b8b46,0
abab2471e938690f2a7be6a25d1ce2d31da4936a,0
2f62b87a547b3349baa4f2d349b377a6386abc75,1
c4c53cdee530a93520e1e87443c4ede07eef2841,0
c726dba8ce3948854fd5c5bafd4e2d333de656a5,1
f816046ce426e6e5954a9cccef5bdf01968a3bc3,1
e28483fa6f9feefb44bac47682f2c0ea17379714,1
26aa207aeed112db7e3ba525f25e1ef921bbd52e,1
ebe842fb5e3d24e5a75bcf09811fba460fc21c4c,0
5d16614ddbf2823bea0b6ac7697a8c4eb39f30dd,0
45d64d22e13a91e0c5238fe355d52156b940fd6e,0
e03e8980779462a799c11b3b61be8b3aca39925c,0
66c92f43457584dcc0ce01b6f83a3d6ea172ea67,1
efaaa43ee619f9bcc58c252a1f81ace3f8bc4868,0
edad3ffbe4fca41d6cd5e1a86251afd7d2dc3d69,0
83aefefe9f2b99181b296ea2010a63fe874290ec,1
94aa9fe146bc7e2f322fcb3f5fa57ae5af979742,1
445e93a3914e42aee23d340a1567584bb98c00e6,0
38a99d505d5f8d17fb03683ccb240bb8ad40748a,0
fa7878f602b852135b3bf617572907b98f5c2854,1
369488378258ceda179f6951338bad09802a1858,0
796e416ece67c8be459f5b6f899552e00cefb8af,0
cadc5244e2730ccfc58b41e7cb1ccd4032190744,1
bac814f6d9a263c36d709a13de001c29eaad15ae,0
240bc1edd31db525731c7f4fb5668933d3178f71,1
1706aabd1dbd4ebdb845610a164cdaa158fdac98,1
fd53d602887b3013827c6d5b578af46ab97966f7,0
bc3b1525b22a5b2dbc8163c096f74406d11ac354,0
5feedcdc40a24b24ceb73e83348d7c2d39f060cc,1
84675ca8d9d4f42d77fdc3ff8fd83e155debb035,0
cadb4df185e1ee3ada3ca63c14a57c53bea63bca,0
5f63e42063207776f99ab80ab1cec32de9cdb6ba,0
ad3686ea93f572e60a1b7cc88a4b2246d96d3b18,0
1d3d68b73f233cd938e0702089b2b0f0922b0c86,1
25b52a967065a9ae15d617513fde2939e5f727bb,1
36b442b0b01a8df84fe246029e7bfdb2ed7efd1d,0
1091169261f4055e0424364ca1497ca6d3830704,1
2606a7fa89044f5600bd18f828823dafecb26e94,1
6626b15cefbdd34149aa5fa60550fb6a8f80efba,1
02bfa38ad08ebe0bed6c8b19b0082cbb1fe7ab30,0
24d220ee8428944917ebf7394b5f6cc106f28ebe,0
b99488cf47de53d64a374ee3149e3b936c85801c,0
5bbac2594486f60a714cd5596c00fabf7979a5eb,0
5d9f97e0ab2befe2c6c15a8ec1f598a16cce74f6,0
295659041abe9265c2b8e914a5efd26aa024d24f,1
065b3f710a6f8fb0aabd9d9b6d28c94687f151a2,1
cc62894700fd95b27644abbd3d00d04f22742a7b,1
76ccf72bc866ace003c96033ff670bb7345898f7,0
fefd669391ba45f3deaf5443118ae7cfd2d622e5,1
2bcac4a39f1e365f8835b1bf4458ceba86e297d6,0
706d015c913de9df96caea6231089e1527904551,0
11861a2539bb22b960b6f3efda295f324273292a,1
0dc49e1d4248c4a3c351cc1ac005481736ef5bfd,0
fbad0d910370868d31051590818bc706a2df5a48,1
36d92fc58882074d5a7ad8d1f4cd4abc24b63364,1
335e1dfb0f9572618f3cbaa5dc7e97ea18bd2aee,0
063e8328c9125ecd75b7a91070c0ba6cf35d9d03,0
9ece814cab444235603f29d1fcfe0eebda1eb7b4,1
c00aaaa59eab0c03b9bd3838db86907f01427a8c,0
694b24825bbe622966a328723deb5f5f8bb34382,1
d0532c5b5f7c420653fe03897e148643973447cf,0
f64017da05b251a1a475e6a62c818c7420a3c044,0
f81f82be653f0e5a82b4ade2aa035a9a6b6594e7,0
9937bf7cc978266cbfc3fbcea5e730a227526a34,1
c7cba2ca3fb6a7fea21e37c899cfd0d1d116fe1e,0
44aadd7a69e462f602ae0fc91581bedadcfaf1dc,0
2dd1853143f9da85b95b2c99c45854f9253fc972,0
3e9b92db67667d30a8a1f66b8a6e4f6cb85760a4,0
878db0ac18449840e12b5d9a5c09f8b0c2339efe,0
88823cd92819407de060b5b2bdab1a1adff0f085,1
715fdd784bfde419c3f40d30b8bc721a026a4bb7,0
d3fb4941b257378312f840bb8ab81fd23325b709,0
35de87f83766ca21ec5abc443549f43f62a33056,0
d1f7466ac53b7f5549e73d014705d98bb35c7547,1
6c269da91f1603b488cfe04f8bf36c2571b03c20,0
bcbddfc6c24c5fa2efdd71524eb2b9b877c1a19d,0
dc618d526492fd96a661769940a017680609e5f7,1
f79aed456f009632823a39962d2ae0099b39593b,1
17b9447425dde3909252e0db8d771682e1892f30,0
2ad8d7d949199b69aea394810be705a8c90e6e85,1
60fc336cd3702027129df30917b69b586bf5faff,1
ca1d7c473735302da6a076680f4ec3368d80af9a,1
4cb41027d5ff50bd259a9f472d80edb4f5578024,0
883b82c6260b106705ee5316ce2084322977c835,0
ac044a7305de3478b036f1b614bd93ce1d2a0bbe,1
d08ecd6270d7b933032667d98e21a702bd469a0d,1
efa1aee5c7ba3b50a3431b519abc18f6a67d458f,0
60565459b7a4a67799960c294c6667c7585bc64a,1
123992ed0e0922e5af469fd01b2cd9a30bf7c1db,0
2085b8d1f72c9790aeb8edc84c1ff003803ef02f,0
49acc75e9d096c5d1d1bd17d26b1541961ecb827,0
4cbf5cd0ab0b0230320fc85d9f69b2695d8625ac,1
0a54f1059d0d3c395f0f2d43f4c51b89b57cf6ed,0
423868317e3128b38084159b03c2c5c4ab534c2a,0
1355ca9c14a96d4d23d58f77a9173112853eb1ed,1
658a15caabb7c5ee5bbfdff80515354015e19551,1
8aeb5cbde706d17f5b51a6c1555cf424e71c8ba6,0
0c64cdbf87f0adfd9f08d6ea53c98b499d739119,0
bcc974cbc9603a776b087ee241c925bf431587ff,1
fbc0f4940b455c6c87232682453a398525299dca,0
d2e7faa720032ce6ca75ef0832bbdb7c6631aa2a,0
f957a01e1e69ab63ee571ce7282d73fe957d2624,1
98b36089cbb46c765ea86610e25829d1810df440,0
bcf7032d52496a028cee7976dfe7ee127060d183,1
cff4a3f379ebf84b9b916f05a0b224b919119a92,1
8969e6baf2162efb1814c00681bd828e11b6ad34,0
407c17c24d94ae0d94c906d6b4ae18b505596880,0
cf7ba26962575e1ca1e70e6d0b60721d80d0ab25,1
b4ab4f158092a872cba3bed01959adb5804908b7,1
2eb0d584dd054be5708448648a20eb240248429b,0
9a184e4a643fbaa72a645f7a017576e6b9e3cd54,0
d166858b31a228de3f8ba5a357f48b3615e22279,0
3f2bced76b4e2c60e9e476ea14706378e90a1e2a,0
224b2090df0ddc8b901f744b5498ec049d131090,1
81f6792fbc24510aaf91438aea13b97588dd5e71,1
ace4cae5afa9b3ceed473e892a87aeb02240d597,1
b09206d063b50b9b7f70a6c5e8a855e6d494d840,1
55927b058c7841aa21aa84b4d7baefdfc64c36a1,1
12d5532f2527ca607b91622edc83b370f7c17fcf,0
07b7233893206d76c7e716c594550aeda38e7c5e,0
b97bf4c90da2981d816e37434d2448f20fea1926,0
226aea0b7908af106cd54f40439349dc30ebd787,0
840373541951c1a445a192335e17714012706444,1
e4c91891e6dea89df2fb0edea6b590006a2008c8,1
6eed01ffc7994d5edfb94d017866aa4f72fe00ef,0
e7bc7ec63b34b933ae1039fe981ad92c4cc12e8f,1
087201c4c40957ea52b48b36b603d800f6122c08,1
bd007163e2e977d5f830e9f5163217e3a991aca2,0
f8d386ea7b99cc6e73bcb67212d72563766bdab6,1
8080e50e76bb26170f0721e4a916d6e43fa604ac,0
5b32c538d24c301c9dffb4e77dce92d3640c712e,0
42df29a7d50bbf9c3915bbd06ba88fb29932131f,1
e0b7e7b62e5a1a7f36963ecd29e9ffce32bce1f6,0
2907d89cba291f9bfa9a99d2357d36b53cd3bae2,0
190f1fdd0cbd789bb356b1b5312e5fc254b04c4b,1
ee0e53ba7b08d763c60d3edd94df88082b58da0d,0
cce7e0efaf36abe840c41a48631d7d3d3c3afc65,0
df5ffd7ae7932e957fb9c2e7d80eb6ef34abb881,0
0fe79a37d426bb54405dc003e5f9cfb142bd4248,1
30deb6645ac781ae61c8fb7bacc90150e5935f5d,0
214eb6d167e8a2b7e42aeec49d61a23052b99c36,0
6301475f30212ddfd2522efe0c9387b62d241080,1
a3d87f8150d6f08651fd566b5ee33e88eba893ab,1
584d8e203b865262d0ebeff4d205d88c8419fd68,0
d367f1701c4603967c0586126a57c94dd08d78a9,1
7f7d7df9f8da82949d6c2cec605595256430e876,0
8bdb149c99246aef288af74a569a9bc21c28c899,0
8ee3c256b4f55b3a55b26a8b5abcf43c18db838f,1
4e33c788517d89905f73762d12799cd176392c18,1
175a43155a56efa05b212aa9df751643f8cfffa2,0
4ef89d696b399df3404f6645c5f719d305089714,0
48c660a738e264a7d3283978de8475b94eb6bc0a,0
aced8ca9fa3e9268f68b4c974455af0e4d0773df,1
09c3e520bded12bad5e16e0cc08408b86bc9c882,0
6cf5cddd66c0b2a6d7c25776f2bad97c30ec9d3d,1
072e7d49adf763664a19a62a138a3b8380c4ccd3,1
d9f4cdcfd9b2a7195d5c8d1a17905090b79bd75f,0
3041117cd13b5cb37883416ea83f8fdc8463a247,0
fd0807ea2efe87fe556abc2d3da7edce91b05a64,0
8059bc3e30e27886682cafdfd22a33f849df81f4,1
f0717b4953ffc02ae6aebbffdba5a7cb533fc222,0
ccb2ef3316d0b30388b2f6ed4e8787a76f55a7ec,0
8ffadab960bb7dc2dd151712b8483a8c775ef6d3,1
573ff4385293a18f46d22313dedf1865cafb530f,1
0e3f6a602068be69fe686df14be501fdf3606ae4,1
b57cd9139265a408429ddd677ad5f55baac6c89f,0
e53e1ff7bb073194ea4d024caed91e4a393f4cea,1
4701a2ca988425ea5ad754f63ffd5da1733824c4,1
e36955e0d26e2641e15f5874e2aeb24c5a1ea4dc,1
572e34c7501da74222a76404fc98934ebb755fc1,0
ef8c28310cbed0e98859eabd2e155a672e2313ac,0
b786f9183623f92f71b0021fb78c8875757e9d9a,1
0ecf10055b6b0439deb8e7823a424431c1c11aea,0
9cc4775c96a55ea4fe4324da74eeed9250ab9444,0
53c07a81317d4c7104627e054ebdaaa34e4b8423,0
80d4b4e3402aa5b86e2fa4ce62eef0359c16c681,1
d5118cc45e3a9439b6181fa4fc883041979d2518,0
1bfce8ece6b4c471d32abe956362b3b79ffa9667,0
23375b3f070942969423e67d3fe817c18360a927,0
cff598aef4b12c1859efe3c5161fcc4b40e4cd7f,1
e7902f04ab44a46b30585ee20d5b3ea7cac6cfb7,1
4f9e93c9557cd1ab74a6b05feb0c2b14ccbb7934,0
30e0a97b4013c455f22f974835091f3db47a6a16,0
c821151c183e265e3b27956465324aa0dd9078ca,1
3bc9447b62c49097dd61b7b871aff35e9e67093c,0
7f7a992925c989b777d91cbd987f203c6138df7d,0
f853e286c9a986024d7581deab499238ab3da0aa,1
8e92e91c6b2fa2bdcc84b3ea90d2a5e60ddde682,0
6b76283551389ccce36a40a0d4e2a4f1466c8793,1
39696b0e7306895891a9d14fbe038498debe240b,0
1a08012745ade1b047dd919efe29901876df53ff,0
ae31d694901eefb5c01bb44c6fd6455e58bda319,0
aa0b009f37b05f8621aaccb8cf26b8c160f0c4bb,1
f826f26ff0da69a3aad441d63a1f09328df8a650,1
3f62d62c2de90524189252700d85f365dd093731,0
ec48facb79e6bee41887c182e3b73b387c02cfcb,0
62633513d0926a5e4d4f836327446e524b0ba5a1,0
ecf22fd6ccecc7e137486b064b969977e7234a0e,1
8b5ab4362e9b79d7f8f561f92f45630c7577987f,0
3d9ad509a27412837b5e5dff04eb019f9388f66e,1
74fa8ad045e5be0d11f558a473e1bdd1b34c917f,0
06c7d861833d94804a92e0b9d931074093b92f09,1
5e5c952d8d82faff1a4a33feb1d3dc72336df1ca,0
1ab34a77381e715ceed090f0d03dc61deb75cb53,1
2365fa05653f2d046084c3c9056636abb70a608b,0
3af760adb996955cbe80dc1ede101bfcd9a0908b,1
9c1c984d3993fc08edae80a11fab5318d0fd154b,0
96dcc3697e9125c9b84f58405622b392b27c43df,0
dec99c2bdfbd4345c0eac946cb2b94a379a28bab,0
95c68eee871b63e7042498c4c37e1de2558b8838,0
621fc2e5aba914c1f9f5c7e484455244c917e322,0
1b4e5ce9dc56f06a8fe62fa13f16b95fdb82b372,0
a7b494811405da3fc01e0614710bab19b0ad14b2,0
bfc6db74d020f316cf09be36c732192ebf838a9f,0
2d42a9d4cc0b8be9ca3357ccff207edc55cd1b24,0
faaf616d4fd4a3c1278ca01882887a01777adc3d,0
8f8f7f096659fda4f279c9c4627428cb1dc683bc,0
01ab76965642e8e2ba69fa8f9f4b0f52ba2c814c,1
dd3e8ceca485950ef5964c61de6e298a852b6bcc,0
9bc3a171273e14b271daaf49ebbd85ae34c97de3,0
fb2e9b54eb1fbe42c5c5aac0e54df27ac53418ce,1
23ae2279d38def87c1b410d21d4fbb3569c85e65,0
b41a7b71f3331048fa4a385cdf9f658ea3145710,1
d824bc3eb92e9b2f4facf18cfa431915fcb5acd3,0
b118d5b6922fff99dfed4ea4d245317f1a891140,0
3745795e8caebd3d6f4b8b6dd5899be81b85c060,0
c092a9fc120e81ed8003dcb3f26646ab6174306a,0
8a86f597add3c320d9c629981402b491a93d8b95,1
a9530e88e2c626c9bab65ff7e48128d85c7fc923,0
4a71530aeef185f83938de062b975d5436f70377,0
aa3de8b5ef5eaa275a08b20ab8ca5ba7614a0a1a,0
ef9256327d2259a93eab6298e6b07745967926fc,1
be62700983a73a4e255406f20805c3c9b8ba7ba9,1
c0aeda38f10e119a934ee525927d9b60edef249b,0
816a74d485b4ae881bddc5be0e5751d861ba3549,0
7b1a0d6117a9fc9024f40f143257eb5b50df6033,0
c507cc21c008aee45bb410bb538ef9e769cfb4c3,0
de87ffc3d7b3a638a8a7a4c6984af346272e8c72,1
285ef208d51b5b9285b550910e8f130683373478,0
e208cb9d0e8224d7186d9d1bb17e13d2e5eb990e,0
68f8d444d5909084e8d31aa11063d72a426d80dd,0
63a56c2636497466b1a5543d5d3576dbe4240c3d,0
7db8db3588be75c8159b032e07e1e838c5660344,1
777baef881567f2b01b28e29c79cd2390f9cebca,0
43c8c904f0eea1fd6baece3f38b05732e8bb2771,1
cf4aa96b18cd9ef855cdb84087617d0cbc62d1f2,0
a387276a909d168eb1036fa6e98c7f1ceccd6885,0
3e8a9ded49f1dab5e53aa005a00217579dcc750c,1
ea73a79f7ae9dd2959f4d2b43111eb5fb52e8351,1
b0579c29f739ee7a145932ae99aaff4126960d94,0
a6d218bbcc8b871371a0fcd53fba2eb117fa0daa,0
eeb48e6879355288384ba6501e588f6d70347020,0
26e9791bc99dd8ee1fb9d3f20e55ecdf3aa17e02,0
7b740fd86d18a26f001acb68b3db23f31e68c9a3,1
1f3958821d8688a16766c417fc66485a31cdd9d1,0
981254bdeedcb93d5487f886dfa0316739bb98f1,0
575d52166399c9d9740288f7317d24464e50c16b,0
fe78af51ffb2aabe48af23c1c882f57f66b2e427,0
77ab3f43f7c4a6a6bfe8baa088aef5f95e4ecf93,1
4ae0d44e60832f2e179d58c9e5b5dea6ae2cb238,1
00159d74b484a288f1e29fa706e49f3cb2e996b9,0
aa306d7048dbc7144d7268fb57f1d857b86bf8e7,1
4f3d6601a8fe6300ee7a2bdca72d147db287381b,0
e57199722c18ba5a59672c51a2511047fa145f8d,1
fceb4d6fa8ee15a235769e0c24cab60bbda8803b,0
40398b6769e20157e3dced19a33d60423a48a98a,0
42925e53cbaa07e51bc437052fbea0ab7557a45b,0
9f376f8f7ae35eb38987657385140cd7a6145ce2,0
fb3cd8ce122d83832b3393df6d46c6059e182490,0
75db53866e2fb89e5d3e3251126531bf7a510e2f,0
963acd6099459091c1757a0f27f00675ae9115cb,1
574fca65c3c22072179b8a8aacd60281ed804ffa,0
8b5186fd439cdd324d4e92daebd5a27ea0fbed8d,1
78c8a7be657ae08e93a6a5e36f6e3d6f810c2d74,0
f82ccf90c0637135ff605457651b99a38207a229,0
503ce830d24cf24ed0552153e41144de0003074c,0
1df32190ae6e44387a357e13bf8468a4ab9f475b,1
089461d9f94e19bcfd928ee6305f679626991dad,0
468ec12da94cc3f320038e2f8870ba446b75a6ea,1
e6176a1ab059afe87437d6ddf86b6163d0c24fc6,1
33b0e3fdd55d133e8049c3ac0ccaa78551690882,0
217b47f8b46212817ff54ee93f9037386fc69a50,0
0a3e9d1af8d3de308c012968205776504ec275c7,0
8308b3af2c40d9adffa0a2deee8fd449fdecb3e9,0
d45c252d63f4f4e36403691bf0109773ae08228b,1
58d18d7842de5e940c0a8de42da967fd1e7585d5,0
4b34099cb4dc51240ed7eb156d66a0b60885fd3d,0
256ec8ec7b06cdb625a732d97e73b4c0db0e1cda,0
dc80107d406ae1c5769b434276ba0a40dd1f6f0e,1
ff763998777f569a829f9992ce97a8bc12aff9df,0
589a09479b627464abc5012e2c8fa16ded5d239c,0
8025e420c7ff0fa9d82c06e4a183a959e12c4806,0
2b0bbd1eb351eec19b09cbaaad65f9bf0cafb6fb,0
4127d0a589e402b560e1b8cb4396265fd59ca160,0
95815ea32822d9cf234e0cfaaeb78735e2f2bd54,0
31bbbb7ac4238a4341c0037936f7cb6439a60f20,1
97a1e1ce5f435840b3d48eeeb1f6e23ed668f76e,0
a1d97f7941492e9e1efe4dc5bb0506e4883c9ed5,1
d9b6d39b5fb5ef66914ca65757a090aeff54f8b9,1
c90d641e8fe523c0bc0a83008511eaf67cad566a,1
bf5007de788f875ea220c7bc9f0a78dd91d925c4,1
4cacb0276d92983fa496435deb5988fdde5a7ec7,1
8c297bed8ac0a0286dd5427a8d2f37d06812d192,1
715f7009c9153cb4f7e8fb41e5cb9021e059852c,1
e36a3c19aa248540721af183d581947d83246e88,0
a9095b7c6599adbdd3dd54fcc6826f442f3dc277,1
6766e68aa5067b3fe6e415f6100607ca2f0a3888,1
fe919fb265e193bea2030cbff95144f270209c98,1
09e4d5db0f88de715f6afa811488c5e915db152b,1
10ab12365caa0f8893558b5f74a5efee4e8a855f,1
6e0abedf57f6637f6b5d2e2f3c4c1ee7e955e2ce,1
c7a17dd2f74f395bae97b1299b39471260066119,1
48e4568b0a1d1ead85f146eb479f26cac7248820,1
45fb8197219e65745956f0b3f80b090b24c324ab,1
62a5122feb005b02bc1549c7c60b18f92a25249b,0
103c0924f06c0f6842864e40a4f5f44f80289b71,1
dd3eb5a3a07c84712544a58e316892a317242df9,1
596f4d9d75b30d537ca0b23ee7a6f62a64cf21b2,0
b049e0819271f05affc7e7e24e3e8003a4c51e8e,0
de2576a0e85bb1f48bf93d10a56aa19574e28943,1
ff25dbeace48cf38ff286ef5c1b86ccfbe771f8e,0
ce5404fc14b04aa217ad12ca58608565bd0b93d4,1
6a0889971fd063e1638c294b063493164abe4d60,1
ab47c5791eac3d8680ca04fb5d40143a90c33d16,1
faba3440c683a375f3f8446181ab4feba4315826,1
c0b948a39438edc5e0bb41a5e05492286ddf76bf,0
4f5630a5e7a89648ff377d9495277dcdfda788b9,0
c8675a270f28a22e0102af7d32a818b3a4dc966c,1
e1686140c8911309a1992c7a5554b6fcc8eaffac,0
38869b222350290a52b119f69ee721a0ea18805f,1
440d62b92d6870e90c47739f902e392fddcfc661,1
5c1d40ea731f4d5a68e370090c1b4cc99e9b4a4a,1
b32c28ae56db7fff6bee4d8151cee916f08db671,1
3f14792e43c4d0225875897597e24c37458ed09e,0
9db438c370b08e7534c89958be888a5c498bc67a,0
bb5c057af496e6fa192699986c2935a5f1222f6f,1
36ce34c2ccf7404390290cae2356eeb26ad5b13d,0
f7d2572f0ee8471f7a12d8cddca11079e6b6d96d,1
bac4a4f313436d8e8d4e8337957646dd879e5e6c,1
6adddaac423e853ffa5eb4329e8cf5912ff67142,0
b2d956d2fbd66e8a35464177b5853bf7381ef6b0,1
bf6b512de0d8202e6705e6bb579d029b99d7bd97,1
0c705550ed99556a49894b9034607b47807c7432,0
c437e0c696ff180404c69f2f22225f83e13da9f4,1
1e000d362f93b759000263d75412e87854de243d,1
41a86748b048c25f4291d8e6a0f7407cbc8a38fe,0
c93fee71212a8069af0d14d65d274baa048f5fcf,1
72efd001418f6e2f2f9d44df895a30661f259c85,1
f730bbf406f12f0eb718eb65e065493125a372ae,1
509d318a02360e2771746862f15ba312b960d651,1
c9f22d007575da40b1677c8f099ddd998ec1f5c0,1
2c387e8936b820c73a8bcd305112404c8deb4dbe,0
b9674e4c3ac3185268913cc49a78ca742d50a115,1
fa5bc993c735c34ac75779f716e2839cf7a70f00,0
275487bb5f554f8f861f3f4ccb35f716c11c2222,0
7e6dab8374930462c26151123a9b01e6d3174618,0
764a30350adccfce4d824b471758a5ff077ae33d,1
bbcd194cdb31bdc60c38d034e25e8b5842539bd0,0
703169eaf87675060395484d4db5fb5cece64a42,0
ac7442a28282cffced6a2996892036365dccb095,1
d246a7debf36a524e19e22d4562cd55a984b8fe1,1
c68099395fcd7177ea7380453760c1a3827c49a7,0
6f7d26caa323d9448aa34cbbb228d3e763b73e7a,0
ce7f7133f8a1ccd7397221f654c571128c419fab,0
20bdbd02e508b5fb318c5c55e21b0c90dcb21d37,0
09b7e0f7f15a83cb46be0d6e3e726827177bfb03,0
db0b0703402d2ade48c8fff6874d3ab4d406c157,0
9a5d289b9ccdcb714289dd4e09818765c04ff47d,0
98adaa231d7258e4b9fd3ecab42dc060fc70de67,1
e378d71e43ca1346b48d11400704937785f6e0db,1
8dad0898f04efd30571988786d64680d01147200,1
4a86d1545c6867af6b0d8852a3597d53fdc4b682,0
0db9c7cc57262b7f3b7307fcd763c4b95625fd64,1
e7ddc58bceb063f4f879a1ae7f9305ad4f61f186,1
5e839c0b1644944125b977a284f157d7380a4b44,0
6a5130eae06820321110d20576244a40fdfbecc4,0
b1a598117a18988e11d5b1415f247d3a6d81c152,1
656a35b2c3a42c5cb28aafa1e08bbd09bbce13cc,0
b4bcb6eba05138538ed106b468a4693782cb115e,1
6e521c8668ca4fa6f3356180a8e8638aaed931a3,0
b2569ed241bc4ddeb88bdcbd3528284090d3fb7b,0
cf8ef77e781fb88301145493423122fa88deecd1,0
396fb9eb23b55601032ab6eadb024801d86eb6e2,1
2c81ff070eebea7a65946b9c476c11f281483836,0
8d10a64f70b1f066c9d371a595b952b1fa23a20d,1
67cba89086cecd29c772b42af678c24bb741fe57,1
600fa2c92a1a9ffc741e64178e9da00ea88570f6,0
52f0244a1a6c78d220bd185519e235c55285e286,0
40646ab08ec114fb075eb8b0d4d4a012aec02508,0
36f190417eae8b76837e8331d9a4d2fd0754d174,0
820689bb086247771c922767f1afa1c6dd7ea7b4,0
0b73a53e5c0a271036ebb38604bf4c6a4b7b4e9a,0
39699936ff0d48fe45d3d19b691cea3a3d8fe07a,0
fd6f849255aa7743ee91df01e9bbbfa2a5cde8ac,0
244e474fa1d5562520f16a913e704d6df65f6433,1
a419100561a857759e4419df3931c858beebf075,0
629fb2cbe27f8985f0303f16297a2ddda8f07767,1
49bba26e7b3fd29052c96640ee124ccab5c5fd1a,1
086f22ac11c701e88f68b79ae0d99c982948b0c3,1
61442b3884e2c3accf7882e583693777cd9b1844,0
832572efca2bc870a2f07a8724413390091734b0,0
67fba48df7702efd62b224be39a3e954de655abc,0
485f2048269aa8730a677e2c702443637c97a9ba,1
24d271f0d03ef3e97d332cfc1112ac0a015ebec7,0
59792113fb0079a2747699d527ff06358d8b1aa7,0
707dee328b522ac6febccd28be627918e42a0c23,0
37d46d6fb56eef30dc15be4f3b55ef36e9e8e998,1
a3473aa9127816aac32c1d6575a8a270865447ce,0
693917c0bd47289ee7866c39739a93ecef2cc889,1
850bd9aa0a26a7e9c8ceadb123f739f140869513,0
a6058091808c59c48bb3481e1904ecaaf0233b54,1
49b04841259047d446bb8480ff6dcaf26e113ada,1
135f84a8a47cda2f2ddd34efcdc4ff1c934cdb03,0
6a6315dc37113669d32182ee032d2f2407bf87fe,1
16fc4e9cf779019e06ed5d6353afdcc060908771,0
7379bb022c10716ba4e61bfa4203aa6bdae39f88,0
bd73010fd536f3a941e693bd6da655e052f28b32,0
ee5de3bac28405c4c19554beee57be771484c616,0
faa530b9302dceb57c152223cf1efb250c437d93,0
ccded88ef82694e1eb46a47e21aa23ea764a5523,0
2035ff58a88c7f3fcc8d84c03289a63da8e4bb4e,0
db9b90aeccb98cb58b04495061faa258ab896be3,1
d7570219bf8e83732d9caa43dca2c96fc0dcebba,0
574e7357895f75f1ef882b65781d8d68d0271810,0
bbbca59236edde6c3a8438e66be70fe6d31cebb0,0
33b63d0dd567fb7622dc7e8549fe03091e390d5f,1
17a806b742a81d28f11c67413879e383ca6ce249,1
b52ce0d4e662f481a4ac2c120bb275dfc991f2a7,0
38681171918ef3a03d8d5aed07c226a818726c00,0
2fedd0725fe8bbf50b7619d29fb6b51860823671,1
f04c22b257b2b87c69d4dbcf5032d18e17bceec5,0
be0237b3de41e9b851e50e63536879f6e1fc5976,0
0363b476f63fa70b43a9a59bc8e5dc579a8823a8,0
ac4f854f93ab227f9a2d204e3ac7384f2902c602,0
6ceda514273f77573ed5694af01b97f5fa440583,1
f4dddb5938ecb8d5261c9f5e122f4315d6b935ed,0
e42d1d6c42274b6b0c8a076f34556326d0829b3c,0
8c03e472c2390cb6adbbd6ba91f43e12d8d6be70,0
0183f0ea4010787f5ca5cd17084e348f5914a1b2,0
4ea93f5a0e0a7f63c2d4c242b17975d5b80497cb,0
750aab7e0021cb6b81c17b7febc5607ca7d5cdf6,1
6e21d5720385a3fcaf1bae226d56ebfd307a1956,1
76c87ee320d0dace06e3ce6085993cca07da886a,0
f9b3997eadd79d85c99dcdff8f02bb96f56b7f8c,1
d6179c6cb1692b80687d4ee583f3012987e42187,0
84364004d9ec208b0e81142b352023262a448822,0
f0447df1d61d60be521bd0ac17efde60e6f77d51,0
3c00564876f73d6cc6e4a4845ed7e82b47f236d6,0
b2c25ec865b308f9f9bacf7a19d044b5f07ec7df,0
0e24a0ec721834388bdbfaa1f60a737a6ff80961,0
a1aded44c86d7f4ffc1bd858607256b1235aedb1,1
fef7b501d025bcb4d0d24770d914c19c260e71ed,0
1933828f301e9ad13748888c86b4167787c457a4,0
99bc59032a9a481ed53f30a2316b482ffdedfbbd,0
613f2a54c97728dc7493114c0da4a6481dcbfbff,1
18883ae13a382e1c62c4f7e5a6b1c948e050a533,0
7f20ea44e9c022174d98a4ae4f6855310341cfd2,0
1e30e83257491a56d0c54dc74e42c727834aa58a,0
e98f4ecefb7609aa13647615b125776b96542bb7,0
f3cc69a3924c012752d2aa67d3008f9da0df02c7,1
97e4d753cffa5c4d96d2b91b93c85603271ed31a,1
1d6484b9f06c9b5e07c01b4a9a74bb8f523c8681,1
8691ee1cd1b0fccaa18962bd92c9378b3f8ce243,0
65caa1d357c3e614586c10a67f8c69001323cd33,0
b674b7fa82d16b2eb6ce4279b1eb251bc92072d7,0
1453420240e552310c5c6e825c822c36ef1ff584,1
e820cd42abbe308497b94084b13af4a2d01f56d3,0
4ba5308cbbdadd3a6c98f0715a000d10210aa3dd,1
1311df4fefabd6ba202f4c2f32048d2501a9628d,0
a2eb01329019d923509f5c70190921b0be555717,0
d4aadb7ad9ed247bb470a03197d8889c828ddd14,1
8f026f5396902f01fc03b024a6af5afb99c2d494,1
00d2bb7b07cf99ecc765061297a79d73c153c350,1
0bec18fa5b413e50e257a99abbc2eae5f6f6333e,0
4d12ada3889f0120b56ba5cdcb60cabf4a49199b,1
0b70f751687694808e5795b99d6f6a08b275a0fa,1
60a52296fe1b792517ba648f2871df1d9199ad56,0
f8f7f820cb8706ee8423f8836d843c624086d88b,1
98992c9f37ec8c5befaa5a55c00635a6d24b7ee9,1
b49a05d31913329320ce63fe7246ccd1365d7cbf,1
92de164250503b341323a57d068b18a3009eed1c,1
c4d268eac143127ee62be29e73de2aaf71ae8c88,0
3a450ce8c27afe1826bc11bf6cd709c6588c9491,1
f1afb7d8e47bd821e420f04e6e6ada373296e1d0,0
85ef8d73cc7e0934802d8307842a3844ab1abe5c,1
de19eff971e7a2598b75b07d88b47b38af4747c1,1
bff06eb0e4f472c126291b4f3d4974977a4fd38e,1
020d1a1b5faeba3eed00de6c0ad16d2be82e7469,0
d8a08b38fc8bceb9b0021f5243bd9acdd22c16e3,0
14f84f560c80f3c6acfbbd7ab7c4aac1d44e2c4e,1
b717ef5d5becaf697d340f4a0352db3e4a94c6be,0
7f9a7220f800f56500a6557420c67a39f2edc06a,0
9d658aff57688a1249e00bd707189ee0aa8c3738,0
0a6b0dcdd8ddeb4e317950293fa119e96b153717,1
b30747c490206537462c198fcca6c278affaebfb,0
35e9278f5aa9bb676660cbe33be5b77e42420e42,0
7acba7b4e534f46d9b32157092c2f612cfa62074,1
26a838925bf4e5972287b4870a93509ddffe8a0d,1
962fed7d3e75ed9547e973d6e8e3c1f690d8abbf,0
7ba342097ac6107b101f639c1c8291e6f09e46ed,0
f4934c27b9855000236873715503a8535583b4fb,1
7794a2afb65bce407f62ce8f50a76e971a082d67,1
e266de15ddb0f6a872bcf05b853d1a7d4af51d85,0
394e3fabd2480907e63845976f3f7caaff58eaa9,1
5b49fbcfc14fc15c4ec2995cf3dc08ca8070861c,1
e68dc0f02c464c9e4029cea754daf7c005fe9fc8,0
3992a1b08ffb9efa5d6a2461729177007afb7038,0
dfa3720d40ee6b22a933bda0e8770688a33b5a9e,0
bea632b32c0344565acd2b52578aef0cff54fb12,1
fa21c6be808a6e3b4dc9b929c160a4c10055ef72,1
7fe7ffcc0740d2ce37db0247c70a8953c8552ae5,1
a3fc6317d214e79d07a6afb99568e382bae67dfc,1
2ffbfb9a1048871076de08f665ae39c229ca46ec,0
9fc146e0596220282ac84f2ed5c455eb10efecf1,0
320846bac31641da1e3b6a5180e422fff83b841c,1
5c8bc5ff297603c7325569da680dda57a0e9b3e0,0
ecb1bf916fcb63ae4b44287d0f467a37dcc27ef6,0
73d8237db5a5901ba0dc7e8f2aa1bee887ec8012,1
8cdef758e4f6e03618e101673072a6a4aeb9fb85,1
675659c39a2e8cc37fba536c13e9ae307fd758f5,0
923fd945cf1ee8cafb93363a1b8bff703c92bcd0,0
f531764d3b64dde56bccad7040188b748e2295aa,0
fd273c99e582423e4b3a490abacdf4085616fe29,0
c6fd31fc3ba79579f54abf5eb1b2f9ad30a50472,1
b0e3f7b9112f6551cd7b9ebd9597c43018730e8f,0
7b02f6df59cca72f61ca7015509e823020a453c3,1
d928f1e082903c5462940cf4d0bdc512c0a90e31,1
dc1f60a0e49942a9ba7781fe80e39904930fe136,0
8560b649fc9d5e60ae855c166377c5aede6a143a,1
e29233b53af64845563b8494ff1e8a5fb6900bee,0
23e7d4afcfdb6fab8b04066ccc97484624d0bb55,0
78fdacc2e564ab7c08495cbbe66dab117f7adb9f,0
93b819de1d49761ef05bc27c64bb76c90174b4bc,0
ae82cc7777c8f9e112e23f31f48c850df2c5cea0,0
b816d24df5099315a86b188ac17e3c5ec49e3911,0
95dc70d8a897861b8ac988cc3e9015f7c75b569f,1
8dfec42a31083a0434999293e5bcdd9eff2156f5,0
5259c44f92e517066efb06cbd92f0af959842735,1
5422031ae290d9f1306dc0fa22a7ffd01fac89ed,1
d7195a03b2d9de805751a59fdf02d51ce0c1585b,1
29c6921a7eb7706e9dab00d2f30df8389b457f1e,0
652cd3367474dee46d821f2061eff07ee5920ca5,0
fcd052a1cb5d96838b7220a62c1d5fa5fcc52c6b,0
1422e757749dadec78c504733eae28822dc15c76,1
95365b3d72d7782a163bd3ae92cef611ff0fa57e,1
5ca993fe4f0ee97b4cca71d79d2db35edeec95a6,0
41ddd86cad31e2e90670ce3be9a1cdf4e1d9d125,0
aaa810dbc0ef847e75a8fcf13b81eadadeeaad48,1
48f54282761aee69cc7b9fa08aa815b758f498e0,1
9d47e0b314fcdbe0ce34524690ed5ab30fc8e9f1,1
0bc6bb0336b2e56e1592de5407f290e5d14e43fa,1
e6ce00496d3158f6d4f7b21c5abbad12ebc37a42,1
aa42d7674ba13e2770f4f9f6ced89490c88d2b37,0
751f1f3749db6aa9a8a456ece84cb06568fa46e0,1
57c1ab53e697d83249c3282c888fa594b23e23d7,0
9d39420d2f1cf7255b4fc90dfa36b951f4179073,1
ef70b96fe1f6b552732d7018f697f7fd6bb5a7a4,0
1b667bea683a1a6bfed48a9a4d9424a1366d77f7,0
19336c98d0e15f457892cd9d7d2f6ba1b9717ea4,0
916b2a0291cc7982e3473a8f0a62a89b0b73f9d1,1
1cb5400a45cd9dc3417eb883d452d8ebc73d5dac,1
3fb42677f3c8eb866134c618f08b3d4dd055067a,1
458fe3236ad5c3a22d5e8383ef4ab39e31b731d9,0
ad9ae990c45c7539deb8fe96bb9a3e7d654eb68c,1
86e874899285b849ef0e943da66ca6f8227b1bff,0
7f194a1c4a8e44228ea5f05f315753bdade49a5f,0
c13fbc0af4710479c784c7c35660868db5699d16,1
09b682da45243ccda8fa94b2e02c9e4a172c5e5b,0
49d6488d25c595b7c0dd9f6d427f0fb9c7751af0,0
6c87ec0c5d15ce23e5d200e394756e4b719f7f03,0
d31f1e7685ced631dd068b043a45e2e2309d16be,0
379e5ff09045984bfa5d5bca0dce9d3dcb6dc929,0
24ac8e184d603756908756fb214ee72cd8981b3a,0
b4916a5629121b06bb01c5d39a77cf6e9e60bc57,0
d7db1e67af6cad593c8e5e14b5a5217fd788afd4,0
04aa14591a8d905a0a5b5519a39af7cd7eb2e8f6,0
2a9fd3f37f5fee24fef4172467afe95cb2cc1969,1
ef7394b7c57d3fd9016ac30f8ceaff1f5d93772c,0
c845192d80a26b2c6feeeb25bfd9bd4a8e7c64c3,0
9ebf242843cadd8388239d02680b6a920a657e9a,0
a234bf6c8989f6d5d6cc1654e42a1813a1ef19f3,0
8e4e45f1ae4ab4acabcc119d96d9d43030c706f2,1
956319ef4186e9f4512e09309562955fc732d660,0
eab4ba2ce0df1b19020f923a2881ccad05c9932a,0
806949a7804ed0e8c4a4454517c50e1c7af2f56a,0
b088d0894a9e8422aad674f088cc7e5aa1e85375,1
3ffcc86699211799045bc9aaf74ec24f1d258a10,1
0f01f3632a54bf597f3d05311908d529f36f4a16,0
2024ec5265a51cd72905f908e767641dcb172854,0
1ac46c54d8df328d8cc5a12df3455b93718bd6c0,1
fba12e2763826be46ca37903ae6cbdd6024135fa,0
7f71a6add1b78f64b101aa7bb49d57d93fc7f4df,1
a725fd9d59574cab60b570ed521149e7112a99d2,0
fac47e2fb9b4653000b804470694ad9ea3934f2c,1
c39323429eca4bb58616b4af7275758b3c712713,1
175bce77901a28d66527fabfa158eda9433259d2,0
691455e796eacbf0177d5c740dbd2a8feb11e2eb,1
6908071e847f99ae172c79f5500d78d97857957e,0
78d2d79ea8e57f4a86953e24287260a203c29cd3,0
400f2f99c73d3ab7522ed1cdc869fa85cd1afd79,1
2d16f714f8d47349125b567e8f04b8dbe3d8e835,0
0f1bed33f5282337804981bf3255b9120516d56e,1
8f25685ccbca4c9125874bfa5af2495bc2ea8078,1
cd76d475f06d0efb34417a0fc7d845a62da8fc76,0
167214e27b0acf3ef76e8e4e861a9890fd5ce677,0
154eb704a9c1b3ea75a7486167e5b3b1a7666edd,1
bb50d87a67a9bed3cc2ed6918ce22061871b6574,0
7052984dad47a5d4b7133aac548946c45a802538,0
8846f4816b23dc253c68634ef44ae426cd710cb2,0
8c9527a17ce4048d9be1b9ec3147153c4818f3b5,0
718c5cf3576978603ef10ece1329f87f4dbd9e0c,1
69be1f72a8d4acac3b4334e4376a4d73dd056fb6,1
ad9a859f151c939b7ae923afbc526ce59e0d4a65,1
9b1d1ac4da1169a1961028f0cb1739d7f4b30034,1
43c1f48d41b97c5b6267374ebcb550663c1f33c5,1
59e7aedbaa1898841b06097d292e54505a13f1ab,0
f23b5239b125b9743fdcb5f770f94d6d02716975,1
dcc22e8fa9334537c8d0f537228c92ca7aa73524,0
7a0c08fce92d57350add2b13e4c6e825122e7b1a,1
64b01bb1ef19da8570ca43e9dbec650ebd4cdb44,1
932a2898c4e1ae7b86b55fcc2f9adb192e98545f,0
5711c310485825b0f0f41868c6d29d9880b5c737,1
8559787c7abe4445b7d1699c6d61547e8b4a4fb2,0
c0af6b0cf8fded9f5c830266bc481fe2a0268063,0
a0a0f6a0af0e294b5d70884d4571f00a397fb992,0
135f6690574e9f5acb9426f7014f7cf4cea8bd79,1
217015750bbd84e141415abfc9847428f0c55b63,0
3ea82a1ce225a22ab2fa6d042a9714a12e0b7811,0
af06183544b895db085d053b1f7345b483472e54,0
2ec48a91d1c101e2809478461f7c374f863bc4b4,1
cc0e2c98fa58320c954558486648512b41d919e7,0
7720c44ffdcf9f873812a86a9cdf7e5ea5c97a17,0
aa2a2100d84e44519cee41960a38defbbcf908dc,0
f16ee6be6df3088d7df8d4ed4e86f2a94b5f0f2d,1
5010bc45abc0f696918e1079674e4edc10ee197c,0
56486fbd1edeee7550cc9f01a83b480e772a864f,0
a3742bebc043ad7d415ed928b39ddb9bb7252d61,1
924cab3ad6ba27baf17988f5cd96b31f7e632be9,0
873db5e3ad7079d67552007fd627619eb4e99e98,1
b90edd5c385ac33339154eb078a2cc25f8ad42ed,1
0e7afd0632ca74922bb0b908431d681a4d2f4a39,0
c2f440d491ff496606e91b172bfa73423c672c6d,1
f95d489ba554441ed708ea04c30aea3ec3c845cf,0
28d35977c9220c9264d8b53afe17f562672dcbf3,1
0bd6efc8d5d688f0a8e2d869390522de01603081,0
5c2fafb254776f3b6753578d80749eeaf3acf192,0
85e772392cd9044cab0ccc063b614e7eebfc8df0,1
6234f1e9b6de83887deea1bc1f3cad4e432223d6,0
314145c55bdd8817928a34d7c094b7b19df0707c,0
114f6f64b7432a514bf2f15c7435d5de3f523319,0
cb6458bdebcae2a7c0afa058fc96a1c485d71a5b,1
169dfa549a043111fbd6f0ef9398dd2fa15303f6,0
a73567a0df50600942038e3c3548eed296ebbdc6,0
46b333d01159ec91c7b7edb767c3159d8bdb6521,0
3c77d5c0d685047bc16f31762d87cb2d386de494,1
9ae878a7191290db8a25c3c2c8f190edb9076bc3,0
afeef68fff347a9526e7427967235ea3c9b5b40f,0
aafe2f399dca4e422d76dd26a8a6b2e124b524c9,1
01838a9dc2bdfd8c3ac1612ef548b077aec9a601,0
a932bc827d877fb9d53fb3aa92b675f24e67d3b6,0
cc988ffb5d588ded9661e5a366f035b02ebd08ce,0
b3ea57307c551a27c30a23bbf8fe186b8b33df42,1
7f755436cbaeb5e98d4bd7198eea458378acbf67,0
d21a580e438b531dae89e5a0dc4651a4b7a511e2,1
56af15ce43f8c0a03101fb026efef24089c9940e,0
4b989eb234221c35aa023db0fe91dd43b8e14742,0
df85965879f32f71fb145a34034aac35c347fbf1,0
4ddbb05d0d9a350f342636ce09b91be2d86bd15d,0
0e8cf6e2d424ac29ca414bb85d1a2227a8fc985e,0
92d6f672554d102a036701d454dca7248a6d2efa,0
31cad9f8795ce65e18a7caaa2d762c27ba960ec1,1
7dd1b133c1127ead86f3739dc09a9ca464a3c7f7,1
b78bef33982b44f0b0f2b6bcfb765dc3a75d63ed,0
6017ed0781ae72f653723139653075c68c84b6f2,1
5e247c64042ef92f367dded8b73c99a04d1a5bdd,0
38286d30bc497dd6b58465c8d01340e705e50110,0
067dddcad48200770661e594541be9e9ea689819,0
6e055118b012fe9b81d1eec6175f313986b8b522,0
a77a45966c0cf06e89ebb1b75ea5b85924f1aec0,0
478334f9e5ecdfdc8904d13c3a0470d6c9808adf,0
476d9e8243d63b4831d9a90b5fe4608de45566ed,1
17d96b4683125543a91a36b3b8103fedca902230,0
0a3acf5948ca800d3fa4c9b2b343e6daec58bfb4,0
36af28702519f8a3a48803eab47985848ec19948,0
afdc77def45522dc1659df919f613cd38f5ccb9b,1
bdde50d27ff0ca1dd7bc4d5b667c4d49ee568344,0
d345d433b091a620a0edf857c1290b06067e66ee,1
24b4833c3b2f592b13396c6de98f0166ad05ab64,1
61b3780d67639d1c9a4bbda7977b2c3c43ab25ac,0
2add61ddb90e1391cf72344074ccbdb79f3f0ce7,0
838ae21a45c5013f374b9f46e6c24b3a1222ff68,0
39190417f274d7d37604c479c706052a6fc9b6d7,1
03af6d6eb141cae8b6f00d4179134e75a43ce2a2,0
27a453d7fb4a7abb24eead76da6211c1f39fcb3a,0
c7ef42524b75058ef6f03ed1460e01e2f741b3e0,0
c8ca4ca181e447411c15ddea3f94fa6ecabe94d8,0
911debd43d2cf4138fe4701aa675e74430a04200,1
7593758b2e6c5025fb6e4e77c54a69686f7d7b69,1
b3331afafaa7a9bdf642a167b54e319432ed442a,0
653979afdad7f8af7c2330f0462af8976d496786,0
63e92fe94c243563a3419288c045c4354440fa7f,1
d33dd520d536d78959b62344d39e39cc33a8c9dc,1
6665b6750a97f416fce550a474fca49cfd2b0944,1
aae797afff377fa590983cb8da9db1a01af4ff84,0
12736a025b068edd942dc1bcc9e4f62d0f313a17,1
7378c8abe7c03d866388154fc37a7f5db715643a,0
5353a62738982b05f56a2e32366297f894410828,1
6184f3a3f1a5d1966ddc3144a4e9bbda7cac91a0,0
938a158b68eef34658f6eab87fee14fa6686f0e0,0
566b1df3ffe38f288935619fa4c9412159fa2367,0
c9e5360d64a46068b15278bba50bc33513d7d005,0
24bbd3f236d5429271c7330b71a6d5caf5f0398c,0
adaa9c47eaef47b2722d372551b854c388ae94d7,0
dd61d13d05ec427122777450b2544a2d591373a8,1
802d44685111021a1f7b46a2e7826fc530c1d09a,0
bf29def91de80c0548df3da75d7f82ced2627135,0
a6a94aca64ef94469b3b41db20b3faa927b8bda2,0
78321a884924fb2ffc5defbaa1479ca265a96be8,0
34e1f32c76668654556b5f357b0de87705b521f2,0
53e6c23b73c477a770bc815025090d929adb6094,0
82660fae6a4c40d39e7e907c30e98bacb5909c15,1
db8ded49371d4777909769b951b37d80e1bec674,0
b268f2c620b541623818dc60a306fd54340c4787,0
9e30d3c50453e94f090a47e12a7b219736858b4d,0
c4637099dbb3aced73c541fe31a6ea55c5e543e1,0
0eefe312b344d1ea35506156c4880bc2da9be2f4,0
90da01ffb4124fe81f503e950e476cbb6a4f2bde,0
b489d6eb24dede00a605f6d6e2c2338326d62a9b,1
fff04a619220944155f4c52330c97d56fb44fab4,1
076a0f8ea3e4c579c7d9d3ed1e6954351da723c3,0
9fb90c9fb12d62b4b00552fc227582d82a286db2,0
6ecd8f16a4b98ce84d2381896b729ddc3747b834,1
e727bfb41d280d4b8fd1562dca49a3cb4bb9d346,0
681a98c13c3cb1d1faf0bf7d5c56ab65ee4a7c14,1
c9813bcecf4be91b2ea1ea95e92577f0b3790ee8,0
fb421242a5c667ed1bc3aa177bcccb5682998c42,0
95123c9cb2e960120db8ba09179514fef0b31dba,1
dbf75b36f0c2e8afae047b07516cb204d7c4d759,0
10e9faac019ace293a6c63bbe0dcc69ba100b3f1,0
38db4d5154fe747545474a22d680b8575b5d397a,0
23bc4518273d4f4808a5e83b9b8f3438a4c790d3,1
173842a4ea60b2b533c181853cdc0e4222250fc8,0
0543d6ecdee2bc3e7b2a0fa034de0639df1727d1,0
25db97d70f716e23d8943a76bee1f4f28729ae3a,1
5595939e65e23bdb6bf4597326a1296247f6990a,1
a9cd8215bf895cd1a1fc9158ca5232c3c4bf9cf0,1
d6439d671db45befaed081eedc515f2d620a568d,1
036cbc52e105415fc729465871fe2b923a115fee,1
06cb819c1d759d0ab350c2af4763c24fc79d8e91,1
a2d8b1e5dd3e152463a752ecaf1eba13f698471b,0
d2fab39f85f173ce8544ba61bf73bc67227e2302,1
e919fd0fc7f4ed7a4da1994f9cccac6c8396ced5,0
787524a6f79e5118a9a3951ecfd8005b12db6ab1,1
5a9b341e0520ce453422d2d124974b0a9eb9debe,0
af71ad3121cdb022554e617982df279357f96b64,1
42aee79a0b1c4bba149e938df1f73fa22f7c8e08,0
4fa0bd05982ebf45d90b4d25cb016de5e264a718,1
2755c7cd32997432e3cc9b8273dac2ecab287cc6,1
6d568036c3877d62f1e7f01f01b96855b60a79b0,0
482fa56277dd2677a5b925a18de193bdbb150d2e,0
6fb2c28a7a025236805d82a1832991cb3af5e82c,1
390892c21fc0409146aa424aa77b70fd0a1e3e54,0
b91aa70564c7c15f823549b910012ce5522f336a,0
985c1e50fba6ca803468ce5c5a4650031edc9839,1
477970673d4e7880ddd7d6f3975adeb6575f32de,0
60a15aaebd27665f9631418f035715dc55eb6a5b,0
c3ce9f830372ec76de176f28e19ba94e2a037180,1
4f7811fdf13bb62faf5f4bca61adc7bed6e8870c,0
1b5f79be18e3c093c320a8423ac1e40ca4b3493b,1
2de7b0670f576f4828272afcf07adfe715be31a0,0
ed095ea2605dd7e555fb24bd5ccbcc9b89f8f32d,1
799acc4e78d930a8d670a7a7d87e61c101792087,1
f71fbef783188d536caefcb3089adaf70340154a,0
c2accaf8beaaf2356d73d765397b7fb55fdd74a8,0
bfc48da7bc5d41ac8d9bd158489a6898e255425a,0
0c6cd176639115543f4d3e286af882e73eb961df,0
e7aa590aa7de9868a2e373fee105afbd6cba3020,0
9f1200aeecc74fb18b7595a0bd0cc97f45aeca40,0
36d682af4f06af7599cfd97bb3046816b7936665,0
b0be0723e7f8146c054dadd8186449d9e6904b4c,1
c6efd06a9bd3afa689bb951fb82f431fb40c2e6c,1
bc7b0c4606f2e6267b6ce53960a178eb9508e725,0
f617c1634a54c66d76081b4adc2c7418b30a5fa7,1
ee29fd052eea6d2bc2f9d16a0de5de98df997986,1
74d90ccb00964375717522f1866b6efd2d11e462,1
9d2c21baea4cfef4982423c871b40cc8203bc12b,1
5677c1f15fd96fa24fd3bf732d322f4e47c5848f,1
402647ef387e9ba257a20a8f7628231edfe937c4,1
85b26fef2f1069fb96ab8afca4cdcbb7eb3b0906,0
a30a562cb7f658ef5c191e06ea954b1bc75857f6,0
9b4adad64465879d7e7e4344fc1cd3e64bc76e5b,1
e8a7ac261845b39bd4c155d364809ab46e3b8a3e,0
605595a6b7a63a7cd95e1222f5086a50961253b0,1
9acf25436d8578a457f1ff407edbbf3be315a32a,0
6187cf37863f279b001d289dc7fe095b6ac46789,0
35b1a395432fc76844f84ebbd58d48d11aee98fb,1
b0eaa88de251fa2a28c329a5b4d5f50abb8e865c,0
cde3d6e705b2e937f0cd6bc1f0e6388542ce910b,0
f295e506d0be054a758383c14d8b5b669c343d39,0
25f87080757e97b4371955dbf8638604ac87abc0,0
7a23bb1c66727a0820d3992bb9a8c46cd4a81bdf,1
04bbf7e57b8c92e28dc787ca8719c2d6f9e83bc7,1
44410be98d0ff91f6318b7d2eb5729bb7a5f0db1,1
a78468db52f5a783de0cfe78309284d9b1fe9859,0
c4ca7270c62c2129375226a8db8816078d1af14b,1
33f0884a8bed1c4a232c7ff56822edc7ff1662ad,0
45b9f4fb4360aa4e49be9c8f5f73297583a5612c,0
ea84380460ec202545e67747e302a1aa737072a3,0
591d3f06744e780a6ae7f8fd1cdaa90ce1f23b45,1
9b1c01fc8d32517ccaf484ee8a731e6e6d993fbf,1
e76e5f388fac3564fe1b4d68f22ddc09a2300a7c,0
a1c8ed78b05abd6ecf63c465ebea202728dc797a,0
2ddbc49881bb8d1e8da257c805983b6ed619c3d0,1
eedf8a27addb8c3b73df2d01095f3bdaf44bea5e,1
0934fe173fc26758121e0557e0e6d1ff35e3e62e,0
c3ed5c35a6b54e8359d26951083cf3b7b9446eda,0
7ead6739d712d53c29efd206a4d517f459cd8de1,1
c495b00261bff6802fd610f16e10512eac9b05bd,1
2886ef091a15008213e89f9684e45b06964b7180,1
4153adf9113834a65526d0faf65be2c9c2fd58b2,0
b577c08f0b9d29f690aa3d8ae4b8870e51c581bb,0
ba4518ac658f52a7d176523483a62e452a7ea413,0
a456fb06a8f0fcc72eceb6573254bad8b07b175a,1
44d2a1c2637927ee8716775ece39459a818bad9b,1
c208376daf0aa9f12478f0566b7d206a48b53ce5,0
b4d6b5d4637740a3da0479f2c309913dd2d25e33,1
75bb204340dac52abb749766494a712906c89097,0
12bb9cd78ffe7dc4649994f66459596305f462e3,0
fd6856c3fdb03068b2e40de566d4ea53ecdf15b6,1
dbf5aef287593729e4002a66839235cbb50e1f90,0
8d2956a0330f06e7f9478881d7479286a5993dec,0
c62cefd047c659daa9eb2f55792e6d8d07862d8e,0
309ca50fb26916fdaeb2dd8431266cd2c68dfad1,0
e9b4b4f8febbc6711bf5118b484858b244f5dbf0,1
f24e601c5432d32a0708623d0d26a55acef361a0,0
5675e27e9d84f1d411ceb7a827cd130292db9a71,1
26f369ebdde8116228d12732959f244ffe1f7587,0
7322899960759fba45547534aaf24c4f46336b4f,0
612ffaa02f856951f09bbb79ca96243c80b33461,0
d4f14600d56d715cdd9d1240d92c56a16e740dbd,0
804e4fa3f5fe97d7a759cb724014a21a3a2f0068,0
60a3f535b5a1a64e6712a8180ba2ba50fbc79ac8,0
c193e7c1c51d3cd8adf33889203788d20c6aa5ce,1
9729d65d9543091214630937ac4c0e94bfe789f6,1
0a064da689851f6da7ce910022d61bbaf9938e53,0
229e90ad06c7b36818a505d20bea1a61e2f4d3ae,0
39f52d9a19085eb7e3e2cc45abd4892da67ac6e2,0
8a46542a9c673c8273ffe9249ac2754c796632c2,1
f3a39e6ab6ef64912bbccd561ad99fc5bff92f10,1
6f9adb7e888abb1a6ac07a1c8cbbb845716b57d1,1
dfc53d36cfd99264776ea701e749f8a0b285fb52,0
75f39694a35b3eeb48b216870e00f7473b7a055d,0
c60933747f8c5cffb65f3896501b55a0485f7475,0
a319fb5d8d7676826596bdb556b67a5541a1f04d,0
0dca798c41d5d912d3010fb030ba37b18f788fb4,1
0988a55edce584d3e673b8e84074112b1666e440,0
3aff608d5c1b4e532471770782e014ba97d7af0e,0
4ae77b7cd7941559dd28896395f034321934bfb7,1
e029c73660b59d323267d8e29b06e0c9c20797b9,0
3cebb16eecdab101a10ce3c7149edda5a7fd70b8,0
37d3a3bd234ee029783849d02c000667c1fbebfc,0
4e15da1a5ccabe2d2de370c0afd210c4c4667c04,1
fdcc614e6d05be9af1db01a61695d6ef6c7fe392,0
a15a9a70da1be93532cf90c1c9b42b9269bbe641,0
382b38471301f10931f9b94e2528d0ea11bb7699,1
758c536140c7e68a2c06e7b9b73dadad7a2bed08,1
45348b213aaf9571ccb8318e9831396bf2411d9f,1
c0fb099e0d76f12fc8ef294c283226add993a0cc,1
759326a6e96be7ba846013441736a0f19a4e1a58,1
0dae0948143a55ef31301ccaa0878c49a822e637,1
8dd48e3eec99ec5f3c9b4c3487e81a2b4ab8387e,0
49c97476e3ec19e904f74fc13e2512513a75f31c,1
a6c2611f9e5a7018b94cdfd3e0eb395a500eaad6,1
b4eb253db408532cb1cf0dce9788fc629e685c0e,0
be8c7ea0eb06c72b21107ba15f9f0396d698626c,1
4117a4c1380a48da62ab2f8da8eb601a58931023,0
e8249c5fd3ba1dd5dd8b902a5ded07062b6f4c16,0
53364a1abe746ee11d6777a06697ac30f51909fb,0
2fb8b761230798a35504a1b58e67d7509fd494e5,0
06897d911ae3dccfca7b6577d86ab76b1ff30f9d,0
7bcdb23c507f928688e69349853345183f6a53a4,0
0c136714a7e0ccf3de2bf35e984da8fc5ac89c06,0
1436df64e5ef3623f76c3ee9e26fcf89081231db,0
73d0a3f993d4390a13256c8d6cf280e32e5b7ac3,0
5b509d1a6d1c10d2983be76c88a2940e0a85b66e,1
e341f36e9c1a0bfe85d9108f7900869d8b9d16f1,0
8973be3f093b1358e7d398eec3802c963653ac61,1
8d2709f6f575c9fbb3696137d63be6cec42f4dc8,0
8f2f7e0cde05934d3e1a9f2f91d1e86f014c18ba,1
bc0062a18848a55c67f3a30298e2d095b81b5acd,1
4c64ff573bcc330f0da11ae26fb4366dc83a633a,0
c35fe0aaee91641f9f060215d3266376833ee109,0
c269d0a2a91464df800928d4a8316e878a752238,1
5c645592ef4f4c4ad724ab0797ad9a9c616bd65c,0
b5e1e1ba5753792bd4897f0f562ce05ecaeb09fe,1
702d41cbf212929b5c1c684bd3c82fc91a30d77c,1
de8886bda46a86cbc264cf8f73843daa17846149,1
170bcbf5c8fcfc69e0fac25d777450d40f5e24a1,0
20a9bf358a7f33ae8dbe75a116ff3ad5b48478ce,1
8ccc9db85dbf369d4a84265f11c3cfabd56a3ee9,1
30a6bd63d0e29bedb181ffd516e88605e246664e,1
66b65c046106d307434baceff6eb1b53d64e82cc,1
01256d543460ac6cdff51dbb4b1dc1ceed1d3c36,1
c71a86a276851bc24a37fba819398911cfd377d6,0
5350373bdce1fd5c8555947bc6a32395cc9804f7,0
52b9b59dcc5e65c8a645379b6e0ec0d9e5441d41,0
67b2029a1c95eeded688aa96f5fd91481c7fa0ca,0
53e50c2dafb56f09537e775f8be13b797cb31589,1
447fdbfe652ecc8f455ad2a856dc2292c6e52bf7,1
b286b62025e04e517641e7a960c35806123f4800,0
433a3796c5535075f8436a57f91dcb85f526a760,0
cfd9863c1dbd1b449f6e3bd66fba59f5330d95d5,1
a4027dd822ae5f1281e93331b39283f1db502c5a,1
8f8797464b1574d09f4b4b24eea96da2bf40ef7e,1
17345590cae44781623c8e922728ea525ad0c352,1
36849e09279eec74f259271bb47fdf1159644966,0
102a17d08d96542ea5e002f40cdff06671317db8,1
8c3b58956d6cb101e7ce6c1e6c9b88a1b24319b1,1
04cf7cd97077c32bfca3da3f13a7f069eb7d388e,1
3b72fe83fa9af7ca4d4cea22c3e4b0f05af259e5,0
30ff036788a6885bfb98b3e6fe3b175ad338ab59,0
ede9e2650c15bc7ae2145932c2fb409940624f48,1
fcff244b3e7a984f86b6bb6dd0abdc38b9088d2b,0
cebbf93ad2fdc006535f0ecc367900732a939f30,1
c8eebe94d72b4bad076a374edbbb6ad3fd641074,0
11fb5c1cd89e4f8859f013be999e983b09bce32d,1
54e9291af4a4ea387831816dd3dbb73a56d0fbfd,0
17ef33fa689bc0526692798abd15ff672958a8b0,0
b942c058b0a9e1d08483a7004a08b0fc331b29dd,0
63ad6ae6d64272c966872859275fd0404e99909a,1
ea8a51fb235ac8d46730610af803026f67e9b420,0
d4afbe330fd8067fafc30855b51c00fea747036a,1
344465b1b6cbd0e86a0fd16fca28bebcb351dc1e,1
129272aa2183290b10c7bae170031afea8b9272f,1
7df39c0eb01d73adcc811deeaa155c858e521430,1
f1842aef1e4fd4d4711237237039ac93f7681fb8,0
02df44e1fc1c761d2a019a1d175558e63ea71e78,0
db8868b2c0f5c6599cf0ee5e51c8913b5e8ee8cf,1
55d9c74b403924a561285d7f0607de10e0825188,1
21341684a441f6c9d52223ce957451c79104cd37,1
e709f01b30259876575215846415f90eef1a0033,0
e26d26145bcc822ae23afebabbf965fc435b7340,1
c3f493fca75c8421f67fb86b258ca18d6ada0b01,0
b0dd2ec5461628676cdb82ebec0b22a784b078ba,0
309e0600b91045e84509fbaf335788fe28b2391e,0
84da617520011fd89aa51e4ab82b56e61bfa8966,0
db15eac2abebde9d167ba042d2cff258808cd169,0
9b019cb9f19e6b1f9bd84f646e98cb069b9d5db4,1
ae54205c422a641e706ec469a8df230bee41c213,0
74c0badaf190701f53bab05dd8e24e096f62b9d4,0
82cec6091114ab9fc3e7c5bf615a8b927dffb82b,0
710bed4cc17a1565b9c2c4b2770f2042c7b4f942,1
52dba2a0f0ab6e2e17c051ce1c31175db77b09e2,0
8c9b03a08258e805eecd3bd986df199167941f7e,1
c52d2ef82b1188443399b93d802f9f408178598a,0
324ca14b87f648b5b99df04869a4e2e4f50598df,1
6bd1e3af6c8b8d281e5286878289dde4f210a61b,1
776d7a41207fe6e0f1112ea3704d2407885ba540,1
664656f38c21f9a0153da3753f53840fa7385784,0
d7c00296bb102b90805c93b531870d938b44ba6c,0
388593ead83193705af96b97beb98fb57431b299,0
7f14eb42194d7fc23f2cdb21d10da45a81d391c2,0
00a0f09c8458a677ec1536338776be16b2f71449,0
91fa3a87d316a7245ca5b3ace98231a106486c05,1
bd2546ad183830b3781f40cab02aaaed52e52363,1
9b2c526c12327284f791db7665cabbc4803f5eec,1
7c1dcd2856bfd987729dd51d3ca64d915680ee91,0
9441dd351ef217f06dec1bd0134d900793426b76,1
05c2f621837ddef37c84dc6b30300628ed0081cf,0
d5a7e050ea35b0a97997d2fca2f98ff215dd6c82,1
225b6309f56ce2ffa687eccb581127488868d9c5,1
b1be603a3629f19e4dac5c78f7f3abb33a278770,0
bba7c5f3d010c0306e2aec1a6b7a839ae5b12373,0
2916262440532e6645f2ca4b5c32523427ad7a02,0
d3371942b38b2c79ac626293412a931439264d84,0
69c5e74282a01549e9d5fbce3a0f7c27924dc01e,1
d4a10711e19deb9180c41a69d09d6ed3b79b117e,0
94ef037e248237d8e853fc0714f60596eccd5002,0
e331e4a96910cde7a51d072674abc244d3cb2ac5,0
2f0ebce5c6a90a36d481db35242a23e9082326e2,0
02bce23515b3500551671db7911bb2777a16ca04,0
e2b7bbde2d15d3d164cf6d0dd4fb10918c47a3b3,0
eb7b9fa22189e8e248e4576eb704112e71154f8e,0
4b4265bb7aa2bc701304720e21ff8309aff5ff21,0
94ec126f7af2ffdad129819d4cd0056ed99e94fa,0
d15e26481c3654118ac008f3233d07f3304c2b58,1
de8017267c226a2deb76cb57b7591e3ea22e7abf,1
7ed557e8f1f45bb37dc12f46824c7c04e439be4c,1
0e9941ceb1ef60ecf9c1ac70622b276c1dc03a47,0
2e88ad83e00575e1bc06f0dbcbae5d375bb06fd8,0
3d3c85262266354db85d59165660e4cf2f8f0ee9,0
41a42d55e22034b9d857862ee312be81158a0568,1
676ffb63b0514d775737aff6338ddaddc4038d70,0
2156590c84bb2fbedeb8625de19423a7964fe44d,1
2580bd83fea7dbe85d8275205bc14bbb90874a05,0
4b1dae236dfd929fe326eda5fd0cfe8968c92e34,1
33b20901a17ffb4f0773a15668d9a3974c19c4cc,0
e1666cdcdf07e752de9b634d8cae8f6bb305bc0f,1
14c0619c87b8b2b1c81639469b8489f39a3cd044,0
4775703eb4029244496dd74a9309893469f5d880,0
66907da6b0c2071593e4a8cff7715ff522a4e6f6,1
43e389c76f8cbf10af49624c03e9af331d3f7944,0
a253c78cbbd44ca6cae6d7006a61a695bfe6db2c,0
0145a3eb373c678fa24151e307f18ac944f7aa53,0
55781eba95fcb39768c062a046e7c4b29ff094ff,0
45fc56effbfa1f32db1e01c451836b25615175db,1
76b2bd400828ca1e0ed3ccd4c053f8e45264ebad,1
53a8d0b878fb4a237d05382c5b320aa4ffa98721,0
1518aca9802085bafbafd610dfa6af563a395df9,1
d4ab6463d8098115fe49b1a14004e8ef255a21f1,1
91088c3a51248a71522df8eff2fc6647aef88566,0
0dd97ed7e33d08178a6cbab7530597aef8d0e46d,0
7d332ad5a48f4378ce6e3e9bc43bedfc84bf51d6,0
a09f5308a1c53e184be412b3235e72445bd0ac58,0
ca6ede6017d2fb165b63b3cbf7ffff77c7075225,0
c711748fd6ce47c37b44fe9b484f108014fe9afc,0
4998f618a5925b44d8d1e9e9f1142d5daf58c6aa,1
eb7a5c7eaf72b17ddaa73608591c4feed41f0adc,0
275cb80dc62473f463cc46ddc87e2693f6caffaf,0
b4caf3db77dd231f045477db712fc7c98a341110,0
20dd697fc844724761f3a495bf3cf7373081ca10,0
4cb2d9c0c9b2e59cee3fb3c58f157a55d6869c6b,0
f0a18462e454be1c3d6b7d2c1228a9a30f9b7537,0
e91d751a2677ff8c87538ed5d5aa8617c2f4a580,0
04d2523b01e639aaf064e70e6632d264890fe7ce,1
6dc407de318a8645bbbaa3b8db9af693fde18f0c,0
fc4c0bcc35d071fc49d2385ddfe158277d6e558a,1
be9269c770af240d4ef754e06d5a87d891ebbe6e,0
691a906d6c1c75e85b88c8df65124bce3ea939a9,0
8d12927e388b5cdce3b3e5db6fbca78392887c55,0
bac1c37e3f24bdbf32d98771741daabced1c8d07,0
8da3d16bd293e11ff73ba9d8dad5184e815cbf63,1
3705dfc174c984cd71b77a1f353b7139a6117925,0
6719273fbc714803d4f7337e3e7a0fe04155e491,0
5d702158bd549e475083f60d5e59ed8ecf3aa7d5,1
77654876a6bcc8535bb8f45c47d23364fa5d9c50,0
8912d7194ec44cf125dc749c5e35e2415dd6fb14,1
bf9540a831131edde108862b3e9e36ee13ccf47c,1
452dee051e7cb57c8ee14f5e368b139105fe6616,1
b8e067dbd55ec8c58b0e1314968ee83bb9751603,1
c02815d52d5fb9904e57a7757cc27c581b79812e,0
1c275c6302a4b9749cdc51733d22eb3da68445a8,0
d9dd5990fc1e2d90a070afd6673cbb0ee681195a,1
8d721b853b62c3b69387b36109053214b1ae2eb7,0
32f00dd6c2e137ba8ade3803bd40421488bcfeff,0
c10c7f55b1ca61680af6119d6b850b1baeaaad4d,0
2f8d8c5d95f1716c2bbdad54eb09f3acd854bc98,0
2bf2d4850e37f1502e81354acdc309091ddb78d4,1
f63e363004f736dc27a887fcfb41384fa61680ce,1
bff5dfee5769a18fe56421dd694e83bc7e9f99e0,0
cfe08abc0f71d8e90b2dfc6c292e3d2d235fd840,0
944a35134fbf9adbeeda9230787bb9ee51da1d83,0
dc03704bb96e99ae6bfb43632e0554b2e8bf79d3,0
9f795d81c7ca212f8dac90ad79df5649f4a86e98,1
fb6b10a450e9fab1731ef90a4372951fe145f4b7,0
fc0e1f66c53dcd6c1a9937bdd89290677254537a,1
87c6b2a9b2542a19ce5efc6a53e17fe6733ed717,0
63a915f8fb4d922fc716b4066efd8abd91035bea,1
d29a4f6439a9734886aaf7b6fd709547c874d357,1
54fe7f1f1ff40c88b27161845eb7e9123342f7f4,0
189c2285f841662dba24e72bf9f14de567a2a18d,0
366cbf0535c03ce284d8f4174e45cd9eb816e009,0
30e39a6c5cfb89a7ee8fa302a83830f7f2668ab4,0
145a982190613d7d0633290dcb1439d356ca130a,1
acedd50568f4a0d889e601164172308e6d0d22b6,1
7123225baf113c99b0038cf38c18f1bf7553d390,1
d55ec276210e89dcb4a18dc2b6589c6492ef1b3c,1
1c2895c7d7c292aed8d1debcae9d609c687401c3,0
279b0d14089ed7e16140f3edb1c9747176180037,1
630fe48112bf387136ca19ef51767623b24503b2,1
7a0efe65997095cdcf3b312391b356581f5ec080,0
cba9c0ab6d41cd27350bfe6884edda45a3dfaf56,1
7ca1a88dcc16860e23aa3e186c9dfc9953726cf1,1
605b8046c7a9fb47e36f76fe613a043305a834b2,1
16d36ca2876d36e80d753bd9240041675906a558,0
c94a9b23acde614eb81553d4f82686d1d1b58344,0
170fdc465edd98d6a9ea9909a598884aad5de0c1,0
a581127b0cad1d5b3bdbe94f627e48118013484b,0
071250ff9931d49af69782f3d11f411be5f4a9b1,0
cb61b840138d37e9764836f2a951bca16fc7beea,0
8ec01f3af62d22c0b4794539d5e408f71fd7078a,0
44c77096566f7f0f6f8a77aca4b7121739ccb98b,0
110bb893d3f6451220a8e3772ad9b42027fff5a7,1
397c5228eb138883a5e48968c0895d2c5bcd8e18,0
fc88def940c606a7b931b6aa5e70eb6b63a102c8,0
8b5f58a130747a77e4edcd8b3abf1305d36aac83,1
e92e84042b82e6ff28971b41d3571d48e35fc9d3,0
5abd72e86b61c4fbdead7cda441762d4369d9fb7,1
be849056cbc3c8c0f2b4a07b9471676f177d7ea0,0
33f83cfbbe5db49f56331f59fa6ff95162933a45,1
844a1bf5d40f8fd2935211b1ef857df05201472a,1
b67562142371843555df35f68fa5483761e95dac,0
14ab19265ff28d54eebb9c6e30b281f7463a0f5b,1
c416144aa9c709e38fcb88debb24aa0761b964f5,0
59e82b48af557d1afe66f14c5960106dc9ae502d,0
f0343132d3272e3c4d210194f482d73c1b27da54,0
f9ecbb7b807fb9d8fb7642f924b4ca9567b4300a,0
b63a8bc13955eba24d324a09236e37ddc0a42780,0
c9214bfe73f8f6fb0e8d8dc4d4a29ede5b66e1d2,0
6afe64b211d6f791f2dc6a725c83c260d99d1b5a,1
0d41654aec91e457c05763da6f5c209f2d905995,0
1875fc159795f0a73112537e463119b50ed4742b,1
623e4800f947bbe46fc998110ea1cba5d614965c,0
6f9364fa154bea645ad055e794d6e39b01942b5f,0
71ce0b71bb2c07c7ee2457b9168320b0c432b830,1
7e56cb3a70b754473d903ce966ae0ebecd5b9253,0
de04c8ee0e971322cf71c1c5256f35d937ee83e7,0
53c2851d1f3672be9cd072ebc7b52c8b1417b14e,1
0b6cfb5c99fbcde40d656312c1a4f8abdca3759e,0
9a38021f82426f7c198e2029038e9aa776c154ac,1
4e795680a3909c4ce56be79819f798fd95c7435e,0
b62b6a38d6c99782146bfbf7ffc4e0f8e87c5c58,0
b56f79a1f7d48c8b804300957ff5c3e31221777a,0
429bc2c6cc0b0d936877d1ebb6dfa68a054a0a89,0
7c11b0bad0d61e81f3cca9a5d5b9fd2e8800df46,1
cc00c0f4a63b28c209d72074a305b60b4ae0811d,1
11e9de739ce909fab03e0b1a8f984a41c2c8b97b,0
1a2098ec81bf2a921059b882562f8e8e4e2ca734,1
a955d681765d9a80588bd6ff5cf4f9ac3eb2c23b,1
f3ef712b22a900c02a4078ceebca63d8d0708940,0
5d66aa1ea0448714061942864476634f0bde0452,1
752b9b0436749665de7a92f70c321f5b9ef14896,0
45ac2228c6f647b8b37410c9925b6baee59e734e,0
1a9b81e308a5c6f785b9f12242085d39445f0884,0
f16999d8f681678bfbabb7fc124e3a5503b5968c,0
e6e6d4f7b1cf680de13b92bf19a63b7fa4021d55,1
f472d3b0511a6a40316e30d96cd27afafa238dbd,0
7d44847bae33da1b5e0ed46601646c7605fc38cf,0
371948de8cee527deecd78db17d3a167e9b1b016,0
33744fef836204a279e232f6cfe36996c6ff005c,0
2cb9560df78473d240b22ffc86b6524e99f1bd63,0
9ada6e92a4afd38289caa0888bf8c2e14de35b25,0
446d5d72877aabd144c4f01ebc39c39f713d34d5,0
c3184dbbc9ec0277cad6ef1f1a356a2009c4c41e,0
c61c8df76879a17dbb2455a004c452bef5cab13d,1
8db484a76e788796171c3cc0212ef77e915f8f1d,0
11ba52d882e8cffc87b365a2747028d80512e8d8,0
6fddd7acb873d5a3c0292fbfa067a3568fd63788,0
a677269a40b382290e5097224f00f22a873e590e,1
df0a77ce070c0ee74b5a83dee3220c7b22638042,0
68ac35187ebcc078e21a33dba814dfdaa1e55937,0
6a0198e9e6ad29e13d9c057ad640373cac3025cb,0
e5eaf92927291d96287a3da7b022d8911702f3d3,0
833712d07d8eadd553f9f8831b263a7737931fce,0
3d1daa97e019e12e88f67ba986e1ef7f378f2cc3,0
d9892c872f83211be23ac0a96010e1e2f26ddde3,0
bc634765ff4c666f8c2e4cbc9610ec36d5a701dc,0
5993a67435ef46a2e08cabcadcbd8f18b76eae81,0
3131f16bf786dbc950c2d4de186f08ff5a8e87b2,1
318bee02c5a5374769ec6ab1d32410525ad7b23d,0
b86723887434cf2efcc0f2fb61ba38a8d2d7b810,0
f48dbc353775a81e507b03d3506f8a00b0eea442,1
a12f25d0ef60dcba18acdcffaa798cf90c918d26,1
4aa9e9371971ea839b8b7a98520f86039bfcf079,0
b2f37d9efa6132cbfba8bcf67d6bfea616b67ee4,0
229dd83f827b00504a6027afeed23f1f8111f9a4,0
0c560fc3e43cba9d06f2271453373dc984094925,0
e981a6f9a1c979795553aca7b1df95b8d4696f22,1
89d3d927e48732daae044229053a12aafec1d443,0
454ce052f97e873e344ba4eea0fd1130a935eb61,0
9004a5b13a3b3264745221e9aea63b81d6e6cba2,0
7a543c639bca601af5302e201da2bad727c442e1,0
4f6992f9c6ea22a1281d2fccc6d5be5c5b3ea00b,1
04e314110fe49c09c828f7100c8ac8fd87ddcf9b,1
0cfc7f1d9af4055343faa93137f650113b250581,0
e4ca4e82f6206a25342c49c97d4d9746a1c4b28f,0
793121f7bebba28b33210932485dedfa6bc8ddc4,1
a8b9e19fd5d3e7412d95727202035798ef379ddb,0
1b2e356da334bd82bc1a84fbeab6490534c0c040,0
3045abc92365636e2058d15713e8408bf2476b0d,0
119d502368e66c18fbaec16130eca236a5377755,0
1b5daa7db6714bfce0809e646a02878aad74dd58,1
7f9b7aa452c48d73fe78939381795a63f6968e1a,0
89b66d15bfca2afab1b820f3c751d6ae14a5fc93,0
fa9a012a827b478f0e9e5233f5a412af178495da,0
73913025ac208e0377f5817fdc47442fa8df229e,0
af28a41c846ab95707d59cef6684ffa5165a802d,0
191853c69bd3b0bd50110fa821bf1f8ca422d7e8,1
696dfa3495df0416490b93ac38ed40bd610e5c38,1
6a499ea957a6510e4c96e6c9bd5b5811ed4892ad,1
4d1b487db67aba13be6a21fc28a18dd13b462a30,1
3e3b6a6fcf6f133a999fce6a91ad3ced47047d1d,0
fa9f1fc30372d3b19b585fe9fe7bc17f79dfb244,1
70c0855a7e86f93b5b25427f6c3129538176d105,1
e8d9bad1d71ae89c1ad35382dad762921cfbc604,1
81f466674cfa498a044ca137c4f9b0f2b853d90b,1
223d2c29dbaa1e7664e8a4e930a953427ba531cd,0
cd5848b74e25067f1dcec25fb9e7be44367e3069,0
4b7f25c5b69946e3ab439552a5e7236f8c38a7d9,1
51e10385afd01420c9aff17668107d31144a072c,0
c4180185681bff862ce3a903b907ea27b5224ca7,1
5337457a76c001aaefe8430cab29557a44938053,0
a35879132b225c3e5134a670fb38dfa616825ad7,1
36ed803c9c4e3337e97ad63796b429b476a5d3f9,1
9db241f86a913e89a5f37782a327c108409e394c,1
6df304f8e94d48e8417f9fe3d0cdc6e46f719d7e,0
89079ca6d45523efc12045813cfca35bebbacab7,1
6f2fd68c04b08dc0538e67279b13802192817380,0
8afe7c1394b0dc47c0b81985a6b91240c6cb2a14,0
f9b17dddfa8542a6676ac597e809f5214b24939e,0
c026163313336fe40ab8c13678267e4cd35e4d93,0
34e56f4a181a071a8ca22a8b77aff1bde2489043,0
8617da2fb9051a8010384d4c28e6c392fac79a8b,0
a4c49fe98ebb76d6d25c31f57713ba9209a464a3,1
8dba3ecd0e9cb93445476952470a4c156d0a14c5,0
c09d5e8e895ff9a191c17de111e0170239b2ebaa,1
984382639e2e648004f0019e572314020f08a3d1,1
9384772d10b8a098859464352199211abfac0cf7,1
fabf95502653623e2c72d708686a060dba2bae6a,1
a42ecd174c723d1a40a872a532d914277743e3e2,1
a895806ebc16cdff95d438282cff7597c618ec4d,1
ae2a1977bde5a13c71b7a7d93c8e78d9e22d4d89,0
b2a34e5296d0e806c031fe6a497b0642e76727ae,1
a0119bc542b7438f35a26e97a1655e0c574f8633,1
a402ce7301a748f8942311a40ee2f5a1788f41f0,1
e382ab53ce55962ec7ca473783bd979a0f756e29,0
6b95d2463ba1ecb10e9c403ecb38c74ceaa6f6d9,0
ca2d7c06ce679ed7d7c878fd697cbc92223b2962,0
8b2b04b6351642c4ff3d2c7a2592d9d1ea551c46,0
2afd7b5712c6a63d9a53f6261025308d4a87434d,0
8dd6bd5dffb1d671582e031f52bc1fbde1814cde,1
c2cc1ea107acad1c90c6c67fb40a96fe40f1c30a,0
b1a53fd5fd62763f27111ba2b2d89ab5fe54aabd,0
e5ca0b9a995009468747095a00915b85b98c4bf6,1
eb3fa4da7d0232e25f0edd1d5d6ddba71a81da89,0
0a713268e44af9cb63c5768ac5741070ba0d08f8,0
2ee13830211a1fa1ea6c5cf72124f160e924c80c,0
6dda2ef05cda3f793dfd228f6d30c339b68cac3b,1
85770fe48f75cfc1ad82567c346d1e05ce29e970,1
ab203729fb0755bfe68ab98a711572721cec55d2,1
d4d0beb2ebecbf75dba439d98e81518898b51eb1,1
36ac838727711ba5f8d9771a33648fdbe7c67cee,0
2018091c4dca6c40c88d5cf82c5c90c803f499d9,1
f66dcabc9bdbf609bd323f6b5e8863922ec59b48,0
0430a4d993f29df7f939f8fa8b38dfccde630134,0
a8c6eba9219c35314b2921028e68522315741f12,0
66e4021c41af89f46ec58638418559770b8fa16a,0
d7fd58af5934cfda378dc6dda450a246083af65f,0
dd55b7771aad58a75d3ec596b04c00464b3d057b,0
62584553bfdf5929f711b35eeadd653111447493,0
0983e3b5abfa8697f137f2aa2c2e9ee8cf9d5554,0
f01077581d8c9688bd90603a476f2c94fe52c3ed,0
0d51bdc85b9067dafbd1bb64691fa2b1544589f8,0
078e5b914ad83ed818e16a7fe6d6493b761612d0,1
97ad0bbdcf316f4147d3c8f8ca564282a55a0ec3,1
802718c416d2f624e9f46c80475f374583838fc8,1
abdc8753ffac48ab4b1b40719222d502d02a6b74,0
c976fb52906fe7ab683775d253e2e2bbe6469dd2,0
19d365a2087fa754f8d7835a71568a929edad5da,0
1c335726cf4e99edee07714a673f1b1b9a9d864a,0
ea44b3aa231cc2e4c057af23ceb87bf009f160d4,1
7666d713f6bd7c57792e62d4de734544045b514f,1
1b6b051e370ca8468253d2e40f686c66eecb1619,1
8597e4309d5aa529a7b18352f87040d3c01b18f7,1
454f595573b0a19fb22fee8604f0af65519672a1,0
5eac308eace49c7dc34430bedb1b3b45847739c0,1
ce947709a6364860c45de6a7a9f3e5d153d5cfc6,0
2f458524a21ab42ce8099af64a26e9ae87d9fba0,1
94fa468ae84370e5c68b3bd720d450b7f0dcd0ea,0
c7bb26249e4d08f73a517aaf965dc981cf7664ea,1
ae934825272cfbdcc07aa844da74e96339d75876,1
ebf0dc1b2bae354aab4a9a619f7002fb92a5920c,1
2197b55ab53c6009e11ab379d4ec180e15973a40,0
04a8c7497e30d9dbf59ca23a14283370518dbca8,0
d79553f6de49b78df6618c6a9b643ac2643ff176,0
852afb813978f401cf72cb650644e4ee4a5587a8,0
688b41dbe169d7f9342b9ced09a7ded1b478773f,1
dde04455e53afc25ea8f7681856a437fd17c43b3,0
20aa7f4ed9a994a9edb4c1c20be11f0a5ebc2658,1
82872227ef17c87564a67f6f58f8d0f6ec32426c,1
75fd80ac2426065ca4070735d370012ebb4b67c2,0
58e1f8a8b823f5005aea850721b1e9856930a118,0
64dcb2c2f920dc2df0e518bb1f1741c54fc8b849,0
773bae121908983f82f79385edc6f64e6cf1a49b,1
24bdd6e909da57b3baff77cbc80fb9eb0dd32307,0
8efb9a43a1295f51a01ad8df0f4613d6b6239e2f,1
8c9a9d839785f593ccd16c4cc0bcab6d976ab43b,0
6ab6d809d9883cb7834fe2bcfe2d9f2f69be3441,1
4a6ee980eabf0975c0dd5cb04bb5c857f1eb7f5d,1
6eb6b6d08ea091a2b9c6911b9d8f69d97c82d75f,0
a40e897d1c96d44065b9f04fe3b1bdae9e7e95ff,0
3ae03d09d430ac84caafe13d302f425626941c94,0
b2e9b034909d93a94816691dfe743e54100902d5,1
f71afbf32a23a73a146075f364fbad8d2d87c008,0
a2c4fb5c8a4ec2eac6ba8f857fc006fd2249dde3,0
b04ab7a079c81ea734737c71e1489472ee328637,1
f2e55ab47c07308e9f972f5e7449a8facb454e9c,1
c652ef872cc9622d3a4ada7365d7e36c2566f6af,1
f04fb0b57d91b2802f009a6d143b215bac02e2ee,1
cc340d63f6da85a28a82662fb3b1bd9f3f4e8e7e,0
4db916c0195d34a55d15703d517c5fd26136de4e,0
8148294b763f186b8ad2142997b6be85921b3806,1
788409565515cba27527f82b7c762532c9988390,0
57bc64c41c65573accc45495b0b450819a73f191,0
d7266a3a9c3f514f0bacac7660b42ce74c310589,1
f38796a53c2b52522ec261ccdd7abc1da9e500e0,1
c7d81efb08b53cf95dd3e0aafbb5f8d885a3eadd,0
036c7f3c5fc4f7d225a9143431650d123b81b9c1,0
6c214862a67699d4438b62b73c1da6e1a8d11ed8,1
33ddba60e9956249c61144835ae9064fa933f59f,0
5b6a9e145b0e8be9f335976be613b8bf49904f1a,0
43d019c42c6debabb021c57d5c5271884447fdf5,1
d5c79a9c7d1bc3c8195ee32d485188fd1c2c2f70,0
a8857354a27e1272b1c14e406254979dde9c89e9,0
5004e81b640f06be0e54e68127487728e2713d9f,1
977229bddfffc933b55c891c6668aee6823d59ef,1
dd6c40180016e452ec21738995adcf533370588c,1
66dcc01d5f949f782c2c1432d4e77396b3be8609,0
3f3b15b5b5dd2acb0789a7fab5c7d786cbd32523,1
908b46a34b9d20259bfeb00f575e8c327d4c9b81,1
95a8df2657e35db8c677c4512639574bdebdf6fd,0
d5ec1abc25d61e787879e9c9aa1a40539ec11e90,0
f47976e1d85b69a5912ba96ad15f7d299cf96cfd,1
31d7aad8b7811a2450b1df82ea39a26e3d9b343a,1
d1393edeb7985040986fe5e3cea82710e0f39b0a,0
a225d0f24e1112ece6c484095ea0de364751ff67,0
d178ff184e8c1342fc29a6c7edcb55e06dcc4613,0
76f2d6fe5f0c6319ad5a199ba7c6f8fe997edc41,0
869c9a5ffbcc79ade0d654ac530831b10967cf3f,0
1343b71b1338aeb70c9e6fe304d89c1d91092b63,0
f1197888f60903f097deba9682e26e3c4aae4158,0
3fd8e3e9bd18d4c1ecd0ad564657faf313b0f198,0
126c2ea86b7baf85ad638b7f281be88b48f429b2,1
fef4aafbbf4ac32e8cd3c7b17b07dbe99765c3ba,1
dd8a9dd811df12bfd9c4fcaeee54ed97c0fa3b3c,0
9e1520ecc9a5882f16c88715e06fc3044dd9a50f,0
39bef405546f958b82e88310ae07a717341d087b,1
e59e3f9aff71a4736c28cc0c46a598b85322d3d1,0
5e7f2f9754b96a523c12d5221763b5a37beb615e,1
4628f108c11067f6ca1782f255efea13418c150c,1
1273265a1d1915e6689def945da2db46478f2620,0
efbf2ccef25007e0d600fb7280998150cedbc967,0
c06145197c7c7334092e266b92bad14511159717,0
39e84877438a2225197eac3bd0181fca8362e9e4,1
978a148082b2fbee059c9c66d0f9df2fd0ce76f5,0
438050e451d007afdee4906c816dcad74ca043b8,1
3ac1e0dc90bda32b9f455e2cac5a525de7eee2af,1
46bae13e6f55252015701b18858133865afa50b5,0
eec5f9b2b8e1f5a5d2a8465de10be90bc42d1b98,0
b57888ffe5dfcd40029ddadedfae3735dac56f15,1
6f8d4ce7f45bb96abdb827ea2c30b5451fa12ad1,1
e307263a11d4c0e0ed6d6c6f16a513e7f146b79a,0
d41de59db9ddb5ed4b7c008fc125f3a457300852,1
e1c303da7e95d19eaf7b1e85cb78a643cbdf1d06,0
34fcbbc5221c8425ae618627ff6f920d700fa7e4,0
454f15799381f26bbfdd4b2a3940eef6ef1047fa,1
55eaf1f23b1cb45c254063f10185895791839fc1,1
03d6a3fa929e06dda797ef2c39cf208b6f8207f1,1
43dee1534856da985c96a836699b67742840bef6,1
28c8b72a79873df2d5b39f023a743be02b3c3d4a,1
570383796e11cfeca9340ca73ac68fabb4d6e279,1
4fc3f01a5e5eed92e4cff0b73b33bd4460825d11,0
50e4d64abe12822a11f7d5ec4970fa8be5b4ad9e,1
5ff5a70f1e3bd4d5003f29f3ce9d54b4e5f1b866,0
af1047d2fe9baa39cb301970963ec5a4b3fd7331,0
9e66712d20e5bd445bb4829a2fb87e9dba9c9264,0
76fb13cc9543bf7bd809766fc7ed07217df40965,1
94b2b73f7881d5bc9cc88f2b38b68bcf6536be62,0
b1ca74e7f046833200d27004443fd233c6a0a8d8,1
9cf2de770cf464b283ff8406f4ed9ca1f0b68e03,0
56a890530ea82c29aa8f3b5459c3ddaf2478e687,1
c19dbedad84ef3bad52d2e9c1853f5f53c0613a3,0
cb01980dd1abfc91d50ca08e9efa9720584f014a,0
ccc025bdb47ba1fa31a25ee4ed2559bf12457320,0
8a1e7eb7899ee83b95f943d9a6dae906db4cdc05,1
ee3a3ffa1dd496ffcb15695623ccd1156bb20683,0
c592b68649f687bcfeb49e6b998f68cdb74a27d3,0
7cdfd76def92be1815667e51b1781d1430a350e3,0
c21f9a143d61b3ab13c99f6fdb3eeb0fa10ae0ea,0
a38721817239666008a2a301682e596a7644e1e1,1
da5c4da0e58e25d82bd94c9139392e80179978f0,1
6a526e8a75acf4768dbe57840b616e3af0bbee47,0
1c3347042c7ee896040df8750693e4e75ddfc4c2,0
ac0c4c37161dc154022e047b3a8a39ab896613d5,0
8da7b6218f5e92cd0104a036fa00647d97ab8a46,0
72c809e5bc86e79e187152a91d6be8b852ce6f39,0
a10212bb4eb4dc8f65c51c5d2002602e6ee71439,0
93cba5f85e527a14fa90119b57b57d685be5f562,0
db70706ce3a2b4deb057286edeeedda477b06466,0
178c564e43e78ce36b06aec49fab538244b1f79f,0
f3aed2658774a8d4937aa8144f24dd1a8532436e,1
6ae1dacb9c0776e175fef6bf2279340732c2718e,0
7a3ec91d22f64e16fcdd9933dbecfdc562559677,1
1a70f93ce41b96188a39828da00ba02074cf3f5b,1
70c41c7bc2b3b97abb44596216d54e800c66e578,0
16c304b54b8e8192194f007e3c31aeeac10ef56d,0
8379352db224e1f35fe8bba5b5ad03caa1e54f79,1
66993dc5a8a353b74ac9fb972a3be9b912d11b7f,0
3ccc495cfc54cebdbd4cf550177f0b35eaada151,0
3a9489de2bf68e2a001a287b5c606646496303cf,0
3f6e006a0a58b3a23eba0e44fdc3a2e047e5ee59,0
c14a39f035e4cd7c78df26f7e972b97154ca859c,1
c41cbebf4a29d703294c3243ab94338ceab93cd5,0
6e8d2d368100bac528a0604b84b9c3a5927513f3,0
7112e1693987becd04bad85ef3bd76f9253772cf,0
658ec9b811bb401a8e8832dce25d60f7ed3e2751,0
d2bf5f49ca5f1972798f24b14af83dff6afe8f87,1
1110ed96bac4710e3048306a39df3dd4f8581fdb,0
01a78a1bf60a0f20ceb83520f469a9001da1746d,1
0dec20cc2e1884d84c8c5eba76bd362e904bd669,0
a478f64b17f4384f42008c46ef735e48f6399807,0
eba2e35dae18261ddc7b4397e5b19d372fdb520b,0
a5241ad6a846212235cfe30890528c310188692d,0
7ce9ec1e689232d30041571ef3589e18e8918d0e,1
218c93a04656eccf4ac7883e63c81e66aa623fdf,0
69cac22fc89f0d7b05d193c67ae10da39ec08f8b,1
022bcfab6c912bb00138fbac5c58d7d3f19f0e39,0
b992857386ea2c7fc049b8152567417dd8dfbbc4,1
cc157349ce82a3f56cab42568f5bf1e1beb66e7a,1
0990e22684ab78f76a87c7d912503c1b6d673798,0
3183da6084dbdb4f88c3c8b16919daa6061e29c0,0
8f761456454e4bd4999885e4e273d548e8b1615c,1
f9dbbf0952ec032d73a3ac02d693f9c7c3d53e68,0
14514fb3f28f65dd57bfee701dfd5b7feecb9e78,0
fd69f250b9da3fe4f0abf48ffba68886591a13a5,0
3e65e1ce001ae8ca104c522ac719836b6e94ff7d,0
5d4b4d888ad3588a1f46d28998b04a8663d85551,0
a3d2fe7cc7e8d30b54ed717b79d82ead7a252ed4,0
0d55f87df00fee21b25db5f84312515af1d247c5,0
48bfe65e190d196810228f65d0891a15087911e7,0
7985276965efee13df5fd166e9643145964b9396,1
f9092eba992c5204ef320390e5ac64eefa3a3edf,0
7046c8948caaaeee544b77730533b15316986fa3,1
00507bba55500322ac70f8836237998506789ea0,0
de847fd486d944d6ca519ba8c34818a40e9febf2,0
35979c8ccccde0dc352b5dc91a595b8eaea162ae,1
62981237084d00d55e517c0a4d42e7e54c86d00b,0
6a78a92ac0e62a100e7b9fdbd22989a227e66b42,0
8ff2c29754062571dc2bfb0b49db0ac34d51372c,0
becc2145566202f5a8189873476dbc2ebc2886be,1
e6377ecd7f9412f326541e2f9feab3aab0f1406d,0
e2cad96c19ef1dcd0063ab17d56424925a3df9e7,0
8e1debde1f9c556c8e911ddc78affebd3c32fb74,0
a73fd9d0eae247d589759837cc6e2756d28bc4cb,1
8d10c585e6863946cb5fe07939f4c0e5b752db79,1
e5519b05e0ab05a2779505d21fa424d0c9f6c5d5,1
55b96a05d8974bc69cfb08c25c0caffa3238e598,0
e6a35cf21d5d0ef1fc94c9c0c8a27c906ab11d44,1
049b6f6858ec3f834fd681bcbb20c8ce1f38f78c,1
f5a385290b10c4d19042202180faed65005fbf91,0
e01428c5b66fbe115b392f463e41dde3f3454129,0
d13bf8799132665c239964c0c59e18d2fe9fe0bb,0
e1f66edc1447ff18fe3891f13f4b01553abd6564,0
e81f0262a8752b310775a8d89a025d4ecc8ebe30,0
884bb4866bd42d6dc8dfcbbcdde5e738b48433a4,0
e3ad740e0576e44b21e25b55bcb6cfd987dd77c3,0
4388b304b7df10090376767cf717c99c888439fd,1
5ecaca95019323125f881d46f63e385dcb57cf45,1
ad0cb81cb5916fe41b7ac525ef19f99d8448ddf2,0
da6c68d55e0e7d93994332c325272632a8e5610f,0
9aea9a3a5dab0a1e9fb1f63c912798917e30e9e2,0
e8e000b3b4b4d7a20909e5a221183877e958abd4,0
752b40e8a3305f492bb9797bd9d0bb22ff144df4,0
8c6cd2e72b76025141e88c66dc2efc36f772dd89,0
db1098dc09539604ebd1299e4dca1bc5c20ae439,0
57d0c9e129fa220b3dc3234db4659d7046adfed2,1
c5366b72a189defd08cfb9fa5f85c8f324f1fb23,0
245719d7cec9582aac2cf1b4bc7812f3673877b6,0
992337c4018eb1ff4e537213d7f034239bd8969a,1
7d283d40eaf80934b1031576edb77e77f0e7ca5b,0
f5c2b14f7540b8a5c3a98d11df7198c350b173bf,0
a65bd81ae63ac8495fe03d29eb50d30d4f99f425,0
98bc5fe17c1b54d01710122fbd7a84b634cc7d29,1
17ae0effbc068fef1d3422bc87eace0164c7e2b8,0
5ecbfc69c1a72e2f70b1219b1fee07b3574e6bc5,1
cfdc1601464292db6ecca5b67b62b1fd044e76d5,0
d10f3ea66a5c7fc391e31eefbd651dce4812309d,0
5f2bfc9770dccaf4ca30aad78112c21a6c5bbc0a,1
70177ae842b21bd3c24e16458febdcc82daf2e0d,0
2a60e9f22034446cdedddb39e01c6942ed0f4b79,0
4cb24c2794256749be58d2ebbb7f24fb72f7d21e,1
2fe19f2d802092111809553102d1a840907b1c3f,0
6bbf5e7713244b798fdf5c7c3b952bd575892025,1
4d4194855ea30ac6e4124f19b4492c7ed8d83643,0
b750e4088c24bf5b7bc3c0b9a8673d6c7ffb04aa,0
4588ddc6df5ff26c305f14ae6c2c9fe597fb1fb8,1
61294fe50bd7c09bb5838bd44bdcb9ad9e65bc8d,0
bb71210880cb5fb796ad3245e4b8683435e0b880,0
d0da323b6026c2a4c353960c5b8d1ece9490b6f1,0
bda8088cd10cf9487db772302c952e90eb2c7863,1
7202f99fdcf116da898f7912b0e2995feee0fad2,0
555ab62e96f05ca09226fc7a7cc3bfae7b6b5513,1
860d6ce920444f10e772c6ac692a6f7336f0c6ed,0
1a34558e6e77593532d2ccadcec4f6bc3e4687d4,0
b08f55c2da9453821a1b8a2d542adb62e5c91374,0
6cb6b36805a278708f9ffd1ece96f3a65db854f2,0
219a07acf6f867e4c317473e3d83dc9f2ef00ec2,1
fae10287264a7fe6195f346f23f03c57047e3d5c,1
b98dff71c28a7c63ee2aa1f9fa48b85b1fc95ec7,0
2b5713da859d42651f8f0a1671e90a88b8f1b70f,0
c03e2730b70e05fb017ed0a0bf12980b715bff6d,0
5f27c40ae2d511e5bba6a5171649b8e44d46e6af,0
5284f4765f9ac9137aad35361edaa26871320594,1
c115a0b67b5fa9b5d2d2c58ef42d6e7ef7b3db0e,1
c0f1103a8e90a151cb31e30332088bbb68922c2a,1
c35e9f4cec14576224e76596586dafd9aab1cef9,0
21c819eb8c1f44ca1365dad063e9b8fdc9d230f6,0
4fb2bf169d371b056652c37e53e0233c6a6ef449,0
8a6e06bf84980025cae0750f221f46305a5d7129,0
3f67469115e9379090b5ab5bbe3a7862445fb782,0
ed2024af40e79e0c2c94680956dcaac01f178340,1
208fc425b38d99e03c358e0785d4d11cfb170a2a,1
53f2b1f41a2432325d50f796e72c36d69f87f5e7,0
1f92dbdfbcbde0df7ac299e4cf182f63819e49a7,0
863542b441fa964f04a129c53b0f01b332150e2b,0
421855384aab3c738e1c67e60543396fe65edb9d,0
df9e9cc434fc4c16fa38bbfc54922fff17d1767f,0
3373cbebd60b0a7b4c4cc75c3a276f08ae1ee21b,0
4c1e7a3efadd00917ef826b70bee912ba1addd6d,1
19a09fea09de2f6688ec7434e95845714eb3c623,0
e5202f8ed5d874c6940ab266be7fcbca6baf887b,0
f2e1abeec2cf846eb14fcb09b5b474b513680e8d,1
f502228472cfa6f63b2162cfc4332e6864562293,0
6b9521e63f801eea701e2ed925ade6b8609062c0,1
e9be3792885fb320c95e5c8843302e58051e8e01,1
608e745c82588800d7b361ec7699de65f2461d96,0
a66a99e0c37f9305e59b375286f570bb99e7fcba,1
6b73ffbcb7f0705c5769bc474295af027df45fa5,0
63a8e9add38ffae1d9c45b7c24e56419e6562538,0
76b7ea2ef57f636f56a59baed8b08ef49349adf2,1
92bed8aebf4de902d3f9eb0e716a2b2220ad2bd4,0
a4640eaa2094da39c0e2185bf24e9cd558fcbfb8,0
824ec606c204b3f69f2942ca2485ac5fd0407500,1
80e43bb73e148acfddc67c1134213146849485ca,0
56a7750fa8aff90d8533590b45c824b5892f0ad1,0
a5550e6e78c9a75459a669fe2ff896b4736a4d13,0
816725efcabffaff68c4af2b38b57c5249c1710e,1
60cec0850e13a4b9d1271c351722d85898b2d89a,0
1bd3fb002e8a119250d00ceaee7f5d7598837c3f,1
3ae039a5b132d2ac6738316a045f78ec32b2075a,0
a957f2dbec7ebd4d962d7eb9162d2c3ae0095f5a,0
44a213fd6859499561531063f5c710f6f9e5b500,0
adde64a61bbf37f758f791367ffecda094971361,1
0e865bdeb273c372e4c3f817356a6ce9a3a13f49,0
b6b6fe3c0d5a121a7c811e21ec3e11ce83ff367a,1
740b5dbfdc44535f5023d6d82ebc2b07f2fc03b9,0
86669b4ddb6bdcbac7d76edde0dafec6e57e09b6,0
59ba6bb4e29c1f0a1c8fa005922137b7a047983c,0
f510c3010b4add7e917a37f84a13d123ddb635ce,1
6e74ee208ae5f646a937f3e8e0e638d1429c2ec9,1
783944c45d425a95e90fa98a571789cba7aaccaa,1
b74e296edb24d7e501152740a4da58958ec336e6,0
4a9891c56f19780942725783860b590d196df139,1
8256c729ce1ce71ba3d6dbba050fb5ce5a987702,0
53dca7065b48f6df64a7f9bfbb718958b092744c,1
67208f626923d69d44dcda80e04ad8c58f047067,1
c54001b7b41b69093300215eb74327fab61a4cbe,0
f7d455d77a59512efd38c4f0b3469a29ad6df671,0
fa2e6db0b35484797f58005e3a6e24ca75fbca76,1
3455c8befa6d4edf7e6c9e302158fc0ff52e91af,0
19bcef4828b7f4e01e8f99fecdb573ca1d27e0f1,0
6f9c6e9aeba0deb8f4fbf4a105c13e9f17a7db19,1
c895fe1cb38365bde31afe5ddf85bfc812dc4b2f,0
29e786571f45a2b29cabcc8865d3a629a4cfee64,0
44a8d1b297cbe8ee56de96edd2080f85383b0ee6,0
9c676a64f3a2da6fcf85be40eeda1125bd401eec,1
4af891b472242a2884367e801dcefe7618caf162,1
ae04dbb9ca01b144397ea0344f4bd7bab5c8a0ad,0
0e1e773592909177cb61a573b1e98814f4e282a9,0
7975f791374e83d93b8a0e43ce9adbbc5dbbcb3a,0
4f3b47d1c9050ade7bdca51d42cb2f486641a6ce,0
0b5885ed980de4b132df4972ff8163d054e6ba9c,0
870480a201b473b385c888a22883e7ab22be59a4,0
f499cfbabb76723fcebdf994844a9364069a900b,0
f83d905d60413068cd148b8ac3838658209f5603,1
2fe5af93f715d66211164b0a3abae36f4a57708f,1
c820d524bc48ddb455a3fff5e0e35cf0dca53be4,0
0fa2f970aece7f33f30a01dc90a480aeaa811525,1
88411681a98cb1c6ac358d29417392c0f76c9f8a,0
3dd8a09c22b02a9a1dc661d95ffaa606c1941101,1
775d52f0b413c93bb37019b0ee127c66966ba6fa,0
7ed74e677b10f6e9a7723a6de653431085173863,1
d258c27b69a8fcac6b20621c530fa39294f6deed,0
c3af75baf40318a12f3af43e981249543371f7c2,0
7aa46e6cca3da8e1dc62c257ed0d420820e6b0a4,1
a1a0382f0dc187c07db3692b660159b2259e07cd,0
b47dd13be133f3f01a936ff472fc6f92dc5e6c77,0
a2998013071dbddc5350ee28dcfb33d55b0b366f,0
fa40a4769971c1fb39ecb3ee47ad16cdc1142c44,0
6d30023abff746bb8d3aa35394a5ed57c021d41f,0
b4999703c15c189afe0b3d319c567622abf893b3,1
f4ba61e76dbfb3d4824e6cf14a0fe7d280a7d37e,1
16c8571f604ff150a2939ecbf38debc34fe7360c,1
a09be5e937422a8a660a388e822c3a3f26a6cc5f,1
1b9a4afafe8f529b053856e4d88d6e6645ccc613,0
70de6cd6d3b0f7983cdd0657007251e30f82b1a5,0
ac9be97426ac8737f2060fbbb101aa17490c9a42,0
9900707ca65b6091414f1e418e101450344a1c94,0
eab3174a452df47c5ef7eafce8f28a014859c363,0
cc79be1dcecf4f3956d913636fe432bb8b6bb41d,0
8b7eaf6516e38267cc4bfeaa3e2936515ac3a098,1
67324e0a770254679a12e8ebb56d178bca1febc3,0
b8c85a409d1591e5064ff9d970c26f59ceb64af8,0
6b0ebcbe9ca7723e599e3f66169d07546b7ad6c4,0
49888ddd54d5b3c7307c69c4f0556a85d8d61d9a,0
5f28503c66d1dadc8b1b301ca102bf66da45cc38,1
bdd74acf7f5921912c7a4f6a549ced322c80dc40,1
8f2760b2518b42416fe68b8dd4f5c337f56b58b0,0
2f27f6a4ea357b9c2c58290348aba845f942a42f,1
3b0b0f3545eb4fad9526b0d068bafdbc0fd0d6ae,1
a7683db61922eb4434c377d5bb003038ee5a519f,0
0bcb150acb5776d73512922bac13cbfcf2ddc65a,0
11e84e6dfb0e32eb5a059083776f2d10e7f8ed24,1
3a97416bb3957b4eb8bc1c37a33097ba8d7d1208,0
86235d440683579f982b4b52fac562f8cbd2b331,1
29770429030242cb42552a1376b7a8d231712739,0
02cbc423cd7cb1e0ae7fb6dedf65cd80af2fb65e,1
fb2f24a3e0905496d7bda7e50f94c04e3129ecd3,0
bc3de4428b381fb42313fccda032640c9cb1efd4,1
a98a8c71b206e4e460df2605643f9b8e7bf424b5,0
22a1b37d67a9968a6a8300bfcb5200e4dc13f6e2,0
c01064d3bc3b30f38f1c8fc48ab86005f93dce5b,0
277c8d4dfde857c832da07ff621f2b904eecd899,1
a1e4d03b4b3a60ea03d8152f783f5745f65b77f2,0
dcd9f31f61b392ad0a47a32bbcb01b20a2c7b152,1
e796d09d05b6cd019608a1d7e7fb5529064bad74,0
e2e33a2e1b830d39fb18fbe08b42629c1473c38e,0
bb443c955744bce7bc542d91ec16d44126532ed1,0
323441e70cdc633b461f83891a255c509ae5fa0a,0
b67213ec8a34327a68346ad9224ea3e66d805b21,0
cd8f1156d23f0428a421c628e7d63311ba631ae1,1
d051a0cdf30062f060ee5a28caf21f00e90927aa,0
97bc9670aca7258832862683bf0012b50e87fc9b,0
a437cf2279841afd1fcc7bf45c7bdf212c33bb42,0
d3564a06470bbb3c1e4658f82e1e37ff2a6320b4,1
c7e6b426f9c1502bffe2606d7bd80b83b2650cf7,0
60132a8892a77629de08876edbb4e0a5639671d9,1
0bca3046f962d101f3dbf9e65379a52be2756a1f,1
e4e1993d86f21fa23fc02f20fe24806d636abd09,0
73ba0f85b660b9e24887516c5da55444f5e8e173,1
f72899c974bc6d37a11a1a9f68a6d29d1d8f2f28,0
f7df67f59b7d0089c483a8f1c2ead2f6d1b5f534,0
22b58ae72dc7e9a0e6c7f42e5898ce67fe2df563,0
a7800d081244ff5d74a78f84d8d761f9aa5dcd4f,1
5bf198b5f0732515d0d402a85fac726da1fcb2f9,1
37e0a9223fe2fe5a0155600104fd6829cd3bb9e1,0
e5be930bf0778f1d4609e0839222f36a46822cdb,1
ee778d29d26fd12d4061d79e8b00fd4913a833da,0
f15e3e90fd88fb3825fe79372b1fbf09d0081383,0
25cd8ad37a5365816d3bd3d45e613f901b3526bb,1
56206699302cb40ad086425e3c5c5893949edc84,1
e83c6bd350dbb0c8f3247ee619657c8a6373a21f,1
343a72b26de6921345da50cb45fa898076412ab3,0
a3dfa7cc2729e284f29ab201946268c20a682558,1
7324e1db33d4988e75bd4c09e14ee82cdcbf7273,0
037473eafe6fe75494315546ee4d422b7ce4fb07,0
a844f4a2f9664aa8ee98e269d4999e7e09df2d32,0
7d116e13f5abb10b2819419457cf2e3a6d96eaa6,0
4d3ece66920d89a8225ed93dccc7f333d0f18303,0
48d7e3628a455d6b92a39a1c265741e774c2c29c,0
56e4a4defb2d4b1291f0a888f5934066f3502b38,1
5b7293eefc6e244842a24ec5f82fce6865cc3e63,1
ffe852570c4e308d823023d406383bcc0c947da5,0
3188c41301d956c5756e351bdc8d1c152373e762,0
83762a99d0dd53a5d9cf3c02d8240e28134ec5df,1
225de55ba08916c9ef615ebc34f8f2bf46dd2222,1
80c66b6b2198fff4210ea1f0b578f09d0366d85e,1
76804f4544736d182f80b7484bb92ec954a8c723,1
35286976451427764337e58120096dc303151d4a,0
7f4cdbe312c4848a9129dffcffbddd21c304952a,0
6df518dc1c0d2827cf2082df789cc3d887fa86e9,0
413d1e66fde6a2112d426b99f422b5a05092f3ff,0
331e9e50fe4fe8e3f697d4a1e63a0dbde144d837,0
610ea6d79c80ecab93bfb4d8e754e4b522e8e87d,0
17f95e30393c0bf553d8aee919f763bffefc71b1,1
354f30f56b837a26f2b8f9e866176d60e0bd8809,0
88b73b9337f00acd6e0424d341f46d8ba71c4f70,1
6cb31215f6333a7d2dfcf8e92ffc3eb08a59e1f9,0
1d86c848b1e18f20f8ef2282ab1eb43e7b5e7e71,0
45774718524f94ecd96b2b6eda065a755570dfd8,1
2671e3248438cf93940cd071bbc69d0d476dd091,0
fcddd56ef7d321679984bd35ad38c859579afe09,0
be76b1bfc03f894aab4610f9131415c22bad7f49,0
0ae8f773f9ecde24ce4e590c95d138dfd109e970,1
531bb3cbd79b986842bf2556adb7d7be17faef9f,1
756faf179cd53fbfb9b23bff01ac32decbfa8e8a,0
42b668daff3f171c4cc383a6c1dba5618b414e4f,1
4f586fc2dfb6e94582d8c20c680db06cd5e4392a,0
b83598f940b75050183b4fd11613427b91c7d3a2,0
770862bb3ff9ed0b38a8f7e079630d838619b8cb,1
da3a9023eb427aee479355fba9c4c49bbe9f3c6c,1
fd4da4311a37e815fdcfffc2c0b109f443200050,0
4f1af76b54a95e15a60c23faafdf7f5f775cadb7,1
2681e46ff23791845bd2c245ff3d9df8bcd5314e,0
997a2a5c0f16a9a86debc50a649979d5d02da1bf,0
6c82e54514e9d8ee328babb01a9e1ba1a33ede9b,1
64a937776df2e8db34bea0efc7465aa2ac9322b2,0
bfd44d17a5bc8f4b240735bfdf41cb9b35f0847a,0
1a32a5049b23216c95887fd2c9d484b1c53bac2c,0
c57c4399d0c56d576623787da84af892a8e6fa41,1
95eec37a3b8bf9c284afacf21132692f81efc1da,1
288410b470a233b08c589cc1ca8a29169d6af0f7,0
f2799b07e9f36174c665514f42ea2fd8a5c1d2f8,0
79f88b2b20adb334746ff8d5986cef90bd98d7c6,0
aa4cb54a1e317845f39059fc55614096bf5e7da8,0
7698e0d81a50ce18aa378f3caf9686f01f26ec7c,0
f2dd190818e731b9803d34e6086b05d9a7ac123f,1
532d57532b106db208a407dee4a7db9fb6ba059b,0
dcce564bb719b2e62d8b6453a880023342539a20,0
a259afe393e1643b9cfad6077bd5826f1ddbd800,0
07d167c9c5564764cefb865fdc347e29b3c4c9b2,1
554ad16c80a951c56adc220321d2c614a67124ea,0
d4442058b4d10f72be71f86087a39baca77600b2,0
97fe63d8fe780de0fab524788999b9829f658ad3,1
0aaffde69cc2355a404873f6efe618166336aff8,1
77904496cc4e076f0329e5915648397bfc3aeeb8,0
20214e022e625bb8172cec3806a6a68b3698ee63,0
ae557be3f6e67b60ba627acfa67adec12273629f,1
2fee472d6ac2b9d1ef3fb8096c7bfc23dae28eb4,1
ecf165e01c85f414ecb5837ef0366dfa12e2d50d,1
c845969cbaa7ea6fc52be1f13f06a69ba173bc41,0
184dfddd79869aa43221a4649add26d85ca8c224,0
522b5d413dd531cabc462a3fddcaafb92301efb3,0
ccea3362ccae43efd92db3009971a7b0e0174293,0
e04d13aec24743c622262f4953bed58ae5aba885,0
5d3867b2e3356b168b9e47ff6795f00b5f7aa9ce,0
d2362c08063000c3c74a52a399b0b4779875018f,0
2c7578ef94ef99fc19e8fdf630a04044383a1aa2,1
cdf9e59d5ff44c3bb57d1851d180b8aebab08cca,0
1a50f414eaa2ca6290901d92bcc9d0e046bd4685,0
43574920ebe828ebc9945e2fdc03369f305c61ae,0
b92fb8890f6dc0e17df7caf03a673d0d06aad93b,0
a74de5986220e8de3adb3ca0927bc01322f7d4d2,1
b4d23371933daba4dead0bcfa77091781249797d,1
a5cd648b6f2deda1632f53eae71f34403834f26c,0
cf686282bc030409d7f9676a94ee922d746bf735,0
d926b3560ef05893898f4cb584663092dd7a20ea,0
c69d11b8c2249ee95da1a9d8383b818ec7e6fd63,0
e7b736915245145210eb890339a3b3d769973422,0
1f975ce09c4155d2e995a8764bcfa9b99d685b84,1
055f5c5c03048e948461888a827755d37f0b69e6,0
0d0483453d466dd0c8e852130519b56dac19ace2,0
69cb1659e1b2b91d4e5eccdd699063ab1075f323,0
f5fe2545bee00ca3162ce5346f3599b9ce09b952,0
8f6d5a23a4c0c0701234b0c949b8aac06f8c5cb1,1
532b70aeb634de151c3f9316d9ba51053f4018fd,0
90a83dd4815cb291397509a2d4f64dcf84be22e6,0
c338be73c6334673db5b8b472cbec1a2c63ab649,0
b3c16d3fbbf8c4a5cc3ae7db0a3a827232d57d98,0
c3fc11d2d13cd8fabb94c0ab7e175bd48bbbcc9b,0
06b6b2c904acb935c888cd27890bb511ac088417,0
60746ed042d7987a002d3ffcaa8b403e3159b21a,0
91e3835c520be4fbfa0bd3be2c687f588ae0476b,0
17ec3d3d53b552fa65760995de661768f429acb1,0
0058631ed5f81679dec50f614bacd175ec7c6874,1
23051a0463b2e312806550cc423d96817c8c1c04,0
19703d375c69a28c65d4826b52dc3c1e8493c7f4,1
719821d9d95414a9e91b87997a43b29823dfb65d,0
91c487dc0a8586b8125cccf59363c8a5004e07ef,0
43ee5b7b674f8044b631a7d6bf6b4dc36290b409,0
db76c0a96d7eb58e72cfe03782284af1eb334a03,0
416e4a9e4af52cf09057e97c0d0ebc08a380c581,0
5491f7f021775cd5fff37985fd2955343ecd0b19,0
daefd1d1b7aaa914e7954885700d4ed280e87a5e,0
5ed2e5a9abb5729e5cd0a9336aea50f2509d2376,0
b7b2e0dc44fa4d6a84fa351b281d1908f32dd973,0
024d0ffae8a78ab5bd7727aeb267be25734050c5,0
54fb547d9901758d4f62db243874d87fa77b4f61,0
a70716fe3ef4c4b0c25e89e2810b4f278d8b77af,1
6e4b7f4c74968ac645bbedb03aec7615afadca5b,0
b4680bba2e0e2fafc047ea33e6d39cc916a0f9b2,0
cfc5cdbf57b6e487cec8b9737a3fd2ccae2a434e,0
7a1079982848ca39fe692a7ef2ae29155201df62,0
004c0238d63b0ab7c4a7cab1c0169108cdcbc095,0
c7bd9bdeb155ae669cf46d8d43595b23df648f56,0
f99f2fa82966231300e6a7e12cbbd1540310bdb4,0
33bfdf58cb330654174622e80fc15fee03edbfbf,0
3a42a5731e4fad55776d6b4827d72b56cdb91471,0
e730b7a301b70ef2c5a41ab1c790a2872ba1f056,0
e2964a84e086bc39d525b94274671c2228d66439,0
c3a690bccfcf01ce1584857b9ab76b5cc97518e6,0
b04ada72649beb45ffc0945a938a34109872e6d2,0
39aca15116c3b9f3642c0783aa744d41e7997348,0
9f7babf28537398593ce8b85e392c60c98198a7b,1
a1d6adf94fa0eca05756470453a330040a4692f8,1
2322f946dd0b202ddceb03a99bf4603926c3177b,1
e8be1e9e4f744c2322a1c03865dffb50e2a85c66,0
1f847eef74865c5bbb73b51433b8df3bc21490e7,0
613f36c3505ceb0aca33286b4fd98a2f1fdb5e4f,1
368c864ff703bf6e26a7a6108a4af984ffe75df0,0
48921258d68a2fe12cc0b5458bf969b306b5ab8f,0
3084004ad8d0a5be6cbb0d93eb3e5fd40bc99bda,1
4cbff03c6f9ae3e1a32987209b6726a89d3b3481,1
591e2e9c532c08de1da248fbaad74cdeb39a569c,0
e3d95c6e1ceb1420740a07d80170b9f8bc37bd74,0
2f64ce88b37a338040d637c1b2dbf9322880bfa5,0
03328cbae02c1eaee96fda83ac8712c2f0f4b0e0,0
742a676898030cb28ffa93e6dc02cb74ed8b6e1e,0
a42b9690731f7dee594956c32814ea7dc680d4d5,0
1942a30c22e49d6728f6c857c8b307e5d6b70c68,0
dc2975c49adefa15ed7a4caed0c025765317c508,0
1e4780a90bfba9bd3c141a86b4830099b92e6739,0
893f52835beba43c13df216d7d50e961620a0d7b,0
80834189bdfad108efbb2782c733916f751b3183,1
a98b69600f8b9f989e958dfd616fe1ad53ca1793,0
8692a3a62c3e121d36cd23c2ba5cbe35c3d92dbd,1
913abd1235a5a9cf8816d4868d616cf7775f5f20,0
d1dcee00b8776e560356e613cfbdfdfa69c2d2b8,0
e3b4f482e5441ca29ff2ff7599254c109820ce10,1
d64909668b7affbe6d8699eb0ed012cc6c2e23aa,0
e14118e395f46a8fb002a9a30010e1bb0b0405ad,1
b794d26b215285b4d420ae195c5ee82ac75e2de9,0
1199a72a9e823c174bae7de7b7ddb295d92883a7,1
d2af27541f17d52434cbf6776fea32d4ee924d4a,0
2fa74df5e039aa892dee438626ac1a29b2c8cffc,1
c3df66c0e3cda66ab37a228c91e220de3c2ee91d,0
224ed53eb41a8ae459f9d4434b02e2a0bf37f82e,0
53b06ea3429bd020bcd7406c5d36be520a9f3f48,0
df9ab67e49b316abd2869afc55aa2db0b8531075,0
74c45658d62abdba0c2667a51ae3ec466fe94b2c,1
fc112498d0e3228df67262957fa22b0963a9be49,0
cf6fc5983d255071a980e2559ab884966e075b8e,0
63b2292ec1387f94d13f5ab914e9fd17eec107d6,0
e96c294790f5bded28ee3d63659f7c91ed22d3fc,0
34801a2990e3c947f301bdc0dd05bfc7863f296f,1
f09d28885fa0ca85e84f653ab4b7ce75ece3d92a,0
10cdcf48a7dd269070922210d30835c2d2c6475a,1
154fc9b73551b328738ac81668d21342366624cc,0
e4a2b6b4c84d399476f090745d1c8e12a1cf7bec,0
7833873e058c91af3b5f346586491d18285453a1,0
494c27ce87b0dd8ea8ed6248c9d4b2701f2d14c1,0
d0140bad73080c393a86cdc6fd9040f16cab1a15,0
48766e5e559949bbdc544d490a177230fe40ba52,0
3189b35beef0c00df7271ac6b2a73f2f27ab438c,0
21daa83a07865e05f4a2336f6b866590e0ebb856,0
cb0ed1c18c38221ad936c745f5cf6d0116447c4a,0
183362eb18eeb32a0de98d7bb88bf4f59df3c953,0
f4aa1cd97289dd399067899098a20f15b9c28477,0
aa2c829cb239e6feec3119c74d20c08c2fad6724,1
bb7e354ff7556ae662d680a789265fcf7ad8d3bd,1
6c030619cf886e904b3f9e6f058ec2224fd2bce3,0
f888264291ba988c538f1866555b4510757a8fdb,1
14849c81bc5a4f37805accb65088dbffc8c0f2ae,1
35d2f464208cd40f6cca00c70e627d712e3433b5,1
d3bca6994474dbb91e9b7bed8847bd2ea3e43e3d,0
07de2d2499ea93fb580984deefd2fd1139a3b7c3,0
035f058701847294ff1cfa3ab28140525ea9ec8e,1
20e7b83e7cc39704061ecc194af8b936211a0c2b,1
59e35e7c571cbad78e0698d8a29c4ac3261446c8,1
9f54e7c362d0b911acb08aa87bfea1362239226a,0
7083cbe66bac4006e8a4fd86f2d9a3ee9dc314dc,1
19a502eeb02c13d28c27bcf00a0615e62841671d,0
5522840805f5398f83b00b95824e86cbf2380eef,0
d4cc57f015d8175a16aee74a3a929b748fc33abf,0
1d90ff8b7e171c68fcad55762009bf3395ec5508,1
1aa0ec58ebc6f86c912d46ba8f928a062cf0bd84,0
773201cd8f33f12ce4e039d7d6eaab47423a5b56,1
f390f0779dffb0b33ef68c88007c4646c6fa5591,0
93a43fd392e0f31d6d3b628f392cc5cb46e29b5a,1
6841cee5a9c9cbb81d3d1ee1ababf101027ac877,1
eaa4a4a1e2584c8a0b91a77ade9e2d69fb96995e,0
d0adf018ce3864eaa8a4ac070ef12c866d3a72f5,0
978203e2df667ed3754048fb8f999df68731d397,0
a5a864b0b8b9e86ae27e5e0135a8c6a397c36314,0
b32328732f725be77b702b44ddfb15b72ee670d4,1
f5af2fabe2c880419ce961c643da865aa6331b14,0
9c0433b980367f99a4fc69d35d6a4ba15f16d814,0
0e2efc375be55edf6ada71edb462a61d8b62b8b8,0
bc7d368c789714212ad58d5a02b67d4049209882,1
e7ffca9af675d10e138efea538175ddb94a2aec0,1
67fbefde6e8226b91168a4760bb7b9600bf6b6e7,0
ae28565b9dc604451425d20295f89cf023842900,1
76d0dc81a3a30abec0af85617b4a7a69d8a7a4d1,1
b4de5d913bf8d6046a5a31ad06b82e70a39445bc,1
ce9cdb144f6cf2b3b729b0fcb13b1f496acf4394,1
fe2f891efadb6dabc8d8fbd776f0455bc13106b3,1
30b76176ac9a4a0380378be885a35352523e7489,1
7ff3e46cd5ca8ba6c942a50196080333e736f6d3,0
e6589af7987953c1836776f32a452dc72531ecb0,0
84157cb86e3e293c782aaacca6cd44409b734d48,1
3d006ead53352dabedc0cc756ac6d85ba263a775,0
02b9f424b63ce9acfdaa07407a6ef06f03c5d89a,0
92699d2cd36ee5aaceefa10d88260306b7d79ac9,1
82f93feb7196f7b9afdda232c68eae618e8fcbed,0
5f06cc01c6592317e7d467fd404ad9dbce269ed2,1
b0cdd18a7c3e4d094a8e5843e0313165e75663d2,0
9db64cd4eccb2be39724c0c9a9d28d85dd1d3033,0
d3ed9ce9d63170a949b0b71bd3d82c1a919f998d,1
0467e236df1b0d9d56e066bd2e54abbc072994ab,0
872056a9eb07d154f35ad73ac108c1e3fe4f6a49,0
8e49f78866102be75975c7fb553ce664795f826f,0
26fb44a4c708f84233882d92578e8ed7bb85961d,1
98e15f4fbe07a475c0fd1788c6e2b80beb843ab2,1
d18d00c8405fd39955477084e1078457091b16ef,0
3796868174729d200cc3fa1095a0569954e2160b,0
0c1eeeb36e17e04072600dc4c2cd5ee0f229c51d,0
3bc80aecf4b07935c4e5ef59cc40074a17d9baf1,0
eaffbbff531cf85d0f17aeeed204e2e813c1b981,0
22fd157de3ccb008eb0cd089b87b12630bd4d0e8,0
8e3608b5091b76dea931c3686182c35d979cf15d,1
aba5f6c44815bc81caa9a0e5d1f4bf73e9caa766,1
9761a2e4112950a0bca2c583834b6dd1bb40d670,0
ab9f3681db1ddb971b97bdd2d01c6577cd68dd9a,1
c817be7ad9d34c3799bd3703067993a8874dbc52,0
54b737d8dd96050e7638a43373ac94f36573f21e,0
7ecb339177d7d1b5c516e1581dea4be87cec0346,0
9d108c19c87899567bebc55d3971d14a946a4f4c,0
ff36aff18809c9953b2a3b9ac0ba5ae278a14681,0
4b9910e1536aa65e48030cb84e486e49881ad94c,0
d713dba683b278a05c5c9a45551ddf6644e60686,0
1acf4e11fe97ba49876447e2cbaa3af0709450da,1
8eb566140d6ce5c0c9fb5add0994c993dee43c1f,0
e116bdef63b293104c4278539b3af9d44935d06a,1
50b04594823a002388dd827c41df092cd97bd7dd,0
82ddaba8e7f1b2f828f278dd5908e36ee65691a3,0
57dff593d516bbd0cb3eb0e98999f6d23d449fad,0
9fa97da3b2d6cb731f906a27e4d05109e11a86ad,0
1c622d76f619181cbd46f47f6c4a4cd981dd059e,0
ffdbd4ea060b4aa6c0114a3cf1678e03c0463cf1,1
05d93c707ac81393b3c8c5e45d39ac00934a5d75,0
f7b71865454591f833f16bdec629f389f39845e0,1
cdbdda8d42407323ece9fbcbf74134c1970335da,0
fa59cb67e8f74611e0af82e8e5df7083e777ee40,0
c462d22278c670f918baf6d140316c1e85ae3a8a,0
1902f75a47655add1d04d06e612475cbbe0f7812,1
7c93e6ae67787ce9b363d1808baf9e53f17588f8,0
11ab54b5db5f5fd6d566f21c1ceb791c8a64828b,1
670588938fe6bcd4a709ad68f92c6c4e2ab930c2,0
3e12a23b82617b12644d8bc505e60e5481c3d1fa,0
cb7e121d49b1ca5cea5317bf5c25b2452abbaebe,0
aef296699f64ac141d4116a15f222973c7e35074,1
47ede7be86644febb169f152e6f54f9264ae7c07,1
ddda15f2056e6b60c684295c38683336c1c7d461,1
ae3df666d402dadce598a416d163fc3775152901,0
4b9c8be4889644d23cc30d9d4de99d0381ef1122,1
7d206573690077053057142c567de48836366db8,0
ea7c0062568bb0866df4f9e78b3be6e212e0317b,0
5ec30c4356be6a8bc95d10ec8a9d301f7e79adfa,0
52697b4c457a2dbdd2c6c4331c67bfb99021ba8a,0
fd599f6e89e96ad8471cfb9efcc9ef36a0ee91f9,0
ac0bb32bd0affa891435ac8a1d9f4921f720f868,0
e8fa05229c3ce6e29b1a0a96b6175c0d5decc42d,0
841dc8b97bc07364be236222efd54b928e6b4cf5,1
b142eee997843b132b58d8874f07517125ae7661,1
e2d8eca428712b7cae7940dd26cf10a1839f29ac,0
bf76545fc9dbe2059cd875d22bfef3b7c78b2bc9,0
b72af228086f205e2f0ba3f38619d29ddc22dbe8,1
49ef61934abb5a88c51fb7cc94369b769a1d3492,1
7672faed6289b0582ee934f88e511b898297ea8c,1
2ec7c1c6a4348107ab102d7b9750541fd69dfdb8,1
9be25634ca894e3ddcc8ff3854563f6ec3e6578b,0
aa387725e05f06200401579ed4f925d059b680b8,0
fe7a98ef8d3915abe196d5a4a95cd71de10a5acf,1
b2e5419e7f8d500052393bb0e65cc7e897b322d5,0
3314389f26d648b530ede15f529d17a1565e1d0b,1
80a5c1dbba1dc1a97c1dd0eb934549a3a103095a,0
75e4d49c65c39f553582f83a431de7f5fd173b41,1
7990d23bc5da44f336c3ed1610e4aea9050aa5d5,1
214690245349b12d3a15dd89b3cdf443b02a1a59,0
e1b336c265ca1870607a9a9791c6ca94661a4f9b,1
fc7e8c3d52cd1a1e2aa5b429bbb969e28bf6681f,1
4f3066f27c3d358f8544fe73551ac0ea88f4c2f0,1
72eed3347b4eef822b4a4c5cca6b687437c3c226,0
f7bf695844af5bf110cb94b8f6b91f8d156fc3ca,1
e26a150ee30b7c4e3ffd5adc4814ccd95f8afb88,0
39706d652a701cca7d6769e4dc23572125f571a7,1
209996f62f8d03b4009ed3a278886205215c1a4c,0
8561adaa1bb42e2a492d70d870ac637bed4bfc50,1
e7060f7269b8b07afae2ecaf460c2c4410e9c788,1
828acd1005f033bd85efb6c1a829c8d2fef0a7d0,0
f268b76dea85f2a18add141ebe1f143997b11dab,0
d509fc1856862a7d09407c9f9b76637e1f8f9398,1
750dfcd28be16980b5a0239facb54e129cfce1cb,0
6d75075d4a25ba0147c463bcfe073955cc6048a9,1
8035b30b752a14f856c95176600d94aa56b8d557,0
02c5ffa5e72400d2ea30e1f2b3b0f70ed84d180b,0
2e2f0f3bfdb20dd36ddc5e6d2e574e13e5b1c2b4,0
77e7c8ca9373f8af8f239192d66b4e0fd22b3b09,0
3ac946cd5f79d4e0b756dc767beb045ef69e53ca,0
1ed0a1816b8557cd7d7aba92ec2e2bdd7f17cda3,0
c0d2e5107dec8e2c902cf68dd6e41f32eeb8065b,0
0df61c5aed4f660ec4acbfde009c1edea93001de,0
be5dd355982bfd2990adb3587203b67d5f5c52c4,1
4de887334c3e446a7d74390a89bacd2728be912f,0
3a2f729da0afceb9e4a3dea095187f9c9666485e,0
316231e9f2043760b60163f6fa8ec97ea8991137,1
f88b2f419db44511948f54de1b76efd2a9772aad,1
4ffb8b7db3ef16994731c05c926a94f9e168a933,0
81f388b5674cd67cb01dbc817180327b36a35080,0
10bff08a0f24117368503b4ba641632cdc906c1a,0
c5b5b8b0acee332113629b5adbf161cd65abdcad,1
2d097d82806bc8fe12dd55cf051e66a47fb19e6b,1
72aa7583710bcb21a4fa18ffc00aacc8a05728ba,1
7f19b637446fd501de4868ed433076f3542dddb7,0
db451e22dfa0ea4d6774cb10202e00ccae8b0f7c,1
5f6cfe13dc27766bef7a91a766f432f8bb20695c,1
0cd7572b78d5d2f8239974a76362e690000ff7f0,1
5e11149dcf028a12fd8f8c79988a6c0d257ffeea,0
f4f64606634752f6b2ea387e29908ce3c85ddc8d,1
d84d71ca3a6c06abc2f2605eb33cb5f52913af7d,1
ec6f9e979102f51b9c86115a8c382494cb1c394c,1
f464108c7ead1c477af0211db8a6cdb19a75867b,0
c15f7233e2e9b87fe7297f72329199a6527fd7a9,0
ab4c1d776ceabfd9cfa42cfa8d317deb0ea4e217,0
869506d53274a97cc851e7be747bbc82c762ec05,1
0bdc2c5afbcb0fb4e71482fc6f504a98727f2678,0
c516b40dee6af04361f07dee24119a82c27c43e2,1
d399f93fef2bacee9abb4aa9b31e456a67dec80e,1
3ba22de48660d70e25e16ce95dbf7eea9f6dd503,0
010ed3f0756f4a1b686ba63b9be33e81baa10e4b,0
ce6d96647b14dad1e1efa265730f63c5cc00c7c4,0
af02177403264262354ab6ecd584b3dded62e768,1
18ba522387af91c08917c291061858d7fc615a1b,0
751591bbf3660e571edae9077b6d68d622eba6a6,0
c6bd2c1d7937c92279d04ca42a575fb1b8b17086,0
03cad619c7d4c31213bde2f6d0efa5d7d5680c32,1
76232f2b2f17de26558854841186a2ae8644ba9c,1
efcd6a8f4a4d6d9663cab016a8ec2b8c243b18c0,0
aee43f9b6f1eb3c1798a6886753fa7f589d86b25,0
91cbbe2d5db1ab7eb2349a5999ed92cca1e5cbb2,0
8f107ec6f73da7e81a77d4165058a3d8c60ff48b,0
42aae9e5cdc693cfb306f8e688941bad6071da26,0
78de49395050af79f778dce01681a0840eeea4ca,1
00e1dca692c04aba0e950e70e5b6ca0e39fa11b4,0
d7cbe573487247dcdb7ac146d30251eae693f878,0
c86766c4ac2a4440b1919f80aadcda5f47588e06,0
8ab6dc5b02430f94a34999d7b667f347acc3c0ae,1
0816716cb8d0f2e7975f7ac29fc8400b268882f0,1
fed85ee22fa686f63ffb55ae4460ad16f0bdde40,1
aaf05f2d02f17bd45cfa72d9bed8fa8680db7ecd,0
239606d92dd1e51492f259896ea5bdbc82725afc,0
d46b3f89d73dfeab33a2e887316bc2cd53a130d9,1
d10e525c1bb5397549996ccbcddcaefcbcb2484e,1
c9a23d1fd613fefd814cc24b36acdc24d18aad2f,0
df0d724f175fb48e206054c41745403ca08b81ec,0
4cf2ce80e9876787a8dbe2bca7db23675a1c17dd,0
5aa12a184541f80276d8f2491d69960679182951,1
6e7b1755a2c1948521d65187249590ad6d917d3c,1
16b420de379df3417b38ecb4b55ddb791c79e985,1
ec42daa8e0b7dd7f305af9a51f9baea82bb37984,0
c6955bfe5824550e08f0fbfc4428307ee2d761a1,0
5d50fc9be2c21011fecc2e7e4dce6eea3ec5f2e2,1
47e823524d445f51dffb9bbc44ca478a1c82213f,0
f4e1d5061b388e139d9f8b4ad46f42ff1f8cc007,1
8e0e9e349ea4f693ea1a4bc27da532e67329393f,0
0aa4b9613ca9b2a8cb3f737b171da268031a64af,1
926eb037e43ec1940158c1fc6c177a2567a07e71,0
60b777a89b652cf0128c42e3b44fb100958afcc3,0
e4e120896dcf7c63dca25a53a4eccf168fdeb94e,1
284ed2990a995c7614cb2d7d6050582870f5d24f,0
8555e0610b3de6f5de114825946355c732ea5e19,0
1a88d525dae9c8713f2c6bc3fcff93b4ad65d43d,0
e835dffcbd3c17d920cf95defda88cc5ad31716f,0
dc41da10659daab78f407ff3b8c8ddb63ed69f3e,1
4b7c13c1a565107a8e71986a6237a8abafc58f91,0
efe555df36e7992124673aedd3b28929e04f3bee,0
541ac2994d847fffda08990881a90ed99effb1ac,1
72afcf286d8a5d07449202b3c5099c831d58a38c,1
df4ac71f98a059262134f09ec5e80f81764159ea,0
91ad550356396ac5abc59e5ff4a15176c5a0da5c,1
1a73d27495524a5782177b1f6908a9b9d65a85e5,0
40c49ff3f51f8968c2031c5524ec61e26f956283,0
ef5e77c4b58849c42d803ded96369f256a64827e,0
cc5b2016f0591eb142814ce1d1de19e3025e06c9,0
40a156ae98e417356f7f85ce066d30bb5f2fd7ea,0
a17835c6ce70de5d940927e6e9dc3d8517d55529,0
01a9af4460759bdf7ec680076b85d95bcb66fe20,1
168cac410a8809952d0049b92635c4d25c3c44ad,1
a02259b54bb5d2a0fb58a428128b8a6f72fe6a36,0
e361040dface972bfdd907e8fb5e888409eae552,0
dfee2874f812b9dc0b46652a320bbe5274655d20,0
db64c461ef028f8e959135671983c7bf7c77b342,0
6c9dc6cd10ddb5e96aec00ac03ad29abf2c92b32,0
964e606e4f936d3653ab4146b4810f5e1be3a2e4,0
4a5f5474d56e7a83d8878518cf3ff806d801da6a,1
43f6a53dce3f4ff97548cc9341a7b0a5f39165dc,1
3a53d608e114fe2726d3e841de732cdb234a4da1,0
5a1b7a791c70adbe288626cf35ca015530013b0d,1
7a109b61e21b0f1410fe607989194cbb53d58bc0,0
bf854c098dc9be3f75ab87f6db8a9d1761351565,1
0aa1fd5c44ff6527c1667a38b6d6b9e6228304ae,0
bed140b7d4ff5c3a5dec04d10e19c93569467f34,1
b5b6b08a2576bc8b733abae463ec07d2b14a8d1f,0
a0d683fba74f35b77e7aa5e6d166c6678089a086,1
8e82250b1e93f06c72bb43eed8b368ebcebb7473,0
23856b0c886a8efe692ee4950414d348588f04ad,1
97d3014f293388260ef9119b8ac25ee5644c6f39,0
af2f06ca174191e54d110069bbb085a2b0330ad7,0
85c90edd9d619e48002f42a396ff9a0603cccd2b,0
729e442a843f225f03bb7a54f3d8fa746fb78526,0
479fcb0d9c5bd50c3b136c44b505747239d54b98,1
3637b8c7e4958abe9cb2a58833c0b073d4c1da98,1
e76d05d8f343bef6f53e90fe5de90e4230f1bf34,0
76efb2677ceb43287de52ad4e1da95713428b94a,1
bcbfe6137110b7aa00f662638bfeb2628bd19cba,0
a431792b745cc3a28e9d32246681effc19dcee12,1
d5747f2372258fb2771eaab3e81dd1601ee5c7c5,0
9d12f7c25649d3ff6085a73a7660aed24c3f0297,0
120f189d25de54bd003563b12f5fef0943c729ef,0
df009025252b0fcabbc82ac767c382d1f3ebbe93,0
d2b36b58df2d3933152e8a11cc74cd94d4830818,0
c5ef1e0fd181ed6524b08a0ce98cc5f793c2888f,0
2f31b1768d19d08bceecfad8eaab33c534abad08,0
08587338f832dee01610583d4c532431e3fc051c,1
59aca23c3e9dbc517337a170d92c369d391b9c48,1
1d2d3d0d2187e39beebe92b21386f6ba35ce8556,1
982efbfcfa93d2c1c549f9c258b014980822f7da,0
09f1b0b5a01a594ebd4867733b9c9afbc045d8ba,0
63d193ef2086127ac2e7a3754590e76205373f03,1
38cc2ebe71994edb121150d7d9caf779aba1dbf3,0
c205b7f7b334b7c411fa0d501ce5daffba844afb,0
a484bac99b6d06082ca116db8c85a55508d7c20e,1
0a16d39298d7dfcc64a8f401ddab83cacf9b32b6,0
cea19998a7b5d5e19f5c7dbc94e378dc4610acbe,0
09d08412d57106f070267c8d1d32883591434d82,1
d4bdcfa9cd65a76b95fbb8d55e0cb51367f853fe,0
1f06dd5f8a9964795b39ee0b2c0820d168d7ef65,1
b0f959f1442d22c61c993c6a5099f221d48aa5cf,1
5117ac5099cc3320f0379b702b705e1a279d322c,1
db72aee6bcc680f0da059b10c5451d07c1234d84,1
47e12eb9c4cc622a229595e30e389d731c221ba7,1
12661e5c0e7037b09c17b352263fb0f32f1706a0,0
a12098d46857a15b026bdae14b332207f2b3fe04,0
faa36ed188d322fff1a9f59655c5b5a6f9ed6c98,0
86e308adc0d663f7fbb87f6b5ec7aeee3cc98c1a,0
f21032589c62521be07b4a8a54a6f73dd27af3a4,0
3c08b0ba3de602a02f48259c48c72e74cbea30d5,1
d17a4df95823ddc70be8508c99d1c06d8d42ba9b,1
97ee93b139b8842eef250e5ec831a06b363e08f7,1
3c2013f63dd07778e27c559aaee7ea570791dff9,1
1a51a2aa1504cae710de806d303115f7601c1293,0
a418c5e95fc7e3572f712b1d3bd0385686d449c2,1
db0f1f323ee5b4ad7fae81d013c63210130e230a,0
7e6ef9600bdd107d646bbc2c34bd9608a6701ed0,0
df83ee5d29570ced8fe275b5a86b053f17bc31fd,0
91f60ca7c8758d6e81d867099de3cf732070996a,0
cfa2fcaf8b7244d05b736fe1791e4435f020159c,1
34aa6ade8f5fcf9d3fad9a6179e81e86f29f9270,0
493c830532c64c7ff782d5aa9fdd1395ae613d68,1
b1f332766b2005fc0bac4e344682339448c0475f,1
c3d390ecb97cfb7c83f2fa92d3a2136c7195da55,0
8f55fc479874b4d406362df8bd2e8614a9123f9b,0
5fcd81952661d9994621024c539e8a841faa6f12,1
cc049dd7321ea0785b79fbc9782134ef3e3c04ff,1
89fa6f43ea42191efe8b2a68ecac3e66376020b5,0
839fb3f4a424fb08b177d8617949d919718c9b7e,0
5407b5c3fdb41762e4d3c414aa119c4dbb63ec86,0
b2559306aff8d57362746b7613a6d3ecf17ec385,0
a8b722eeae1f0af0c2d30f22e612e9ae1578889a,0
eefc0c8ce5ea07af5cb8c4a5239770b7e806d34a,1
466e9318ed3cf93b914942296802ec2081b94a82,0
0f668f5b5953f1c70bd6d73c7e2378b41f739158,1
3f7b803362164d4409bc666054f54ef3868eb3ca,1
2fa328cab37ce0fa81e3ff30fb3e8a6a16a57773,0
133e9c1b5d8c88e67a45a352dbfd61c326baaae1,0
3a436b4c850eba2c95b8fae6b8f8df07bdc78123,0
57052c438ee9484ae0bded630dc9fa7d2c0612a5,1
91b3d415f1349d696ed01a021413d80169b5dafd,1
f14cf98f484730e6e6a57b1e08455e61ae45d4bc,1
42816742db1f9c6be11975c1aa89f4cdae95a77d,1
9bdeb207541cd197eda08e84752c1180188ca1d9,0
313d86af13bad7d30df7a7c681ff08e6f88290c9,0
94572cf1d313b3bc674dda7165583c9eefee2586,1
61cac441a9e9ae0488fdaad08da83465b6124870,0
72e7722c7aac9fb46eceff381b393dc4d76632e4,1
93ab56c52ebb8e7e67671b01625491f12f1111e1,0
4402b3347a848839bf8c357f23b163c76f23f0e4,1
8d02f4ddeb23a44ec5687659eaab1a489a72ee16,0
c4ce2aa280ca011596ad13548a4113256b386643,0
72f0f56b61b34e67ae28cf3b371d0ce0c838954a,0
f75a7391dc07e56b8ae2b7ab963170f28591536a,0
492f50dcc716fd3c9fc6e3854191a94fc4a701d3,1
8341b95f2155262be7b195c2cc13b9fe358b6624,0
c4a33332e1ba702ed49348d2a4f5698e11a62532,0
98b4f26420bfc36c7fac646cd80901396ee9e7d0,0
65d0797c0bf2856aeee4e3c8b866c8aba7026928,1
659b2d1d69b93c1b35511a1adda988fd209d64ae,0
dd634b2c63b0cc11fad8cd2e0bf5dad016e6bec0,0
910821a24ab045ba378c6abbf999e6d15de749af,0
3e50320e42687f4aa375492227b07a3ac54dfbcb,0
26d03d187e0b2f9047158af5bd56bac6afab1ec5,1
d9c1d8f968e4d1e7169108650de2e51520377beb,0
a19f34f4fb6db56b0d408afb55ae20f631dc0eb9,0
cd5d94155670b0cf16d3591876779959bb9e4fed,0
1d59f541db1b2dc4b4de0b2734de690784409a27,0
8862a83e1ba505a4e4a5e9411571f78576eee7c2,1
fd3bcdff43f6725f74f6f94083912e375a0533ef,0
5384e04a2db7c9d6349f3310893f35d829e7f44d,1
2cc4f983061788faa455846030ce5235cc4d8dde,0
398e9aaf7d09c270185f9d37472d38b0416a2f7c,1
de318ceaa28569ba76ddca8a51b7091a67df8f82,0
0744041b55a2bec125226d632cf9e9ddee89ef62,1
2de955a9bff570c5307014e35a9552bb6e49438e,0
b53a267c87c57014b883f04420442775b73391ed,0
2a3e4eeec59f547bf44391c9adc9a8a5f2fcfe02,1
eb1ba8800419d02281b332bbafd0c1d889d89fb6,0
6eb23a3c2c02b538c81690f06f6194c2dc263292,1
5cc913b3e5118ab0327450f133dadb8f87d0a935,1
ad0239aa17585ba4a3d50d012f19c51b7e474f3d,0
2a73e8eaf004d10c34b25ba184dc67aa422068e1,1
7bc5c64eaf92266a3eef9f81948210db294b88d1,0
e009ab133115eb1fd2537ec7b56f86308237498f,0
fa66070934bfea758391201cd18e779117b80ed7,0
bb811ed0a9e0456c0d72add6c6055c66528504ce,0
491b49ada952d0858f952a10445095b107f82642,1
cb424f3e0789fb5f8a41f8eac0e8a47dd8f8952e,0
d98cc64b97ffeda2a67f5175f67d8758fc3de8bb,0
065cd4f0e438bf796ac2b5fe904e0b1b464e48d1,1
f851f56259c7f1931330bd249892d367fd3c2885,0
f545ad6671c1c58163055393327a79040b2431ff,1
601df089ab8fdd8e19f17bae6579429dad197665,0
1af50a3d4254999b0b486ee9c4fe1310c87f5b07,0
6063a1d78755bb0d0f9365c32011f8cc488dd370,0
ef59e10f761b635e74f04842da1efd247a44d173,1
8017c242eca5009effde3b5a408c45007df2ab5a,1
431251efeca95a55f8413085787620df8a497ab9,0
d1e026b4e57c0f3e0c23645f95c5b861c19d5188,1
8ad3ad2066df9b1920cf42984f3947769e8aeed2,1
880b0d526db8c3b3b912815f058e24b11bce6874,0
532be6420072ea549432fd7c4c95807f76a359c7,0
b3aa059d216e8753c73c8d336a0204f6820d3000,0
f2db1d1c33d4e9c9ac59da0baa3accb60cb85594,0
1346e0a406ae435eb9a15eec0b2a085491feeee2,1
b2859de3a09fb21ba13945f776be3eee51e79b4e,1
4d15d29ef87fbaed5368879b019fe307a0f1ab5e,1
7be45c848b300cb6ad240cabbece51c950af6a9a,1
0418516bded13c9d39b32fda1c0152838e4113eb,0
9e6267b851f1a91ec58ed8440e31a86ce09f6803,1
c82ef795bfb239b3d3f3cf8b72d6ea3044821229,0
7c898f40a7857cd95e2e937e74f307d0e7014a07,0
a0732578ef123aeca9c1e44ebc7609a787eb932e,0
092d2b77476e1d6df3344cedfed285d0da037818,0
90ef1f2fc97bab8e8e3f9a8693e754b65c750ddd,1
7cf48799063921f69307c0416c51bb9ec5d3fc74,0
a66eb1f20217b1e1b5e2fc3246361315271b85d8,0
a130b8682f4fec282ab0ebffc44683b4b11cb1a5,1
be0668105d71e4f8b0208caf3a864c1ed116bb2d,1
226dea41bc8f619b53c41652f7959cd6ad5da6b4,0
bee8fd7664983238d29740f472e3d280f7564ac2,0
fb90356679ba4ab9f2608dfffec97a4268c590d5,0
d73c059bb8245e52192fc315f6779c98235c9c7d,1
0c0f0a216b11afe67223bd1f623456d910dbeda7,0
5f373f57fe1eba77e89f299f36c223034ee13420,0
ad5bec393baf9c79ee8e8c7570cd9e89e64d01cf,1
a3ea36e1aa2b271ef3d526e97307118515b7bbfb,0
4a7f2921f88f149422da04d5bab995aa3d34aa0d,1
fc0c1e78711ed775ff19d4cbc5176916ab780102,0
0be2ecdd7792eacfb942f4f9361434fd27dbbef1,1
955555b07e8a68f855f6bad2d4f21299bbe7ca21,1
fccf27874d68fb197e919d8fd39e3b4af03ea0be,1
1af078eb431490668bc039a36b224db5abde1785,1
da07d6a95f347f196877f07bc4178811b0fb9c26,0
581966eb218d2ad47e8b9a964c77a2204e2fcf6c,1
e11a53eccd5999854a78bdcc2c9aae0fbc876a58,1
e6cf9fdd8b074eae7dcb4135b5371fc973c15c06,0
dd2f7fd690cd4aef923557a24fb0c41ace163513,0
baa100848ad871c7486d0b50b90119b0d89f1c0c,0
37fe0b83ff68781a91224ff36c122f9d2fbaa3b7,0
6d0d82f2ea17cbf6efd95770f51339fabd5275a3,1
bb2957f0e2ac5eb03dd66204ef1304e654af7ece,0
3c4dc54527e9c70e6f695a93d1834a605b02f32d,0
733c3856af93ae3bfe51cb655f86b49b3e645989,1
f2e3111c90c133627ced9fb2b5309d52c1be0018,1
1afc915a0bbd29bea1d16cde6f17705d1967bfb6,0
baec5b75ef1ab02315aa3da3d84837b68efcf29a,0
ca850b590763e5133929e3240992960214a632ae,0
9137a5d3cf496ad3e99f963f33c5fe054cb9b435,0
87d63314e79556d822f4734a160f19ed3fe06cae,1
6ee33d5ea6648190410d91b06cb734ffc699cc39,0
45530f1e6b2fe4de8030f5947bfc4f38c2730527,1
536b4cb7a381224850157e6951e58e38ccddaa94,1
16a30aa503957a09e5c7844c61ed0de132fa50a9,1
fae1e6983b4668e757304b041eb2f9e9851ac921,0
c3bb5fdcf7d9e3a4465408e06a257a4d6d85b5f1,1
3c99b6c1fb5baaf1a13bdf8d8575603ad66167fb,0
9edbb13129a0a674b335b5529e36ca699bad57eb,0
2373e3c6269f09eb860a543c4e2b28f1f628f690,0
0a2dd52404c0472615708f1507e8689321e73daf,1
e6e08522dd0c28ef299d19e523d2004c3f19ccc0,0
c219a81854d788b314820cffa31a43e1685b1cfc,0
10e41918230c14c8fe1a8887bc1d9ccc047a025e,1
eeb9fb5330a2d4e2cb90c2adfc8cd16d5e78eefe,0
0fe493752c92ad11e635ea8e30250ad9258cf1cd,1
8f552d5a34e8ae5a1d2e6a6ee77099477ba4ddb9,1
e30d1344f884554616403ce7a6b464cb225384f9,1
d710e161657f364427aab0e71d6c06a74d22dca1,1
9f33991a3259962acab39d3a3dd776aac4e75c37,0
730e524296ab1cb096c6b16968976678f8ac3aaa,0
2d4e7dfa028a1436fe0a7d7914c633d9da40a62c,1
89206383e210f332736323003594d25ebc13b2da,0
a140d5208a3aebc8c85b0626bc3dce5f7d57f744,1
0187cc8cd69ca4da4dc5ea252d4489b3868d5e18,1
399e78d2e13fd2040b99898854d168cc386a99fd,0
ed5274af53cebd0337a308df4c2cc80fc99055e8,0
567f5ac57bcff74df2f680e1825a48cd132837c0,1
46118fca0265ef21b68f008f506210de5b99ecb6,0
6e2dadaf068424ad4f17a9a55843e50a35c27200,0
e93e5f1d8ffd6e1837382ad06acbffcdcbfe2fe6,0
16660dcfcbdd85874c35d277e37a410d1992e700,0
77158e320401fa39ed4ad6fd1e8389e0b5ea535d,0
9480601f9d409e0d03fc5db42dda4a17963c6b67,1
3d3a75f083cc55f4e1ec1a9f287c0444eec4f7ac,0
47a200cc53b5da505d7e1b20225f7141fa80033c,0
b6f9e863e67a6af0f67acc8ab7ef1f1f7dbe569f,1
5d535578d8a5912d2a8fe5ce4fc98bbcb9c4e7a8,1
8daf204a5bd35c082d7279897b5f8e2b1e21f8de,0
0e8324577454a7977d48445967deee544019039b,1
39a5226e776f85b8e5fd78280506c491b5228c0d,1
38cb743ff46f648383f4d34cff752a964126aa0f,0
c6fcb778a768177a23f8052ae29f6de5cdb70c9e,0
121567e2aa8a5089f13b05dae0b6e0e3fcf1d823,0
33de67f6c93e07101473b3cfab6b25172287747b,0
55e8d773dd9d02c62a3c0627433c82ba31a43ea0,0
0b5db87a4c8ae4ce956391c78d3030e6a8a1aa82,0
8ec83c5acb7ca4404f07208b33edae7e00eb24e3,0
bd73c23cb3ca450bffcaa5964636ee9dd1c8065a,0
4bd2cb82755043f649f3cd1a270b4b1164d47150,1
59498b8abdb49b2d1bb03ce57342cab0e1ff843c,0
a8390597c15f7b5df92fc5b8b634e38b386b0977,0
8098278226dd347cd2f63f7f5eff04043302ac02,1
99b68bcc7ef9276284e1c18f83f3d70bed2e3633,0
5c5ed3e68842a9d2f92843818790fa20e65fe5fe,1
e913749467f38e2945c4a3237277f71feb66d8cd,0
97d88c4102e4d9fb16f589b84a2d08517e1caadc,0
f5e70339d465ccb0715cd363936d58c75eb72249,1
6f4528c16afd51e7942f9142cb0e89aea3482c5b,1
d7b698f72c073f45c3b8829e089fd0e96b0e8477,1
dc28bc92e343144d047587c2d771fedbe9442bab,0
9a6bf0b8bf60d3a5550cc80915df08d645db4743,1
33db59cb5812f62db0a9270aba77ec6405a4f45c,1
6e6358d7c9f48f0295ab900949cda68ffaa0ea66,1
972bc3c92a67ca2b3d1635655a14fa0208517f6a,0
be0df422985e8c9f9899fdf7028a00fc247a7ebb,1
c6c613488371eb157c6d70ccf1a60cbb87a8fbd7,0
491e21c2fedd0bbc807947ad7033204c1a9d8bb4,0
6c54494d32074494dfc2154b2478eaadd0dabe4f,0
c05e9d096d1bca82c06467afef5ca24abbc1f8c9,1
33ea43264801ce2c04f5b7f3e12c1b529cff8730,0
6d797b141e346673792d9d256c80e1fb2c516826,1
1c1df362e0fa2ac7115e467988e19e4036e35280,1
82bbf0de86e52a49640df75c8c09b7e15e301dc2,0
1e056ba4447ead364311ac84d475c2935d2959b7,1
3b0e718fca2e997ab5f9b44286d5683f9832e631,0
50ce12bf9e3cd6e55a996182933608883c69d87b,0
3b93cfdfcbfe4e21e5a4b7ca94c779e08c7ce361,1
15a7feed9fbe1be012f0673dd4c14d931a0fb45f,0
f14b165e13e15a9b9fd90a3908ddbf5a67608fae,0
39c8da65eaed1e5cb5b7807fa4d6762adab254ea,0
b1ceba02558e55d672113b849d529a49d0767c83,1
1fff639f07be4a3b067890d5ca6d7feae1513abe,1
aa929cce1a7431e65354025badf563c164453740,0
1e055023c8452e0602cb567ea452a9c024992109,1
8455d2d230a94a66a127d97062f0d9ce0ff7ef27,1
5079ecbbf5e1d6e4c5be8d6a35bf536e171e6c02,1
0a067563fd31ec9b6378ac76b4047f9400e4595e,0
516263ac74eb478c35e6ac7189b22231794ccf06,0
221c5d15773dc4c73f4e1b2e355c3fcfd037d84d,1
9e32259e3e19aec8b24f794a4cd1b3ab64e92ba7,0
74423c8cc392aaa30419c0e507c55516020a5819,0
03afd76f791f716e8cb0efd8901325a67dd6bd69,0
57133b03f25c1a46199c150cb2d66d523045b900,1
92318b98bc8ad9582238dd20fb9150856f47cde8,1
6b13c101d62ac140a365553eadee9b07c111402b,1
2ef79a5163c14a69d500be483c4c6589145ccaf3,0
b597c6b71bb1b562ecc010f7d32530772caf7e1c,0
daa85b2f991fb686713bb51216a6556c0e94b2d3,1
2130eebee6ab246e1fadf603728c11af7e1bea4b,1
7ca11791a72cdf3a2f1472406bcc12c55a12d54c,0
582717ad57eda422feff3e6ca627c03520fb2bea,0
3884a23f8bb824f572516f8d6a1b56f6ac1d8fd3,0
a9fb6a6e72692e97e96fad2bc0141b85104bd28b,0
a10eb60d7689188cb4a138a4a89d64457407736d,0
df5d8df8d008d7e20f9a4ab428f9f40a93d6653c,1
36e004db520651faecde8a826c16d11a7a677241,0
c9201d6a5003ceddb7c55ac6dd09f2f4a1e1923f,0
ce3788e1077d38107af68d7491ed5ada2755aad9,0
fed8ce460fbc63ed2f642aaeba7ce74fc10453ba,0
9dcd6970d265e64a3b6a73d242b4936b0fa08fd3,0
5632048d9895a8ec0ae8bbea5ada54c53de575cf,0
81389b8238a4edc1243803ce6ee27bc8307faab1,0
135bddc0c354a0466bddb79b7a574493f54628b7,1
f8a6ed46bc9c2c0459ffbf497e345ae91639ff35,0
21ae3d4301a6442705500d33ed741294ed3b65e1,0
7c58d296b6e0f7f8d399609e9d9d9f4614be7eee,1
14fdd9a83b0535bedb835c13a151247ebbb3b39f,1
f9517f1b6eb5b97522a667d65ea7150fedc02304,0
8437b37513fe5b304d41808b69fa7cdfb6883d30,0
c49ddb8604e6a7629d0c30af4f0ea0fc41de3747,0
cfe81ca80bc9b4c0a9645457cf25e256978aca3e,1
3c0f847cc44c6c2eb30166cc94c6e76b972873c1,1
b41b33ae6099ff8b77c544d62476491c6ee88ae8,1
59e173ca1295cbbbbd7c36c56ba2287518b4ca72,0
10bf2d8374b4ecb9967b95f16c84505502e9aab2,1
43efc4bbe0ddcef6b0a1b646f792c3f377cec128,1
132a529cb937d724a5ffee714f907c63b39221f3,0
3f85734f43e3398ac274270456b1cfd6a198588e,1
ed644840bd167a15eda4ad2d483a6d9b0b11b216,0
9d5ba9b4d8d84729881c90a6fbed6ac66d1633e9,0
cd3bdf658ce9d7c7ca727b2a35fa9978271af7a2,0
de4bf35c5fa98b8903be6ef7a144f17fd177177a,0
73546a38f8dbb2d0fad0b3d90e553a63939c2dad,0
2478780316403c8f3f6bd9d1c5e1a5f9cf0f5734,0
ff6b6da86711b794997a763af333952e9875d47b,1
855ad76f6789d7a7836f45aaa8e2773aed0e22b7,1
77b1828261a0556c7e2f40990136e04d081be60e,1
cac30d81b9275ec04907576b2b91e40c8db5f3f9,0
45bb842dd78b31eedccfb4eab0e6121e93d204b9,0
915e297243d343bea718418f48f8922756935212,0
f104169b8bd05958c41d79a590d014a43788d61d,0
1852e1b1919a1806a8fd4a7a8c5627033843b7bd,1
d4ae78c92ea16b78e00bbf50d530d2198f203f93,1
835035082ea0a9257b2712913ba55c8affdfd573,1
932c3f5f8f547c3b65fe71bbc5e51c11bef38e52,0
990788db8d8a4469998cb18e03b7ea2bd48f9a36,0
f1057ff787017ccdc6d2820ca47675fc28dcf72a,0
b8fba8fec3d30433c70e0838921d8eb02098fc04,0
ad9f79f6a634535f81e150dcc21af0e299f21005,0
bac42a22f7c541f9851d0e9fc0d779b87e460ccf,0
2bd56ab258bcd25273ad52606166b498ce4bb66a,1
0b01d5985230374871bae463aeb22d0953cae699,0
c2e9b9e6837ae01217fdc2c8ea1000c950d3a519,0
c1ff1e2f0b95b1dcaa9b5f32b65b8d13b6a8bd19,0
39da152838d11794172db6574416e8f5dac5ce59,1
20b32341045f91bf3c769d46ed23eba75c7a627a,1
d4e4a76558c4205a94dc9bb06990f217cb16de17,0
8ed75eedc38ea7cf3b5b8bb156ef0de9e8afcf07,0
c3045d036c36a2128b67f20fcfc1efcdc235927f,0
beda74b8ee01781bd9eafbea6bca7d8171152a5a,1
76bb04058c2013d84240c60d7d2610aa9ffff1b8,1
4808f9eddbd796fbee567beca3b68a4597d87698,0
9f14da7ee3dbadb09301ff83c110aef1b1ed3fbd,0
0308090768d4fe8500bca8d52dd14ab070e8741d,0
5eeeeebe7ac9f037d28525436b0025410ea9799b,1
26963c8e0dc43b97dd11bc3abfe56645c971a667,0
c6f2b229466b138fdc00c440bfbf477194d9ac1d,1
35addbfd6f6a50ac84d61d8d8b3e362b569e35ea,1
8cb08c720473b188f33fec00244e7eb1372762b3,1
1bc70772769b933d5f252e5f12284a22a9ce304f,1
5247e058529b57a48c49828f2c30ec59fd93e062,0
94b425c9ac75fab883c399d0607c14b5c4630455,0
4e8c08108b0aeea0ad3433b0393282e7a49bf23a,0
b52b8483f22f003518c25fc3940b194ce299e11e,1
028f552d1b1128de693f7ab7421ec8531a5ae5ba,1
fed64ce70350e9c4f0e34c5526b26f52a4d085c7,0
57e2f33bc768f8ed6262785ef60d275587c314c8,1
764e52d30b2c5ccc588e0a56b0e3b647e7a9f416,1
9d36a44c6d3e3dcb4a1c86bdba4cc4f15d4260da,1
aab0c03a691a6224293e114a4888ef88f4dbc7b7,1
510f8ee9645a97231b2051a221e64a3a6fc79e5a,1
bc61fb5e1c8767d2b541d15ec290287cba0381ae,0
44ac53fa1e76d092e9bfcede9326e3c9eebd10b1,0
8d53fbf57aa2ac9f8797737d47db963f4f4caa62,0
c9365fd5b976638875b6b64b79950e68cf7e0ca4,0
74dc05598dd09f5ceb58875d7ac6cf5586a0c0b0,1
191cf74190cf8a29f7c820b87d53e29d3006e52d,0
e2a0cfc57161fae8039600db519edcd07d8fc139,0
c2330e09cfc8f6f3ff13f378c95f1a7142e62b7b,0
568157aa8a20fa063127394e678325206c9920fc,0
3a0f76f93c7b8a894f0f8999020083de8e5045df,0
dcd8280bc2f5f3f0458dc01f64fabec5148970c4,0
39e1301bdd7379e6d2f854f30fe7c822771a11c2,0
20a9a60732720dca7e2fe53fdf4c46511047c93f,1
5e939022455a8e27ddbcfd68ef1cab486392f435,0
10138eca65179e944a2c68b328c4534556e0a0b1,0
1a8cc0594a027ad8fdda2ab4d10af818510e0658,1
b6328def6131ea6c35c824ffd6eaaeaa296a1281,1
00d837544676977b1ea067cabc75cf9ea26b026c,0
eee40ec29cb9fdeae744da7df27439bb77318182,0
03693ec57c0bee1bae04b8925a28bf53b78a6876,0
590ef918419f71f9543479db629d0da58d8ae092,0
a88929adcaaa9d27eca0b57c4b4889106a29d2aa,0
52b002ec2eeb4ed3f93ed2793e78350e608d29f0,1
f4394360b6613a6cd38572ce7cd9cf2755009a27,0
9d3ddf820ee7c37405e499a531c3ca79459cf13b,0
34c0762a7ac55da24df9c5e82ef0de1cdd4b2aea,0
cebc0d47b52c1f84fae2098387eea657d75ee3b6,1
8daf8349f5a8f79bde7f60cf058703e148d149a2,1
e1f24235f04c118aabb7554aee5172bb8b55001b,0
cdb407aff793d5f57b9dd85a42734f9b9ca3f0e8,0
a457c815ed14e48f885b6c3dd22e614f8023f7a9,1
648587f48ea0badbb77db93f8060bb2a34f49643,0
a8ddc62b27a131558e4bdacb2ba5872fb3eb7a7b,1
1a34ffd7301f94efcee4906e4ae3654f76bb0d2e,0
835c5a64031017f2294b85f6ac44b6d82b1e2974,0
151e21ee096c819e15f2c2191a47d0dce83b454e,0
c4596aaa37e3814b137639352d7ed3ed005de3db,1
3dbd88a334962d66b7d4844ce1ec8ea057c84a83,0
9fa89d0257dc94f3c3696af6b94639f74e68c63b,1
f9a679f4a562e9a5d3bc178a52a2eeaa756313b4,1
4c10d3a305dfbfeb84bb5e90fe57ba8901994b93,0
79ed776dc60e21049742c5cfb434f794326070f2,0
0a56e0b7becc3184d028ec4dd3cf0c8b9472694e,0
90875e6c29f08b1ca2c96dfea6293c28beaa4330,1
2bf2291e37ec69c818eb7cc9684ffc0a23b7b5d1,0
42c340a02b712c0c0246b53e702ce1f116cf05cb,0
a4f80c2afc3136005ddaa5c312f18c651a8fa8be,0
4957897603a5da203ebee9cf09689b16c1759f1c,0
2f2472d476d99b87a45a30997f28021942c8e41a,0
6f5a71f0da87aafdbd6829bcf44bd54132e00bb3,0
135d8a8625ffae67571b6c6acc353e014c6fe16d,1
ac82e71a28b7ef88be68b78f417fce4869fd4672,0
626b76af8f5582fafe2a9af63cc45b08abf6cc7d,0
ca39f6a38fa1fb713a36ada90e767ed07c99a439,0
b77ab91a628cc5aa54aff44ef10dd1672fd1f872,0
c3677a6741d73aea243d4c5fd1f3b312efe5065c,0
1dbe4d7a408c02366977ef3533ed7290175151ac,1
83d5d86d340faf5ba550bb0fb764beef55f0d7cc,1
f6aa1523b6e837503ed4aad551554094ea5102d8,0
34ba87fc0f680e40f1549c7a73b79ec78f0ff57b,0
d4adfe9f5e460e8987f91da021009f3c4be6cfe9,1
19307da721d563081ec267a75fd78fd17763a092,1
faf7844e8e86c7c1ee28876aff6a2e48c8de8d16,0
775bf4574c948044bd60e0e88e31c4c558534236,0
f313ddcbb8f988851d33fb817f15a21b6827b1fc,0
9ea3816834d4e305fd7879ac5b116a40c991f358,0
b6ab727d15166fdab710f4a1c38fa44488501961,0
eb5394cd6e9686163cabe83e2762a839a5769d1e,1
5d4ccc756ff4555adb4ec9062d70d0a026318c6c,1
fb26dd09764effbe260cd282fc09068b6de82cce,0
8799bef7a5f5ca5dbaaf9d49f505108909969615,1
ef5ecb3f917303503bbf2404a48eb23042455b97,0
e482d67969314d07654bd3ccd884fd59d254e4ee,1
5f0b67b524a2b326ace5122215c9dc909dce1ce5,0
f096b0113cc317ae2c2a9584f3db9c6ba1b3f1a5,0
8a4aa40adf0b4b28218a7a56c93d8f81fa7dac87,0
b6a49735d7bbb665c2c88cc0db8d6f737ffea1f7,1
3dc1e02154e457a001716a1171559deb37780e5d,0
395610829cc87508a2f79aff1335ab2cf0eea3ec,1
3edb13186cde74540497d72c0ae5faf38419e1a7,0
cf67757209626de3fe9fef24c40a57bd13a85a3d,1
cba62494bf0a58e64283afb656d5161aca780012,0
be671dd66a299403cc10507a71f77e4d4e1d4f70,1
c0d42aec8999007d1ddb916509101b44a3f8b850,0
2f9183acb102d695048564f36134ac8a9b30f36d,0
10e37e7fc56cacaee769de37630145d47404de98,1
6bfeab0b6d8c3fc9aef60c02394d26a3e8518335,0
4840a3a4b3d36c1467c9c6bd9b621f94f0f9bb7f,0
405395e0e7a7d0d0f80d8fce0ccc47dfedd40507,1
8dcc30436f052af5ed0b0c84d2ff947848a95256,0
fa326078148265ce2bdefd3800cafb98d240bbcb,0
ba0cbafd865eeaf085084b4ea19dc79c124f68be,1
bfc509cae4c29379d6ebd87435187639bc842524,1
6ccbd4842f857018d0c9e4bd70c8df3437eb37db,0
089e922db586b3da0f275433733cc6f3daa8424e,0
6283ca7e1e50b575685343fe3422a5ac46015e91,1
779b0fa679d87fece236bafdf9f9158d9d89bedf,0
00a8d8d85b10949c03436ea38117513787b3abeb,1
c7bfefc312fbdce63184289d3b6b156a7ac1bdd5,1
32dcee9ddcb9b2a30e691ecf25e3735dc2822985,1
4979efb9fc1657052502623b910ed9c49d182b70,1
446255345907d0fbd89205d3bb34098cbdf3ee3b,0
244c1fdcbf5b229788bbec9c2ce0abedaa491aa4,1
048f08fc6216ce2a92177b366663fd7f9ad3101f,1
170169c302b42088158f221cda8181561a3dffe5,1
2a2024bf4e8b1c8249073fec69514e794bd8cd91,0
95f0720cb4d3373e89536196ec8e9070b6cb0eac,0
fe4512247534f57a592fdd3389ae39d926a72f5f,0
089f5aaa54fcdd2e68d05d951c844e767298713a,0
bf5787c15d75c3fd4922ab9aec3d8d85e3d4bb00,0
92cf79e2998cba102a40cdb2407cb43f6576678e,0
8caff554e14cad0e3e6f18ac5c473ed6aa2e44c1,1
9f77f814f53bee0aa34e43c17f4bfedc22c4c1c2,0
ede2b518df7626121d0fe7218af8fe6d2aac8b84,1
f1011cff9d586e2b0b644456b50d5d4ea3f99011,1
3a8e96ec16b1a38d79155398044bb67a745ba6e4,1
2dd4e2cf0ce36a675b4f476dbcdf33ff353ca4eb,0
fcf73e255344f2c0cdd93e8ecdae74dadff951b4,0
63f68ab997cc95264d357072e8f30af4ab97a380,0
c5ff8452694a319f52c92b70b84d0b056e3b9b11,0
840f37921405889c1802843bf5a7b3b1a513f9c9,0
3c767d54765c8441bf84965b10841351cce98449,0
8af6fc211e7310161c4f63d93aec15d4f9549795,0
48776c97f2ccf82420c7c074f70b9be3e5bfa1dc,1
e20685115e086ed2423b1f1b8e2af57d6d0a1f97,1
531557c094d93c6db66de5a48909020a06f7fc57,0
b0eb5549f7cbfae60dfae701625fe315e6731f7e,0
4a6a15a6c80b398150bf655eeca22ad4424cab8d,1
9dc4a906406f8c2f0920b3ee0d6af90b023f155a,1
b41d29f104724f8f4bd1d13bc7c72cb2c748c2eb,1
d03b14b235dd89c244019e3f3ddcb05f2f8bbf0a,1
9f4e0817424037478db1c0fb1482d5b9c24d1419,0
5e0c42f63930efbb1d00e98f8af3ea8bfef6f274,1
3ad92054acd32bb538725ee8acb1aee2f7783523,0
1436f2e2ec46dccfcb234e5caa578ec6254f396b,0
a5b8cebb397adb4fb79a65826b51223eb14e8515,0
58b85e37f98937a4e931585668549cb76da3472d,1
fec9ecdfd9812a67eaa3faa0b7fc13701b3c05ab,0
c194a3dd28d34381461e38f0230dd1728264ea39,0
949cd5c51ba10f6e3ef20005198fe3585162a802,1
6d11979faefb23a802b824f5d6c4c746ae71126d,0
57834f0ae005a8ebd825842ce596376499b4593a,0
ee5d79f72a2f4277b140b80d05655da9e11f1539,0
147a3aebf5eea0eb82bfce6edaf22d6310909343,1
3fca119f356bf23f62e2a029f89056ce3cd44b47,0
da941a69eb4a664a9f6cc8cc305c14893fc5c6be,0
07d303ef4670f396613b52186bf0bd0db896703f,1
1f5a483203f4c5652ae258df99c43cf179eeae50,1
053a1b397c86a445c5cfac90c1bf1cfaa8173dcd,1
2c2e2c67d29a135914c1f451457d42f197ccb60c,0
9eced42ed5c934d30e2a917bcfd844ec9cd428a4,1
b3c4e2dfabb164698372a82375382072dbfb69ab,0
73f09ac0bdb3d7fbc36991964c8e51c227d2a821,0
4df21b03c4a8ad9f162571f91d7e308a007c736d,0
e9fb6347f883e3514bc6f257146c9b634c42484a,0
60da4924160681cdb9aa6dacd97eb452c947b800,1
3e27d4f3bee7cefb709df374ef422394f46d41e5,0
d49004b3f82ca74099f9cbc7287867d166bc90fb,0
aa477f23bcdefe868a786c4ded9652b6f225ce93,1
da91132a335916bbcc5b674cdb8699e18b3dd0eb,0
1eef661f7873ce5c03b770ec10c33683b17ecefb,1
adfa5c8078aa977a6b7c8e49bd5971ecfce034c5,0
60262ac882f9c47fdb0ea650cfddfe9d4d0e3e27,1
5d0bbc2c61d8fe335d8927e87aa8afde89d40cc7,0
331678a0af2abcf46e2700342323c2db1630ee2f,0
e9f5dccb949d1324b73f0cde8816eb362e7f56b3,0
4956ee39577cef590c5ba595012e7134baf12aa0,0
dc2de2938a7c8072b0e05fec07d1da15f31411db,0
c4eb2a0669160bd4cc5f72785995c34396929df3,0
df90e91de548487633c57075c225d00bd523e92b,1
d730f389f76fd67ec92c3c882ba5162dae8bb663,0
ce0400ca7cd869108403ee1c67336e25a01871c0,0
45220eaea6b8c63143c6572ada6ece005d443dce,0
be62f98fdfb82dfca1e4ac2e1380ebcfbccf1fc3,1
bec89e81868e562801aba66c4ba55823d704a482,0
fd0c0ad809b7a23474278eab888b17107616f141,1
02c8eee37e537212f83afb8ae99066c0a954c2b3,0
56a52c618de62426c1982a1e62bc91b2eb9d4631,0
94de90333460a9fd7f0b726f4f4add6b0aa2af7a,0
04704b0df5f6704f12504ae4fcdca52816a6195f,1
ddd5cef9168e71c2d2738ee02a7b6c8c7b0fb903,0
d412dbbafdebdb6308591d3c183a327fba67c8ee,0
005102f44e723f084c2a4d3a6719098f5f97d854,1
036844c386df9097a1e0b468716941188b8bf721,1
4ebec49e58d213d89d71bcbd34143dc96d86e0c7,1
0375102e966a09f18a8efb28ac468d54450eb305,0
4d012912e5a2c9cf132522838003b5763746cd14,0
c417291b508aa27712d83f7ea1288a5ff54ac12c,0
c8f6e60bfb6711760a0af9eb5e951cc9ea86ee00,1
79e1162c8e82b522adb6a0e29aa4bf1d0f51624b,0
d5fee5968857d87cbc4d9a5a04d4ec1c13532b35,1
38fa3089835f5648398e5930669a5fb49ecc265a,1
ed9e201436f8819e617ad9bdbd5c228ecefbd177,1
d806140ece3f51f4dcf6ad63d26aeb34abe0e385,0
886619bc00d492a1f73bf27db729d8bb5c3620c5,1
ee592006a990113abef8d10e40e75e3005d09a7c,0
27e6089677dd59a0a88b04760f1eaf4a5003a357,1
0219d1967b75035d363ed68e04c46931f74f8838,0
4f5bd25f6bf443c6a4a4f1e281027adb8a33a98e,1
1989fd9f2058122939954915f4388ff534f065ff,0
a36b91a86dd6bff5500e434db13d188f0c3b3a88,0
260cbbc75c2b24a37ff39b3ee0788feafe774f7d,0
0169ac41c2323d14717eb752b645ee81f93a4e11,1
b0a615c8da4c56ca3c63f1245e840fe60af14182,1
cc7365cd09cc38c6664729afbcfd59f473fac71c,1
90e5ee997fe459deb4e2e6e8c2d7f8a0a9b478dd,0
14b52f4f1d12df4b8b67c23fd545b95f5cb4d163,0
9aedafa61fdb17d2ea832c2a16838ddd2ab7de37,1
5ec9e6277b4d188d5b995eb3ea5fd36d2c122937,0
54dce3285fd256b9cc1c5ac7990cc90a23d67809,0
3f4d058bcda90649fd82e06f0b1f73f4ce28857c,1
3b0327da21163d20f374e1b693e3d79f37ebc2d0,1
540180ec93637e93805f8f0a7c195d51cb462279,1
4d1b9eaa4f4543d5df3888f2b39f81bfbba6b1f2,0
338aade7164e4e09486de4bb87f41d7aef62d13c,0
4a725a930ae0eefd1d3f1804f8d8a6b546f04439,0
3ad25c0ccfa69185feb4456a1b321b968f746128,0
2a8f3f8ff1f4247d3d68a92f6a11ca907558fe93,1
26007dd51471a05c9d457b600c85ccedda4566ad,0
866dae783eb8f65944f1515743b09b581c160fc7,0
df2ce7ae9b54d1cb1bb21903b69d2f0d76404f6f,0
797a75a117e0c38f2f2d47d8a3003cac912ac005,0
100b6ffb93591ba48fa3bba6281e8af389086d4c,1
627c25c372e0cafb1737758dd71e6f5822da5c44,0
8af68103b83e75097738b859354e5ded2ecd6e3b,0
dd05b829dbf82e7f6041ff980735da63c6b885b0,0
1e14403d395d59d45a4d803fa1e23ea6d30d3d4e,1
2d697d4479e5d7bf20618d44a82407bce284730c,0
a46fe75ac338b570d8242c191d2cb1ca815df90b,0
3c885e2eabfe59d988ca224fee723430eeae2ef2,0
d577fdd7abd95f12dc2d910043bc44a2ff7cf623,1
a7d445cb523814979911574eb630994473e67557,1
21c5a64ea3134a8b8fbd1f671e3a5cf7ecd08bdf,0
b684d5a49935e38f56717f485c44eefc01ff1276,0
326379ed76aa05ab1ce4fbcbdbab9f17eb393f49,1
44549336ef5d624b4c2840ef0e29b601c41ec19b,1
9e0b00902c21eda95fbb6854c3528836eb2e2f5c,0
a342604faee0cbe8e58e52ca405b294924e9f3da,0
eb5b95b0385260fa9196b42959a5957bf8cc1af8,1
69da6b5f9301df018733d9e9447d6deee02db020,1
944ae28068fe12f5a44ac30ffd6b070942f73039,1
99a606bd428e7266e8160ab25ca9eca97d22efc9,1
ea80bebcb305b86ecab96365addb9002bf7f3874,0
4438a93285de2b850aac08c69bf1de7f7d4c77a6,0
ad5b3acf8050e298dbf02bfe91184d63d45dfcaa,0
3d89d029089bb38178ce5ac9d6f1dcc292c2837b,0
098a7d03be3005d8e2b09757e8a66be2ef641eb3,0
202fabd59998298201689be194a763805236f64d,1
a67f5a6ade8af8ca1ce4807aad7493fd169981a0,0
6ac57426b3e1458a4f602828535cb4c894bbeffb,0
cf157ed696319a1c6af1c2e51b44fb4a788b95d8,1
467a3053cc97a6a7236c688b49e04272af68f51a,0
5357580a0cdd3dcc828d7d9a5a46a89af63f820c,0
60af3ea350bf811838bcaa3a704143214788a140,0
0d8b7ec3f42706cedf1447e2f6da513ed56e3edc,0
cd0f52051fcda60f396db9ecc75e9d05d324fc84,0
4b0c5403009ea2c7f046562a56dab51e373742e2,0
8e3d280b69eec2ad66cc3e3944bd95e4c0c8ca7b,1
d8117b4a8dbb6df60a0f0902a616e40d38ac1fd6,0
294dcaebff6da764faebd61078c9edd364c6f6b2,1
4a7e7a3e6c886b34121922fa2043cc6ad639892d,1
54aa0896cda0a737cefb73cbed285505c88b7ca5,0
57490926f46a8e425a035a75b0ef63c94c74bb05,0
e1f502625e0bad182ed4569c20c4112c7c85aff1,0
59bca67a95b06c2681d3a42f1de2580ff5d7931a,1
437642241ae55d42a82fa2b00a89d869e010154d,0
0a203d9e068d14f23948bd3e5b6c87d734b20ac0,0
fe16e985099c49ae877cb203420020b6626717bd,0
2715aa13ed9bd322c7208164a302ebde19e3c102,0
431da88412715da3ce5d79480d27d6ca9f4f0a35,0
3a42c666c9c56455ac84fd3d9a7e85601e675656,0
e578ebd4f2cc01c2943deca212d3daaba8371214,0
0dbe74e4418e9bf5413bf08b5b4bb2a2e729d925,1
58ea010754e9bee6c06728cee7a0da6783e67ac8,0
146ab0c1ed605b3168eaa0a4e5713ce63b0ec7cf,0
9500f78e901be7eb373d837686a883121b99807d,1
ef4aae68c57294528e19bd2d0e9b7736c387db3f,0
f40b1f874d4431ad1b23b486e314faf2983f713a,1
3b952043c7ee5e77638cbee35314dee56ca28b5b,0
a323e7ca45854ea6ce82503670edb8b98149ecec,0
ddb8cb810949bfcdf3ebae1ab3bcbdd39397d7ab,1
75b2fec40601c706ff46b7fef35510bb6c0dbd63,0
302786e86dfdfc46d1e335b71e6afef269e03471,0
1e8271d01d8ba277131a70ddcf2f48882bdf418f,1
c9f8f660aad483af6c71232f513906d53efafdcd,0
4574c24f24e66714d48128914a56ebf2c644ee32,1
1c1ef3405e24da6036cb3f826a0c439add0e7216,1
64e23f41247318bb5d10faedc5c4155219e36795,1
fcc812760e5740b9e8108cbb7e85dcb150089ede,0
15fea1297d9fa2b524f148946fbbed61c6a1afaf,1
4db66d8830f885b501a716cae6030a9af654be5d,1
5ff54e55d979c6c4d5e029dbe7ce36c3a56eb21a,1
479a6f25ba4a6bdc2d96bf92b88af3fbf0270a01,1
0fa93b891da2b4c2dc27ebf3796d586e3faf8821,1
9c6c9a29b60b5914a97c351d7e86aa7ba8768042,0
231f8408c9c3a6fc36e2d6343781d2723d6cdfdd,1
7e04f17c9c17899bcbdf7bd55f81665fb3ac3018,0
413347ca29a9490b7fe3db0159e29b1a4074481a,0
5707bd85b81e2ff2e43f8aacc7152f30bfb4d283,1
8f46ce673a72c7d2af40969524b907bf72584a93,1
5d96c887635c92893aa87645d3a0f5e952cd18d4,0
88a70b155973c51a467f250711721ba63ac52f49,1
327c46b31035662b9bc5ba72d92ad5c22ff4eeb1,0
0c27dfe29f4cfebe1cd609bcdbcc4e1a6bda0b52,0
c335169fae5a10c6f0fd174764f817412b8d909d,0
fb1e452c6dcf3c95306c1dedbab0666e43bee20c,1
48b1525a976cc653a4589d331536f315364603e7,0
9976dff3cf4a2621d1823ba3dc1305650061812f,1
5cdf1bcfa484305f2bd5580d4a1bd62986ac5a75,1
1b593703dba7dcf5c32104553bcbe477d582f04f,1
cfca083e6444706c5f477ab140a20f319d7442ed,0
f102d510abe4454549c69a8c978df9996690be50,0
da4fe45624e80554e47d59d8591f83341cc208ea,0
45cedee08b8ffc85b855fe4b4e840c100a96c5de,1
54c025c2238084aca0417cca860d2008fc296f19,0
460a565655c02ef51288d0fc1093f536d87d7b8f,0
97ec78c0e2b21e09e8590a94dff68d076c35eafc,1
6a5e90918f5db0fbda788c44555dde8ff6d35b1f,0
e25503311a05a59efacd6d71a7cb95c68aae2f13,1
032281c5f9553d0eb59640ffe0cb119fed4ab0b9,1
d05e516efc9bb1b05e8de37a516da5457ae68097,1
a8fd490102ab615b1dcc7a8c185be1bcb781957c,0
e90832b536fa2f292f8317214461d9d91b2cd7d4,1
a5cba947a5a9489b38290363b4c2f1b8f5fd3982,1
37affbb431561644aa55962f8974525c9f3c2abf,0
4ae7768bc00568da3573c2849cf138d68e715dd4,0
49056d28bbae13bf9d328d928dc2dbf9ae2d66a0,0
a8fe16d6ff7c76802b1de569cd8af1c853bf7b90,0
db5921748988356773f43d90abef7eaea29fd826,1
7042e64537828a471f3cb1cdb2c8826ece3fb096,1
3236711eba2b12411f7792046fd29277da626463,1
90e0734612805b3407af483277f6361c81030016,1
180acc191eafc6d2c94b41942c4f3323f4fdb9c1,1
dae280d9d87b0225cf325c754e938a82f5fa43b4,0
da0d2df7f2871aa4fe817e6700bc749e4756ef34,1
71bb4b1ad4dd65fabdd1d8fd53665709d6d97fdf,0
1a34ac7b67dedfd479a81e6ee82ee611697f1555,0
5d98f2c4e9f32053ca7ce3f8286818084e5c01af,0
55a46f0db4821201256ae59973d9e74efe1eee47,0
3f53375543f0cff0540c8479096d8bcb35f3b791,0
9acaf808984e4cc6f44b6a9f8f34c8bfbb1718bb,0
51b15d33a5b971b2818e5fd1918e2bec8ccaf98e,0
0125438c746a440b7ce1d75c3435f8ce3557b4c9,1
d9928093cae05f4fcf24dffd7ebdc926ae845f58,0
dbd00deb5099c3851169d7c021861e2de2f9c642,0
f5c67c641efd9e9f57d58776a0831d647df8255c,0
91b2b0547c3346e63785fa2a64d2b35f1bd759fd,1
0fc5579367553a7aa479e4ffc18a20b59f35c439,1
3fd53bc15a46189897c2ea226502a197343bd5de,1
1de8978c55c6467e8ae45849377066609226cecd,1
8bcd34858c0a3d0263c5fe7bdc5d7733008fb9f2,0
0c34ebc7f72ece99d1c4bf90b32287cb39386b90,0
66e237bcc2b936431e26be4496fcdde531424658,1
c8103baac14c3451c5fe851cc1ee56695b3daaf6,0
f87d9fb814faaf1e2477bf15650e32d3960adb6f,0
5335c21efe8fbe1027a19bd7441858f16e2f5ff0,0
fdb97b63f2845a35a723e27ef18560f3fbb32086,1
30fb4fb6f35ddcaaff015ae6de61e2abcbc229dc,0
7bc1c388b0c213b13d51dddbc29df7a349fdf059,0
5811024f1fa46dea299e41206b89270bbce11a69,0
738a3b24854f12bf084d6eefce951d9e3b4c586e,1
003527307d9605639b1035aeba341a633a6ddb79,1
b2251cbe87cdeef04395f6baf018334510189529,0
b1c80c5d765213b38a209fd90f0f6cc6524c174d,0
3b7a5cc23b220b2035553adca0826b5613ea061c,1
0b6825b242718bcd4c49a9806ce1b26054d4ba41,1
b9f2f9952b1ad85ff030bd361d0738c7f4779db2,0
1d3e6a4a813f2a5b065645f901ba995079afd753,1
0d766070dde0bae4a80fabeeb0353e0fed3c60a1,0
9d57e66bcf4c7fac3752c0782035e847499303c5,1
74b622e21908b54a560c8ba097d481619e10b6ba,1
7db7bb363605d8df72f6c6171ecc08131fd650a8,0
016d986b1d6743a943d31254e112c416cf58eecd,0
954e6fd4a92a1f60da1ad9f44773d7412d243754,0
ea7179cbd2c045828d187fe06aff04be41c39d04,1
64e87370788301e940978d2750c51c4e0d4a319a,1
5fc8125afbc37d520ebb0feda3abb3f1dc87fec8,0
db6c9945b166012a53dd84c893808e8efce548ac,0
b52e1e4762abefb015a85930fa0dff7285d83ddf,0
ec9e1eb0d004890420cde245690366b9115bb5e2,0
fe9f451b16495b70894f6da19d885217641e976f,1
888e2445cce36baae150c2fc97471eb3c7a23ccf,1
172c4bad2cd770ab517bfc4d388ac0e92de3c461,0
edaa94742d4b26e63f5da14ddbacb81a2dbaa3bb,0
0760f103babfb0366ef1d8bb7ebe1419d603f5f8,1
c3f9a58e4444f89644291382295d481088502792,0
d586cd4aa505c74f5fe80003858e51132704fc4b,0
a35fb51acfa0cec2e3a1f55b4ba387c0ab46ee9c,0
8739777effc4acb4d781313dfa928e80f5361b76,0
b087dfd79750f018a05a2ac9afe07fabe0555696,0
e2fe911b559d126fe7f0310f5990e454e63692a1,1
dc3e9b9cfc3723fcf2fc491854131bbe7f2f6f08,0
246ce6237dd4b9af11477e58cc3142d355a63590,0
3f84b99b47a7b5b2ae8c84931842929f64a9dbd2,1
0d41f5cf175718ed746255745df15cdadaaccef7,1
b1536e87857bfed12b82e043590873c53a27515f,1
5289287151f9c0878979e47dd18918d7a193ecf1,0
89517704f771d7c87b936d8ae9a24855fa41c987,0
80db11361e1d5fc449b8c502f391c73e5393488d,0
8725e097340d4e4c7a158c919f9bb710e7f2df4a,1
2392cd4c201c0b40ce812ef2e53d304562931ff0,0
99b7fdb76972e623fdbef02f92eec36e9fa0b565,0
49bd4f725941f140760f192dd9771fb96bb864ad,0
430ede3a41325eaf587cca692a394934683d1b20,1
1b79466422e80e3595ebf4e6c8faac222691c21c,0
4c55a27be1411afca38ef8e32e5835ea253f6d81,0
d5214147bc4187e377e1cf2f39c966fab1d36c1e,0
51e62c425c950f3f7390c11803baaa90a709de16,1
e3a9265ee79f1becbbfeb1de76275578ca5eb538,1
1a89a90d60c21534025585be4db401833a8914c6,1
8d209811e570c3069b1901406681e612ece56e04,1
ca56cb9c638532da2a294cc2ff17a8b66b689ee4,1
4f3505471c7b2a77df265143b00e1de463785221,1
1f3b299d3e2fb9cc5d53408e99a44a8cf274c531,1
93f32cc56cb24a00beb0bcd4c8fcfcd6d8a1f60b,0
1273ffd2ee62664bbc2332886606556f35621f84,0
1ba0cef230ab46a6b4b39a9db0334476f0f1c6e7,0
ec32f47b2fbdbffa79bcf4358b67422da0a9db19,1
8c4488c75f5713cf03db96e1caa3a6c87672da6c,0
cb731c9006bf3c0d1f8bfeb04f8a66797b213ae9,0
ebb9ad5e42a47aae2ba2ee02674896fbe2c41a5b,0
57064b98b00441cf7c11d4c1b14140e7890d683c,0
c432119ac4138863045c0b33e8e579489ab69afa,0
fd2a3aaeb6a5d204026f8a20cc8d648c135cab49,1
9920bf156c06df5e8d5f3d82ddc22e32610223ad,1
7dc577c615216b502c9ebf9b5d1d461f591d7133,0
a4b8fbbc7e9a581c0565749d9f9d1b7f18d74b8e,0
ac911d667f784c716cf98ec42c6908d9c5d2bff4,0
e2b671c7cd58b806a26934dc8cfbe2f5c88ecebc,0
ab50fc739bfe77fa514eaff4babff6a09eb910f8,0
ed7449f06011707ab5e895e8d73a32ca07cb0668,0
eeb5550481ea0a27e5ebf5cbf1e3c844b1e3db3d,1
bc7c23509de398b7b49a7296fb2586775b86314e,0
2345fa0b2c8caf501b05688196af9239c8314028,1
f5bdfed7bdda5333a6f3bf8c880f5c1c2e166ad5,0
9cc297f1ed4558b9fb60678578e620d0ff591232,0
e4c5c3133f1d2f29d10ba16ce1325e38402c54fd,0
1d75fb8d240dc1c25d25cadae1a6d05ac8082bcf,0
1f83ae00df2c52dd4221609658e4051d3a6ceda1,0
2af5e0a66d1702d34566045ebb1432b872c6158d,0
4119d968f913f7f8bc1ad088abccb27a7d7b7150,1
35f932a3b8787ad25569b64a27a05f119c41a585,1
6df062955a63d795ab69cff848ac2f2ce141f683,0
c4dcbe599e4a01a7ca3acefe3160b58af6acd1c0,0
e2a451d997bc7b46a4ef2ccc588b3b01fafafb14,1
f22065f9532f4efc256714db02b26d8f74f5b20f,1
4e4c75e376508efa755984adafc6eb1e42e4a085,0
ae09c77a6c211a258b63322d79e907cbff149cf1,1
88d60aa584686b738edc6173b192a0d380ed4be0,0
fcb0e3142b287eae0d95697724b97e1bec900659,1
2eec074a531ba802b0d9d5d2d5ba6a7d470b6e27,1
44f37172f5eabfa054ccc690a1590d659db454ea,1
d308c1e80c39a2bed2521ad00385b0516c0a0126,1
4d971720857638b99a6ac3553e01d874ab49ac38,1
7440d0de48840b9e3e342feab6939248dca4a6dd,0
6f85f7eb316461c343b67b307a3ee77c69e00701,0
ca72a847103a346f93cc4dd0ee4e1362ca503f71,0
903b2508798617a341507f42c1114f43605c5930,0
015792647a943f0cd4967d5eef4dc0c660f62f20,1
3770ca1a05a688e7ead82b4dbcfbd6bfee8013dc,0
7df3380f0cfed7379aab29d6dcffef50f4489afa,0
678c1116b304ae90723c83073f70b18e5ecd017a,0
c7b252a58cd71bbbf0e3bf0176713a3bcac13706,0
c9e22552ddfbdf2534ec6abd57bca34a25775893,0
b2a97eb99a11b2cc6593e3342dbd43507872b486,0
494adb794f67c99bb1ec94fdffa47750faa2fff5,0
6f65b0f7b74b02bec7aa9559a4ff8893b7c83680,0
44414cea20633adaa17a2b4d39706764d11ce64b,1
1eb30ddb0a8612ded69e197b344a5cf60f60fdc0,0
dd40bf0bcd1ee2d20533b3417877302d5bb36dd1,0
38f07299e3a443429fc4ee051c4432b4398aba1b,1
3a8b6ecaeb15c42764a365d0bc7b69743085308f,0
ad34255863118b4e8263a5b57e8a75e181f5fba1,0
afc6b4f4a06ce130c12afdc9eac4cb0bb576713a,1
3c35bdd7a3dcdd3a113f4313d94adaf6f264df50,1
21a596153c87b7341be83e104e952724d8aff2c7,1
c4be86b8af50b73f096f22823f5dd553ff3b5b7d,0
bae5f98f4b0d4814a845d6ed8509c36d66725168,1
ca50288d7508d99be737007eff087e0055bc3a1b,0
94203cda8ed23ef76e7323924c44758c1d8e4174,1
ab6d4c851cfc4c04ccaaa4211d9a399c7bf1b102,0
d392c22e2332c8e12ec86e2d3563f3024dd7316b,1
7f12d13f1a4a571ccb8cf0c75f8986aad8894134,1
d4968a58eb9a5b0b3adefa4aadd4d3c529d899c4,0
f59ec746836e47993f511b455185ab9d015ec063,0
8709399daeffc1b33dbb1360ed5d51dc9b40a540,0
c8ef8644c9d767a7fa3dc600a6116b8d734e889b,1
a41682339f8d155d690a4f32e2d3dadf8b326330,0
010422894abad684b3ff22c491af6ed4a41c1f2c,1
1956751042c0557768bd87fc4f74e61d7624895f,0
cd38723b63dae1556911e853e4abd25291b691b0,0
021d2d6220e0ffe538dc2cc66adaf907f83696ab,0
0a98600239fd0cccc11a71a10e3a291b249a36c2,0
1ae8943683eb71ad50497f2162af182794fdd9c9,0
70f9ac196eb41f85169f08b21100937618ec5b64,1
30ace1ea8db4c7e89d736a362189eb5286259744,0
87b278afef380da7abe0f539e3e753101cb9e9e3,0
c7904a400a082f7ecd2588e0d1085fc4449cab42,1
57a7717e14a7bdcf0a3f52e76b2a9c9294bfbc67,0
0d5fb2e2fb50d49aef76e1e35de324e66cc986a8,0
7cb3dace834f1bf78ae5ea09af5bb02ecb09ff28,0
c3d2295652fd2f72ed0c880746f938c6398ce854,0
a767410495dcea84e29fc2fa206c49fef8d570c3,0
9aeca07106b3d345d8d790b73106dbfba59cbbc9,0
fd99793bc383e05e341dd6e2f0b74fed8462cb83,0
56493107a512bc3671801cf92108ff59119f0f53,1
06452d8d26081ebc6277d302f72b2c660df1d359,0
5dc915d0ec1b9559e262769d678c667d55150590,0
b82cd5401a554e748b6e50cc0d6058016b3e828d,1
c0fbf145d4906e0e8f38c4d379d08e8975830db7,1
7e307f98a551099aacc069fc4977450ee378349a,1
572ba47c7147230b40396e3b69c687032eb59e45,1
e20e7f6710c7cbed22960ba949c37c38c2ca2762,1
b5298488f95e4956524bc20abb10afb80a39563b,1
a4fde654624d4f78855f1b4326a9be2256292e22,1
59310252d97d963ce65ce6a78607e0fdedebc669,0
3f6f6b8e70cea3e271cdca49e889847f5f4833df,1
8b198f82abd6ae10bc5915473a9b4254adaac7ed,0
15799a1a9b45e76cf4f50e83a37caccc43f19305,0
fe9521c8f25bb58f271a555eb2d829a84fcfea88,1
7761b394d6a5949b2dbdb301f5f343dab0372df1,1
9380b5164a94f2b6dc4cccd46195a6917f6642df,0
9812a5bbea0a4910e86ce35eaddbcbfa09149a43,0
52b2b33d1c5f5495de0626c63241969032c86f8c,1
8e19f4d02f3673d251602bbdd45afca62b16ffc6,1
b9e092d92fea724919c564207a4c2980a7b2f0d4,0
bf3da561feab65e53807d518d79dccf342fa7220,0
c4548aec37239e6f895529c352b50918ee1b2d0a,1
3c02dd8226ccb7580278fbd09e3fbb08a72f4222,0
052924a8e90d8300c1d71e15f5201d662523c092,0
ce7de4ee04ae38b9ab2ca7a802679b09a8788dd0,1
7f8e2574033e0c7bc9db7de902e0f550f780beef,0
60aa3e978377f847d4497b4ace507e67eb966f89,0
42a8ddd96e4503b028b3226806c1d46928ec76cb,1
1fae9f430382a58b5f15e25ba4be0c1e2ab90664,0
2610b86dc3a3aa010e5e36f19c1a3c4fff6dca4f,0
de7466996b4188dc345bddf687ea9903dca0c867,1
71a006cf5f35ef3d7b48a2909b43c4563ab92a6e,0
f1c0440e69b8e5eb81f45ad21e015d2e7b281371,1
577d9674c904f0ed762b060605eb04fe93728966,0
76c7f11321254acd0f1b11fbe77ac2309269f576,0
0aba5241eab20a41f6ebd867cab1e5a4fd7e3344,1
584296d2d2ea6d89ab6d904d6be52d7ed99be3db,0
57e5c42a328bf68a2e978efdb641f0821caebd9d,0
2a27342c8455a4e035b4aee1fbd371412ade9306,0
f4d72a3ed229839dcbe4d5b11d5d553f0a3d5297,0
d4cad5eadf349d4a9bd07f8ea93ca04e94551aef,0
0f3f71329cb1a19347f21b160def8b7f04f984bf,1
42767afb25aee8fdd72a3c875237dabb110cfc7a,1
a8d067cf2cdd9defef25a54291f938acfa1e5f1c,0
994dde051c2e150cdc9eb932151cfb88e704bc67,0
ed69ade77aa620cc4e8556bbdaf8caceecab2f04,1
179d02b0e2e3aae8a5d000473b6e3e8289e021a4,0
f909ac7417c00e45a31244f3c316910729041374,1
ae6ffbbb344ff7d9e07c16d602fb08ddaf93dda4,1
90437228fe4c8ec30da8cfcc3bb1137db5e0010e,0
2464240ff9b7f393296c2990d34e54e94bae4562,1
0d4fcb5b817d41edd4be03c3e2c82bf9629f8323,1
b6c29fddde85ee5171e6f02fb9e2ecf774476e24,0
a42ea2ded8a86bd9d86d3d8c27c2714c20929b50,1
7a018a2414e97d9ae83bcf0f567b630a9f858801,0
0960892092869586f256b438fc680304eab61754,0
4b875c77f1adcf6f0b44c0a1839b93ddcbfe1e85,1
b85692f325f842e207e629e316b594d5b718df92,0
d6a99ef3857ead4b34dcf5cad2d3e4bad286bc91,0
04db1f8533920adcbad327cad38537330e7f7bbd,0
a83de14d7857ecff67b5044a237b1cd7dd4e335c,0
7cb083263e06d4a77c22250d2772cbdd79fa4e95,0
eef097db755de2e999299596f24fa9b260e5b4e3,0
952e7bd0768f2619097b84673f01e88e513885c2,1
279c21e7352ada03b01c80a5ce7161fb322b6356,0
9e5fb6054c21b0f661c78bd010a123902bfb13de,1
730d51a0d1430395e367d93bba1d9f61686b413c,0
523391ea1a582ec2eb7552c877ea9cdec5370c39,0
728482ab4806967bbae513e78b19854cb09e8200,0
778775a477b0bd6b458172feeba13f6a18ede064,0
a7aea80d2040841ec415ee9de853a8c8fd82e60d,0
48d838193d24040c39685d4a8270faebca9c6cac,0
09f7dd1d044eb979ccd17296064a3489a2b6f774,0
4f12f5f9e9eba864dc5dce182df649ff74346cd7,0
07b2b28b0ee734c412f496ed4900e849a8a92ba7,0
13ae493604386be9e2a67ca608b7485878e24b29,0
5bffe36a06d6f73ea7966cd51888d39dfa1314dd,0
27b813763f76f55051033f3faba0e8f774bb44f3,1
66fa55cac0c12ddb43a0fbf624d5fe8c6a9ece0a,0
83b8e60731dced14605bfc150b7be015da55aec2,1
24d870b9230121e6624bdd0962ead0a7190a488e,0
9a25bb2602fb263d2452be49e51b0e3062c90cea,1
d3441aea835f58af3b48607fde0fb397c6964781,0
76e2a4dfc0de8c66e6d0021b68e88bb515546893,1
44952c84ae3830a7584f995646a8b7a73ee64037,0
0ad245eff97bc6bd9dcb3093d2ff622b4fb5ee52,0
cde6262ddde6efb69ea52ec67cb87bbbcd0e029a,0
490b3c0407413e120da422f3201cd329c6695fb3,0
aa136f432093a69d028516d2c40c4cefdc6ee3ac,0
724248b31a000c2172b1ebe4388e2452137ff670,1
0fe067f81245552f30b880ebae2f6a7e97764740,1
3abfb918a87f07ecb7aaca1ee82d3e72b5399dec,0
534a7fc48af0a8d57ddff573e2494979830ff09e,0
4be99c306ceded684a334d7577333c765582779e,0
a4ad994eda8822617a1777bf9cef493914f02279,0
a11b946cce98f71c9c84a99d6f50c8bdefb71d50,1
ceba9370f63e94d2b7f8af3cc4619ba5dc2018c7,0
e2eb4a59741b3592250be89057c2b151b591a50f,1
8696afcfc72417168c5c8189c28813173056eae7,0
e0acac786cc6b10df2eb727a8590ab9774cf2946,1
c7b02a0bb9257241439a719de736069f02ea17ab,0
0ea8a099dda6da8bcf30d617a6a8bcfbcda4f48f,0
5a6b6714c3ed353de2c7820fbb9c83976f9bd9a0,1
7fed3f14ef16ebcd74c98fcfbe5eb86ab28b7928,0
9057db245e881347eced9ad9c7b6fa01743bebdf,0
65195ce54f8ed161daa50bf92b3bcf7ae85b00f4,1
fd7417ef21628448090ed8ef8776d08be827f404,0
3ad395f23a1a2a3366956768eefb73339308db54,1
adc0136bd5c7ab8023a2abb7612689e5d5fee236,1
bf6d81ba60bf51caa54fd5df4eef2bde35d91061,0
6ea59d90fbf787836fab84af895fb3ec0920e275,0
cbf137421285e60e004bc83da4e677fa13ef129a,0
cff2f12e00da8cb0397d291cff4a9bd6b41dd1e1,0
4f9f074a5ba5f4141de966856812a344337a8ad0,1
7fd21311262fa68d8323d0d270401940a1fee7ba,0
0dbc33142844416768c9968c72d3d3707ad2eb87,0
3bc94b3fba6f6b08822de9b7a94ea5f5d06d4805,0
60b5a4361289ce4852c7dc94536ac215e6ddf736,0
cc68187e1df225dd97c5b6e977b96fab4ef19522,0
05541218fc7e3060ae7ed3ad45810b69639cac78,0
259c2e5e8987579139ad1064df7ff1d1a1b67752,1
edd041b452185e03261ec971bda5f5b44a20bd47,1
133ff7c521ee160ce5a6df4417653277fc2425cd,1
571d567aec01f4f16832866afb2c62724ee85515,1
c907b193172b1ba3da6258d4fde718382fb7f61a,0
a46a0003dad0c22ef0a03f05a5f9fac0a87413f0,0
8fb74c73c920ced26b5902a8cb2512be17918fe1,0
6d71f05c48894d96ce3f1580b6629319501d05cd,1
b0f7beeeeb6676868b715d7f8011c4ea7001188f,1
5738de92e045ca1e77185665d18a2aab08470c47,1
518cc97e1f098a4fbb4bf0a672d677c7a30ac96b,0
7c357beff0e33db9a31c72f5d3b22cccec62c3c2,0
ba223d5d0880e310568b839622f5d4d1b37a2708,1
45ccbf301e0bbd113d468a5f68e57b7b1e788381,1
025842e9b7e718c7ff4b3ef16299beb7f1a997dc,0
3f3b25c67862fc9c7371c1970170ccbddcf07704,1
f2fe27fd9f4421920ba524babb0957b91abce861,1
fc5c505a49e324d6b27633ab0b03c751545dc966,1
e8632e1939663f1a1050820d92a32d2ff6b78bcf,0
36e0075a270954aa3d3e312ac5655d93499164a4,1
1c6ae806b3d4323964ad1279646db9c6fd7954c5,1
69b66a50fa10b1276697d84a76fe3a61318b60b0,1
19b9476cbf1fcd19835c0f15a43477b6ea759e7d,0
9def781d2d4561e6dafdaecb9b3a661474ad0111,1
a69ad80d64a63384111b6e9b25dde8868662397e,1
9ea53fadaa2cad1b0f09126642f7b58e24be1200,1
9b390c93dce4a3dd6363f6aaac7e4059e1a24e31,0
537fbdf084f01b7a7f86bd083c25529d99d3f5fa,0
ade06993ed931270f6ad788f11b34119263fd9aa,0
d038eb4dae84ba5e13a9885935a835d6e3f3abba,1
5532cbeee4c4caa8db6691603f142899454bec17,0
41e56a5d547b614cf153f4754bf9e23098f9eb2c,0
a3b37eb94036c5adb47367805664598ed4c13c81,1
c75852b1ae516cd83fd22b0b3614faa0888ebe54,0
e7371366cb101bcf8dcd3c98b340f41f7d6e9c46,0
468a381ff700cacfd42772c2784b61503c976036,0
997b14d1528e9e696e3559ab03be2607bd00c8ff,0
d37109909c27f4799dae00802eb23bd14d1ce7de,0
0202e7cc83706b3593f2e2861795b9edf2c6e9d4,0
eb4b8ac78e20a4bf14798d626b228425bdf9c103,1
4452a3ef48aa0508fca6f79d1cedfd70eaf9e0ec,0
bfe84ad0da0bca3884dbb265b50e509e6420a0aa,1
2dc3e13db955b24e32d57df331c79aa6fae0e525,1
0ba9634ac0ae5609c59b471638f377bb903757b7,1
f5179a7f98bb044eb804da5e5c1aedb325d5ffde,1
da6d53aeb317b482ebb9ca1dfab8036cd24d1c83,0
9ab730f87ff842edacb58b7430f14f316510dd9a,0
e1548abb29689bacbc8e17c7387b241a11f02ddb,0
951de5e2130c485602a9a7879263b9fbdb3f2f89,0
a99b713b0c6a382e7469845f7b4c67033c39b5bc,0
7f69e49d053e6d26f9d464bad9783b0e1a2bbbe4,1
dfd916a47299d96f36a4d716c5eda32e724f102e,0
aeae1a23103e9b3d0cf91fe544965568f533638b,1
cd8092e4bba0e275391ef09fdbcf27d36da92ee2,0
e231a5f615d9cefacb9e803007784b75ef1070de,1
322cc952c018e0e5744156b1892193a97c6e7898,0
6ea7cbe913b3751e9949d0c8bb47a724550dccec,0
36948b385a4d8d80eb9f787577bbd7ee143e5dd0,1
32defde1b126431c7d9289c2cbe1cfa9b723597f,0
dee8c2ecf16f1522cc0c647201aada7b8a4e7af9,0
e619c3353e2bfe41909868887dd9ebb897c63a54,0
af4f88bb4663620aadf6769edf2c1d10bc9e537b,0
b7a0f8771a09f50152c88ca950c4beab67cb8477,0
25acb5272c324ec46e9957be20b6ac13720b5775,0
c6569b537d2e6de0455357f977b02bc1976f166f,0
b8bc24f63eb474249991f5cd8cded011553f0e0b,1
78374ff9a0509c2fbc72fb1074867ef8a60a6d3d,1
766394dea87f697771efd53b078f524046ace8e0,0
814f84d8a746e1fba93eb12857b87721a1308490,0
07f311271fab46c05e84c836fa0f91f31ca77c72,0
20d3815ca7df6f918d85ff7e953278d5407719d8,1
bf66731692a3463b22a802ab0cd79c537b7c61e1,1
26438143faa65d4cc33e20f26ca0d4fc466a9ddc,0
a1324445f6310dadbef1eff6363791623af8ae13,1
872ae5c6649a3ef3a1021957441cb080ece63f7b,1
e1e28ecd4ce101721bd6eac1048d5c10e2b58f69,1
61163708aadb38538eb4eb2183ef4a18d19d0523,0
3b0cc87ab57b408d5ed8c5b149954d3d75fac296,1
daf284e6f36cb27a73bb2d3594f3af4bb529efef,0
cbd0e40e68b4731318a4bdfdc1fa8f56ce6b6b9b,1
eede7a29ee5b1f208b3d1c7b21bfc4283f679c35,1
10367be966d61e1d85139b6a8a52db35e8187907,0
a54b9b4f08cccece2bc99cb29103859d7684341d,1
8945a15d6fdc1cbe789743fcea6a5b778eaaf12d,1
48829d9e57031580b1b9b075f63cfb4afde1095d,1
4b650ed4a02deffc3cf4d158a7c8e4fde3e47fb6,1
a746bcb3517d89404c218276caf592722811edef,0
3f614210fe279a863ecff2056ed2ef9280845306,0
4a6b19cffe0ff962ca1ee5fd28c162001941fbb4,0
5266813fced13cf91f422d9b316b7dcf4195b53f,0
2e9b656cd66162913cb8d9964966da7e326a85d7,1
88f91721625ab97bb896d8b1d35b96cebb27d7b0,0
8ca530574280ff412f78338a8211a2717f3906b1,0
aeb3418f9fc15c1fc4861fb5a70057443f057d18,1
6b64b48e7494f5201e1863b11d42f468870e98d7,0
46c0fc7f35b88a017dae63bed5a8eaa5b3e34700,0
40363a440fefe6ec45c80275ed4eb67a1c722478,0
a907dc08bd02d58f715e4184ba8552db5ea549c0,1
7e74843e35a5f38ba8deed2bf6c78121aea30321,0
183e4ebf2d95b49a3f4ab2c472b5e93778c7408b,0
7d67b46b56f2a506fed1979debfdd796b356f1fb,0
31cec17b86fcc2eb8a6127ccefae41c6ff5018b3,0
2ac876728a6f3269d55165ae1a258fa0103b4c97,1
15dec3079fb52ac493f7b124d4680de7388ea49b,0
32743190bc9245720f56cae2f428264d19778150,0
ebcf2b0c70bb410cbfdd0053bd70e72caa29be73,1
a1845747dca57d8d5ccbbcfd5c5a62a66852ae6c,0
5d15b724fc0941867dc501835c40de78f0fb7bc9,1
837c22abba6466a747ea0044ecd8b7b9e4f22884,1
c78bcbcd473c475df24ab4ab653752c36a675623,1
5367b448044af617e1700d189c9513178ec383f5,0
69f990865a7c01cef18047a7c3ac2950ae87c872,1
6eac759a314f942e9060398fbafb66257d1e656b,0
2a9f3b4654cd4693998497656887f1451cdf8d72,0
aee46dea09e916f7bf55f0108739ae30cd75eda7,0
0a4ef073128f2a32404e78e8542fede356a8c315,1
c7f6d2e29714d89d8d3235045728bb6ea12143c8,0
4a38db2740f227a4bf88ca1739656787e122a340,0
492a6cf39de067f30cbba3cc255812c5dbe375db,0
417d9bdeac7d17480ac956c82ea214e097b8997c,1
894b5c58713588308143c6d9b8ec489da5fa0ccf,0
97e39c43e3edc82199b615535bbae9c4db2535ac,1
69731669bbeeb6d6ccb6c3f02d60a4720a211d1b,1
f7a530c0e3176900dfc44ba18812bd43a8913bb1,1
dcef8d734378bb573a07ca019c691676e4377fd9,0
be976d2a3b3eccf2e4e56c69a43f7ca55a017428,0
40bacc647f456f9c4c0d43b89d8cd84440564ce6,1
141618599da8638a6dd966a28aa9d8278056339e,1
a635093d071704c37eeadcb5f8f00473ccfd1f94,1
32b26d6300798e84561008b87bac529c4adcfcf3,0
747a508d8c21277d31296e9c2b21be3359475385,1
e0a33b14c63f0683c2266587278b46d8d197eb70,1
93de728828a72aa162684b05f82571481a7106a7,0
c43d3678efcf97feee428badf5406a2a5f9bec76,0
276d10e6e1e55a167dfa5653760ebe5421ff59e6,0
f63cc6cae4d23dab2025ec584abc8597b4fdfce5,1
e9afdba8377b70e4efd7d9dfe3fead94381890e4,1
1c51d4eeb12366e0ce31f87a35325f015956d115,0
a11fb66beb9374d2f52ba81d92aa8739a5d18279,1
68c48760103dab2c88fdf1767fa95d91ddc7b584,1
0548bd79dd14b12f7fe0076e4a99f77a93197820,0
46c16e9de6c9eca8b9cf21c357c58fa434ad471a,1
5d1c16878d54e2eba93c4f076125efcc32dbb8d7,1
9700f41be6bedaba8a4d33e1d32a413735ba1267,0
ebf240bc26aedca716a2db8d947107e07eda2ab8,0
cf379609a46fef3f97378864d1aeb583f64871a0,0
3176f6bb1a5a8164dfc21f4427410045cb137005,0
a6674b39b785c5a2bff954fa24106101f47860f4,1
b7ec5a7a826757be58b7ae90254583f867ad76dc,0
bf05dc42a80ebeef2421c5301e1cee89ff602dfd,0
dafd6d545ed0ada568c23dbde07629aba09e27c7,1
555bf3fcea452bdd5e1a7670f4284bb44ae17c59,0
ed22ea153ee27fa77a3f4c5672dc2a772e01acfe,0
d9f9e4d5f09f59b3c2aae7905270434258f0f924,1
a230c3631020d1df2c018f8df6fb187224de80bc,1
0e9d38fb97ef0fb12b9b436f8a3ff729ce8a9fd9,0
199b38e438d7cf4f1181178a2bac89a714c563ff,0
c247b001f1c1c44bddf781a97b041dc6a8b582e2,1
2805b9694539c9b15903a09258cfa3d9eab47d30,1
5da39759ecc1fd65c89e4d8b273de5c368a01884,0
d2d9488711314318cee327ed906a27a29808cac0,0
412e16fb1e411695949b6ac335bfdcbca0e9fc1e,0
ad98a5e657e50404322eb526dcfc08de8822773e,1
be0558483ef592b97b328f8c9f4665958737e96d,1
dc509bd72aff6f6aa817c6ad628bc05291e236e2,0
a2affa06bef9248414d4192cbef2996fd488e4fa,0
a03ab2e1cae84db58520441e4cc345f26471b0da,0
cecb9807371dad08a25f3b0e28647dd925b6fe3a,0
1f42f819c378b2aaf5930ead31fae992c157ebc5,1
c1f7d68433aabfcdd28692c496067b9d7838f66f,0
fec1846a55c92fb7a898d9fae569cf90fbecff9d,1
71c395b8a042b0aff890850006fd6eab3d9a4497,0
f0225a997bd530111eac54b0b8d6ce788c59967f,1
af676a4c7c46b083addbda99131327e3fcdebe3f,0
d78bfda8934efc78c9bded24daa65e470666d0ac,0
b63d4789d0675a3eb4eaa1ed98cab242911c7b98,0
2d30f4450e355f593acf5b90ad3c620300835469,1
c7fbbf724bde6ba91be97ee081f1b9873bc128c1,1
cda077078bf011479ea5fb378d4d17d7f74c430b,0
c0619769e52028c32b28ba66208575e6ca39206b,1
624d460cf04f2ff23ec13fa39f3ae1dcec267ad5,1
3de528ed771f63a8260b136a0925cefc8a3df22a,0
439597a3c083984d616dfa8db4e97a5aa2442d8f,1
86dd9b3bb47e92ffca05c8461e895fc6761a3f26,1
203777e6176a94614511180e60e8a1d50b7073fe,1
1294df443864e50d92c8eac6c1da5474fa1f6adf,1
c22e2a4c1be76f46aae20a5ba240efa925469fc0,1
01fa8fb3ec4cb7baaa719c50a8c5328e744dddf8,0
b961f3896f51944cb0e1d15d951a47e80a8d8a79,1
40fe7663aeb009a81aae17de07ddb8643e7eda4a,0
f7e411210882c0a5d3c793a7b57cb3fd51040d7b,0
c5d6e77c247933fc101dcd531a06db54cae8c9e2,0
aff0398c3481141e1cc4d49b3c5bf589a115d6f7,0
bdccc966853c2dc4e9b339e827ca06923c45b88b,0
6edf3b634b77af4dce6a9c5db455916c6e2b7575,0
4ad738ebbdb5acc5d2dd5bb1d0d9afcf7e1493b4,1
f6e21e7377cfeafb387550693c37f07fd942cf25,0
88db48ac4782d893128dfdeb122614d51d8682d4,0
d55f16532fb922bb79659109fd892f37459f8158,0
94399f9521915d92321d3fb1d9c041735017a8ad,0
4a20631d20270b4b5e97eaeeba85e9b7f09337af,0
94441a71294f907dd34e7faa7ac28ec6c6061720,1
1a317024bde449eeb52db0f30c6076a7611f7bcb,0
0836006f94925beb35500cc5ab40d6e4e1fd581b,1
26648bfe7aaec6f99ef25992d2ce46d5e9aa9940,0
8d66da4684256f87275e18cca5ec20327c79c4de,0
95e123a3d841db4d770340bfb2642f65bc1d6df7,1
96bc781da51561adb37a849b57db84a1d0db516a,0
0283d473738088a05c1e2cc486515bd1dd585384,0
81da59cc5d80f69cd7ddc8a92e82d19f0820a147,0
f522652af84ce5ec6f1c20286fc7eb9fad9d3a52,1
c8b39f2c6448ce25726751be92192e72fb511ba9,0
1e99af0bcdbe51f6b177c97d3ca6f5ede88ae59a,0
d76ecb1efff232d33cad8f48af995c0c8ac048a9,0
3101f7e69985615ade1b52976c6d6308d8814450,1
b4afdb1ee47c2c58cb77cb16b616c630c9978289,1
cb2e56da01eb9a83c25be4a9403a2b026af5ac77,0
752db347b3df50353a1e783e2511ef0160919119,1
fecfff33bc13f5df42f18a79910b28466257df55,1
1908feb56cede14261b60f18d179ff7cf85d892c,1
93636e2b4c30391753af700bd299a9b50a65e888,0
fddbb911fda523c47954c8dbf1162f8b20fac16b,0
d0ce6a72246ca923815ab15da54ec7e3ec083f91,0
b834320b495b8afbbcdda377c27be236db62be07,0
6c9622492c78be6c727733a46f5c2a18c912c46c,1
72c34a6f359dea0f902db26582de65fb58b946bb,0
50afeb72de7e1f4c446babbc6afab692720044f3,1
c060e688a6b6259ca781d781d94667a0e3268610,0
fe02abe4ec06598be2adaf8028aa8384e73992ba,1
25a781dc4f3c4ac4e221d1bc4856e3c2ab874b1b,1
fa21b7d4170e7724bc89c5760c7586230fa4a75a,0
54435a3fe52ad0e6c907e353c9e585c1d310b234,1
63b1ed246d89441c29eeac0c00374cc7fa56ac72,1
23ab4a7a651cb71bf376d50ae328993499396b47,1
dfc18d59e1260e240b7e172550f8c9159a2dbaa0,1
57d3d479abe6b214bd832f6e7f7bb5d017d78f4e,0
9f387b9ccc9e869a115f6e7e7346f3e87bf756d1,0
1e566c96bf579fef7598f00918cfc9e5ee75e5dc,0
d7a38ecd948f031d86603f4a73d788d5bb7ca484,1
56154881cfa2d1abf25737204a18df8ce05056fb,0
9d227103ab02aabf0755c54b9ef7d3660222e641,0
38ab355076b2d1dfd538edc61bb3545c0edcaf7e,1
41a3424773c9fcbbfe168739287a60d946da4323,0
f876a4797aa9e868a131083a87e41366e6b93001,0
f0196dc11913d92ccc78b59c4a815838d3848711,0
b7a0c7c2fa282ec4f8e0d07c31a9ffee765ccd3b,0
e136993151e857fba52832068df2d34896a9f88f,0
d36c36647544283f38d1c37e0f9ffcbc5b379575,0
000ef1b51b71267e85aca599d4def578d870c9e0,1
adf38c2722be347211045cb85b784fcf9d64561d,1
763bc8006a20085ee574a5d69adc2aae3cfddc51,0
0580b21566b702ed617204791d2fb50b7c9567b0,1
c3b541055ee2b647127ff73514c852b92f636ee0,0
7ef54ad8f5cca0fe342acb1deeca769eeffe2e35,1
9a27d0e7cb048ccfd65dd7aad5a2fe065cb882f8,0
6f6d9490ff5fc3c16b251f692b7846416a2a0eb2,0
b709bc88b2bc00db99c735cf9d05cb72081eda29,1
54351ddb42f8c61b99cce33a1f528f8be5900c62,0
8d05a9a4851700e252ae836d7978c9fc8e978150,0
b1ac744bc7c946ac0c286ca063fd1a1a2f5fdefb,1
89aaf49431c8f9b9cbb10c152f7751ac53ed3ea6,0
48a510edfccefecb783b4d451a4e9dc7594f3efb,0
f3ab55b835867b3a7de11438b2e36e7d91ca6975,0
8873587873af10c7ae79e85a7a54c0b35998d9e8,0
171f11f79215ff03ff00853132ab414c4e34f16a,1
9d80177226f5efdf58e44f294bb510dad1ead0cc,0
e3d7580a351f5402a14f987def83548116da6282,0
1cc2f400e555f144fbdbbc42eeff04b0685003dc,0
5a9f00afc630215656b7c3a2dc2499ea44b26fbc,1
b72b38aa5f89b3c8e1ddd986725421586634020e,0
eb95a616170b41acc4aed9247b5b95966da7c5b1,0
3a50de6d144dd54e38aa459d59bbe00d40723953,0
d6060025370c88d3b83dc67352f16c239593626c,1
6ea295245c9f1427a9279616b1ca61f8eaf83ab7,0
6f46dd3bf86ae0bc8230ba20e7662b09becd7725,1
c291529e4ac0f36253ce09de995d19a7da87f333,0
af279c38e9e46e1fa5356315d48c862cee986b7b,1
2d0cfa5fa277602a8f1ae0203a6e614e92260cff,1
811065f62c7c1129feee752bc7fa72965ead6639,1
d464c0db15b75e1e8c4ff2acb646b7ab5edd32a9,1
23538aaf454c3a74340e8c8afbe6db2c60f8658e,0
853f21ab90e2fa4f61f87f9e0b415cd3435fe6a0,1
1864a548c5c9ba46d449f6c800d323982ead88b4,1
4294538bdfa3a45749d02eb105810020ccc7b7c1,1
97b294bd8d4b6266b9c4a72840b975cb79917c5e,0
01ab2c5fde74fd95b53708532311acbb89097fd0,1
5b7fb56cfe17fc93e168a6fd34a3391caa6e99c2,0
923fe0702367bf4bb654c7117f0c380afd90c227,0
29bd0171223811f38567874b7b963ef3cb290e36,1
d4660ef5547d546141d1a9fa07347554ab4fed57,1
d6a0d1add361e5306b9c835d4abb838e1be38898,1
e92be2a50d429e7aa7f2fda00e511ddf530bea88,0
998c217744145e7ae01714eaf261acf9241a36fd,0
603341c2580016ce5b3fdd76dc29b90b48d9449c,1
757e2207398277b07ed0493d1b7e05ef178c77e8,0
c5ada3b2d82464845ae656bf3bfec0af5769979f,0
573f106078222e8ff9851377c1885228aee3c606,1
61f655d48473de5547c6dc4c00bb78f7ad2c3dca,1
2ca2f72951733dff070f9b8ea025988ea52f17bb,1
e105506ad539bfac1f18950c656d8822e2af5d49,0
7eadd3f5098cade9d4a85706b99970ed82768f55,0
f37214422df63f1edaf83c9c6285039034d68eef,0
344eb2801b332957c8d3d24b70e1d756ca8e23ab,0
793def0b482696f313467b9c1aac03f688c29ecc,0
0d1f0807b1d2a2ecaa4257d7dff8129c6bfe0a30,0
ebe87f440cc38137043b915c384acf0e4a008bd4,0
bfdeeba3e89ddcc0e9ca29e253bc5460367b0b65,0
2b2d4319ba8a0dc6589e89ed9db82d37ec5e4a2e,1
a72aabf7663cc3f9d66895ad300cc40cebb1a4e7,0
772564ab947ec8f5015fc3e9bfaf4e7cdd289003,0
cfc493b7813034bcdc4e2b6ac3f12c77d08716b4,1
f6e6f2956fa046eaf3d937a9a244bb4cb30055bb,1
f99f323af1a1eb3cfcd1db71c202e6675967d546,0
e16f5a869a1da1c30177c2b219d483f747f770b9,0
fa465c8e06fedcda27cc67a1def00ee25010a441,1
007c7175107fff6f7e859f27bed9a38856768451,0
db70de55915fe1be54634d2a66b985cdc172c519,1
f6bd7c2effee62e1b52fa72c8cbabeee0bb995e5,1
5be4c59386bf7c4d20ea27382ccf9dfdddedf4ce,0
5e94ddc9b920fc0e79900e4cfe62c85bdf79b2e7,0
f94552c904fbebbd138ccd010ff584154dc36da6,0
bca875fef62dd5f8de66b6eabf5b8b9d2c659014,1
700da271dd65c958ce021519334ec70fb4a71dd0,1
944fb0dbaa22b071ba3f3d95b823a88ff2f70cee,1
30f78ac5c063b531fca4cb3f7a75f48ac7826253,1
6afcd8b142604babaa3abfa37134b3e9595c1baf,0
b053b3de20035a20df17e143357ab54d0554d303,1
637d101f5ed70a972d847bf92d60e4290e7c4a8e,0
afa6ccdaa3e7e7aad93cd754d8171006a5a7914a,1
7626e834a063350c5337213958acc15edd05fb62,0
882e86742cb8a69b48ac5e286bd9aa4e5413f62e,1
c4a0545adbb557cdd5d3559de5cb1ba1bac5e354,1
2d46d85241db30afa12a95fda8aa31339cfefca3,0
1d132e2c50670c004d0ebbaa518eae8ba0a9820b,1
b62b106863a25495d4b957052ba509708a704fcc,0
060acc6fb98b2565bac4ce3eebe2ff41a371b06c,0
8ce5200e8f27bed1d4a64cd98b458fb09d9f2eb9,0
58e3e47b763a61960bf3021d4229d52bd35f1025,0
115f80280255fdb605e860f91c2c150028bb1e1b,1
81e711c639c157b9438e7ca0061eed1469fc0ea3,1
684c910bdf0f8db4063ffcf47f6849975b6450ea,1
7ccea961b7d623f1ce3f9780eae28a8a5185b224,0
429606d5ca23c8e1f9a04c00985b4d9bd1564a73,1
e31c80c99af87e49212dbf4b2a8b6aee72d57dc2,0
3c1120201f974a9313bf39c7e2ed893fc23b35a2,1
78022f73f2f2522bb5b193b988ba24b035e3275d,0
0092199905f3960da404583131ffac6c178054af,1
209e60113846205c4e475c06ab9aeed0b33222c4,0
f156c2bea08d64af7c3f5ee03866549bafefec83,1
1e8ea1a17f3a4913fbc9b977565845f261f0109f,0
5e872fae94dd6fd19783391651bbd43b4691e264,0
6408e44cc720e1d976f49787eeebb4da42c0a3df,0
d8fee0275bff81df5aca73eba35f44dbab54ad97,1
3cee321c723c56acce8199807e72d09bcd7c74a8,0
8cf7640b4e9c469382e72ed312e00c2048e57d8c,1
8989426e5dee3d4ff4f1834eb5ed14e6abf8c17e,1
41f7ad48c4e9b55942dea8d8763faba56e0ba0e3,0
3644f0a2280e4d51d5c6a13ec91e8eeeafcac46b,1
9b6e90b886a2801654cea07dac152b697c0d333b,0
4db5eb183967ad336253547396c719927b83532b,1
e0cd68241164fb5b53c2f1ae2c2e748b224edf54,1
ab5ad0e17231e0337f4620498ea17cfe7d9b585a,0
afcd43de21f55a8708d2463a865c8e4aa0f1af9a,0
f13cad18771219d24478d6b3818d079ae8da84b4,0
d7d367ce8d5c40c64d60d40d3c07c7d7a81a8714,0
0448d5fdd2fd55a46559fea88221ea0814148abd,0
85c67068c8955338474bd86324103f1fbeaeaf65,1
ab008824e04bc0977f0206b514c60bbcc24f05e0,0
b12cb88d891679c7cd857676ce3961f61bedb733,0
6bbe8569a74ffe7a022844bef2054f1dcb485f0a,1
dde26876fd392956cdd05e2092bfee413e3c01d6,1
f8e0c7425b6b346816056e386607e406a03e91da,0
05de7cbc5960a566114cc66506b2a6caaaf4b150,0
62ae3b9218e4e98fb4dd135a4f08a5f422449bf6,0
9405ca3e92c9288e8e934ccd9d937d0844edddd7,0
79577ed959733f0e30aa6ac3276c93a14d04523e,0
6f0bce969ce3e4a5898c6eed1482a006b94e5155,1
b837a7d85df6b8b7ccfce8447daedee842eb2044,0
c539eafd9573d6fafe993c9e122c0c23a0a67fd0,1
515db3b42b9a073a6cd46256134ff535ec4246da,0
6fd6a7ee34c6b114209feaa1943b887240ca6103,0
3af6112b538ad50ba6eb577a2c7743b6e83a5487,1
cefeb612c6c7314049bcc16827705263dfefe8d0,0
1a043c93b8b9e804afcbea5fb88c10dfb853ec01,1
e6e97617a7b5f00bb046b78f735015b0b819ddf8,0
8e94971a08690afe1b85e25dffb178a73b55857b,0
cfb8257e715e02efb29bb477adfb61d40d5ecf13,0
47289b5a5b5b4989d7559d5140ab0afb1e6cbed3,0
5b87e087454e7c9875e8d1e3d56440fb42021f18,0
abf67c22467c6077b05300ecd8e31bfd9a034d6e,0
691e9e15ebcec397ec2f7c27326f23cc5c9e200a,0
854e4ef5e0f8827f11fdef700ede55076373fa72,0
559c924f20863bdd3cdf6bbebdd7216b5a68009c,1
0c53c402c789a5c6006d1f25fe1ff8825faa6c21,0
edea5eafffea6df61331016cf1e56574dc2998c8,0
87667de92f2d4603cde8a4611350cf0ae5595ecd,1
778ce41f9060a1ff6e7e895c852d248a7235bafb,1
5b378ae246e0b11f5fd01207174464434285d169,1
76930243feadfaf9c82296e203469c2e5834371a,1
cdaf3174cd3340e36290f0a8e2cc9114703d6524,0
9956c653011a7a62f9246a747314788ca0af3a09,0
0fa558b7929dc33435927af449381e56780bba81,0
a690946068f8d58fd746220dfb3da9e1767d8b23,1
2ed270e666bcb88957d9da59f497d2f6f160bc46,0
e72757a672db983dc54e07f60d2170457a8a4204,0
50422ed37805f7b72c0b8ff34fb024097b779862,0
abcf34f824f1a3378ac5f5a172d582fc37b70c63,0
8c9bacbf8587182a16f7d7abca5df35e8e063e72,0
7e5733d68f82310f18a62f6b84d056a1dcd09cde,0
560e838d1adccd0fc676fe6c061ff7554d195303,0
90e19c872b423d7a4397f1017f4137b419e67fee,0
27d9b0ed620a0138950d9743cd74686b28af8bcd,1
c028c05d3be208a63a80d0ef3e47ff7a4542eb5d,1
274f4a6ba23c3cb0104e200abc774dcdb5b896b0,1
667e0b37c152799bc43a02ad446c7004d961ee89,0
f7855133736c66d7c8ac485098bf48f9ebd732e3,1
fc90a1de04958053ed0878408c6e905e669f539d,0
642be82d6dc24c4a7a0756a6e06bb32656f80b43,0
4af4a090b36f04954a25ee90756c4cb1c35af0a9,0
2df2ab8048572e5f89076580f7f7162482b0d016,0
aa6b653941c26c83a76411ea5c93b07385793e59,0
0313785b7508422355f093602a686589af8ea6cd,1
3362870a716b1bf79dfe36bbdc35c7cc2157203a,0
6f82487da460bd0c335c5e0409bb9b0eed9827bc,0
b5f1a7a0426e738a048fd177584290701a45ee8f,0
7c86657e931ccf58d92767521b1823a75ce8ea14,1
699a1612e564d6e556d86014e8075e24ef9f905d,1
8a18729e7af16d2ec44b155e0dad8e856372b5d4,0
85250309a345e8f5a11ea01fd6c37990d1dab336,0
b487622db2c123aa4df693212d45023db14be053,0
a39a81c132e85191bd112a9c88be0bca3bf6b8bd,1
f35e95b0717a58ee8f9ac1896bba52c632d26fcc,1
f9f99c4119943aae65095b0ad5122c3b95a64736,0
5795b568b2be59a24749dffb193ef4535630a4e5,0
e7dd0d1354a3db782a1d4bc9bb0f427e35f2fd17,0
e2c5698c938a9e1797887732a256b33499634b90,1
8823f66eb6a33992b986ac7a9daf6b6a98c07bee,1
8daf7513033e18932d0014e124c9833f600cd036,0
01a7d6f7b45870d2a76c1a6eed733603a2677db1,0
9e5202660cd49535d43d7188ae23578bc84662db,0
ebd72d8e7820e8a322d9f07390216090b8520b97,0
6f7a0a98fbcf18b16fc7600d03851cc741b81b94,1
1d62935eb025a347e686754e88e272448f7f3821,0
7621722b30b022981767cf85b7a7301a4c51099f,0
816ec7bbe07ba229be968314b28a779d5abf2fea,0
aa14f3b204e1b40f954402e5489e63667251c01c,0
1e60a851300b4d08003f1ea9fec3a592797c5f9b,0
c4f75dc261270651f1f35a97e95d9f0fd5dabc90,1
39693622c203bac8be819f5541472757a072b5e7,0
4e298e6366600422e5b75858ae318922d90a8566,0
6e68f8292f04b369b3f8738310cecd6fb3405110,0
d1481f6ca4e8b93f7beaf16e0df6a0297a725c05,0
52098cccc914c9f118438228b3fd05c9630ff683,1
30e7061389c6a8e0d2fe64e39c2ceabb5231bb44,0
d17df039c95fc258c070330427eccf59bc134932,0
10388aea629b6a73d45d5239fb0fe90ad3b70d02,1
0a99c697ba3e23eae4f219bcfa9fef0595372abb,1
6d5ace49370bfa01fa520fd969ef22f3cdb06b6c,1
895aa392eefef3c7bd3b49ef4fb0e1a9a2a5c2c3,1
77d3218e4b869bb4cf0467e26a1e9f156850ac64,0
5fc833a60935662dd9a3d9af206827df109b8433,0
b9616ad0d6d260d22bf3872816d830258d363f61,0
f9aadbe16652bccc39f27eac047aa1cfedbbe81b,0
3e545431687cc37bf5bb637c7649f72c688a44bf,0
98dfecb1d22abbb96f52d4e84f622f5b2738777b,1
9ae52c7f44839f8dcd6c8d5e37b0e50ec42c0c7e,0
98e6cab173ee3b2f31e036a967d738ae3c5a0777,0
4c2fb3134dbebcaedf5e068a125db50a16c3068b,0
3405f2f7f8a9af3b55502b485adb92fc67ce015f,0
b517da0bb74eac5ef340f9a96f2d3e406be96538,0
c025188a289ac4a2c982479b4cad3c29706adb39,1
a522cde667aec6cb8f0c2a5136b0a2a02532a825,1
dc45b865d6ffee13a9b62056b3f3bacd4ef42f21,0
d66b9ca5c930144819776d87ea425302b577aad2,0
53cafc51ed59faf3b56d23ca02348963ba214911,0
ef0fbade3b794397e65e19215a2f63be2e01ef23,1
ab179a224b0034c3e1a4350cd78873e10d410add,1
1847e94d1130a48af43d06a12fadd86834c2a32d,0
7b125a4b5c576cb7bfd99185a4a7b5d87ca913bc,1
6922495e7482b15c5ed10e16dea98fe5f148ee65,1
778e59c6bf78699647dfa2c7c21a80faf970e9bd,0
cda6c63d5f3f3cc89d80c69e1baf7121bc892298,0
c53f900803de172774f079333683bd1ecf7bc396,1
b2c22f28a2119a475d5a6113eeb87e9309fff1ce,0
2ec6cc2c30050b5b1b260cbb437f9e6f0f322991,0
c952a83c0181a786f21cade4a060db8769541ba1,0
7fe7d55df9e7385d3e4a7c756850e56eb8ccf4c1,0
0849ad6028ab15cd88d576d36e03be77ac05e68f,0
dd56c31ab249dcfe11946f55f8255f5671edce66,1
2a5c5a8814b0f6cf8166f37eb70531da82825178,1
3b93ea3bfd42e8486699ec067375b8996eaaa55a,0
344d94c1feb31a109279a2e9d3f10fdee349be1f,0
d64503dc72e96ab46212d0de69fd35bb1be3a0f4,0
902c670eb9b737d5b624501827f816f6a75abe81,1
cf62a5c8908922185e723f01e540ba84d933bdd2,1
f17f51f4df0f019d5caa5f587d9f3715890b8319,0
27190c22530d457de546138ca54c734a4cde1871,0
3169f9853371242d678d0260e5082cc19cf1c820,1
a6a8eee57f8a65fbe48585a0349c8a42e0540105,0
88f11233b7073f82492e5a8aac3cf6a6e870adda,0
e86a1ffb2c3652717b2efd06e0ffcc2ee0c4f343,0
39bff30b026366f6ea99bf8ec5de633d78db59c6,0
7558d853dd067f6e40c7fd4322a5a2245c1b202d,1
d123b1200140081d496c95c2a4a7f94c7ba6cb83,0
a746d121d6cad540a9c8204dbfcd2ec1581bdb54,1
11f7a527b4cabfcc4d00b455c9ecb52fc0547feb,1
4d774267284ff30470b12ddd076391fcbfbfe18a,1
087a3a7274ff1abbe7334066383da7c991175f29,0
8768f9c953549d90f323c4f4028d8c74157dbae8,1
bee2c1327b153344ae898708b6b78909b8e04622,1
b330e209d81a682f54e1ebd082caacda78d4f2e1,0
26fccb6e526f83c85d00c966611fb6bab6c55a92,1
1441170e61129d527f9c872a1858047ef9fc9c9d,0
4d74d0162c60e1671572df2a6baf91a16c54e18e,0
85345ef07b2104f0d3066b12e530c0306e44e02f,0
09fe22d81ed07495b05467e28c7d694228b9b821,0
a32bcf1cc5a226d47e53bee96e60a35f100b4330,0
3a3230b1e26ee676013770c3a26f191d44c5bf6c,1
3147e34a392cc94d7071dc31fb56c76c8c7a4d87,0
3392ff40de0d8b3a9c52e6062a72abf87e396d49,0
2c6a1740d99466a625203782c6d0a912c4db63db,1
0fe051b958c34f87eeb2b78edff36256f1e338db,0
c61044f582286cf74f2aadbd647bea6b2ddd7b64,0
9a869fd6204cc348362fcac8d8b841b23c81c977,1
c6da559dc4cf07f4e0ca9f120c950c993e008cb9,1
b519344f43ed38d4dfdb80bb8c63ee655bf50336,0
5c5021720dda7f7672f1ae2cbd7f4652cd60c6c0,0
51d60594ad6a13a4acc8c195aff0017695692feb,0
911b7f5191c67b4bfa443142b8c4313c237eca7a,0
0e174e64f7da03064481495a292c23306c6b3764,0
5ee70bae5d3a7d34dc5e662e58a59326aaaf211a,0
ee5ce98ca518c99330387bda7053f9741ed686f3,0
14068ef09fd4e34e09c6dc1ec569d1954ae29c48,1
53588d6370136fedcd73d5fd717c2fada6031399,0
89356ea2b8eb07694208057b662339ee584fb4f5,0
7da7ce0a88505ddd094ccd765ebcaf0671f929cd,0
639e6a7cb4727736a5f5a56dcec790f431197b53,1
18967e83e472142f90136720c9106fad22da6741,1
b47a48d414a4b7644033072fa273a2904974e19d,1
ddfe683d02f48ced2f282f66ee2ecb6c00f15853,1
7b617ad16b8b6866c2efd9f1381d3ef394bbbcd1,1
be295323e2addb04d5281cc777a21f62f2928354,0
66f0fccfdf7b65b8b10c7fb10e296523c90bbdf2,1
141fbbef37455962f3c3dd2689e54c3d497b4e57,1
3bcc66cdcd264ed07d2d3c9c3dbea277cd28d727,0
7a8e91f23ad29d21478a8cd249408062d96eb959,1
68ac2af17076a64fcc812763470234b18e21f5d9,1
30058d5d867a48d470e3fbc06123632c8d4b2ecd,0
e410442ebcb9608c9b0c09c2531a5c0979372d01,0
0b9f82e20f2b4c5111a803a51548164a7ecaab08,1
11c6f291604dfb82d15f7e84bb92bbfe66407c1a,1
31a41616a89554b2b8627fd85a7a9ab997d64b68,0
1de2e13d3c139f7704be29ca8d8466c4ffb9bbab,0
b7a59eeac0b8533bd67d75e95741bd373ef55d1d,1
5bb3271fc62ebce341b27983478c41840fde6d3b,0
880af702f1f5a40272ad508f9af46623afe44baf,0
9ce634293bda71df33ca58afddc6ef53bcb0dc4e,1
16bd2e20563db08d330676f5998206f23de24fb0,1
9b2a0434958923d3be4bccb17d3e3da93ef4041c,0
e34f4eef8a48f76a979b2f9e3054ffc0b8d87e9d,0
f7f542ea2dfbf79930fbb4781e7fd418c9ef66d2,0
2e9374cec04d29562dbf640d592729f67d32bf4a,0
2179a068aabccd094af6c2c8737d8612e49cfcf0,1
5c8e53f7dc5cd8f3acaf2c538118c0369ac2e53d,0
77fb3f768e9966c627e60a32013aafbcacdecd51,0
15b0d2090f6036d59baaee40008fca43577692e2,1
bd029e30dd837da8dc798b7b44a6db8456bdca72,0
1d04a66941d245857d1e6d428814a63aae419ba9,0
cff1975b819da500a0954876ddb5bc0a36f3ec57,1
a69128e3f129c296f20fa7284020b182a232b0e3,0
88dcc1c60a2b81f710847983dcbdae6bc4abc9c6,1
de0e55ad0394d27fa1a04925beefb449f8316985,1
a5eb5539359f757acfb8903feb0a184a646dcdfd,0
8840f66c57e63abc349ef71cd7cc2c47f60d87f1,0
8c50fd5a53fd1eada1d213ce8fe6c3d2803cb225,0
ea494df709f8844fa92e6aec59dcc16f70d2115a,1
7cd6ee27f6420e23f5892202ff5612d2fb9ffa17,0
7f69606878af776c7dd8812d12489071382d601f,0
69cbfd5d8f1dababad47713043f89183ed49f98a,0
6b166f14425dd4d77df50a42046f3d089f079ad7,1
d19f788e4351294362f83e1fe415a0bceebfefd9,1
699a75397b9e7659344b8580350fd157c911eaff,1
62fe898618285c83cfd1f311e66e4b891e2a6fb4,0
98e00542cff1f8575886e9481d29e8d1eecd873f,0
ccbfe5e2abb1a558d94ae3aa707c5b0a0429d4ce,0
3d31d1f4c33961e2ae8f0aee7b43d3dbfeb645e2,1
d28bd4c21efb306918ddbed07c55ede4d729011f,1
430836e83791098bae3472542cd4de1a0e317fdc,1
b348d4c2d9b857a5c7bd441de612b8bbfd10258f,0
db2d697fcc87a972d8cc6825a599701745f8fea5,0
ef4c3866153a68a49cde0528b5672f0f91771a12,1
370ee18fb499cd61b279f1714f4c6e82a416695f,0
f2c99b94f337e472bc53475a973516d3e2a2d40c,1
7fdbfdeda14984853ec0da4cf41b7d03ad601933,1
5c4bf8328421ee40370a584765688afce8b208fc,0
f9ba15af761f7dbf7a0b687332a20401c22aa453,0
50e4e89f4d3c888bb32a4d594f482a77a50a5c04,1
5ab9a559ee5de73fe99fe1c55aa8bf53c029bd66,0
edf26bcba94414d78a28db898a35c4dd51e5c203,0
50d9cbad436a5b2b3cd85c4ede94b716772edf42,0
4918ecfc3d4096f1ae389123e4772dc37a1f79a7,1
ebb1114a4309fa415448c1329a10fcfb4ffe4be0,0
188f6bf838e79a7d33017054304434ec00704b1e,1
d111b384145620cb416fd24800fdcf35b3a89b5e,1
59035fa9b8a4c031134ca984daf105db10c1ef33,0
fdda055e22e34e6901ff4ca129a964622b5fe952,0
e7fcfae297f91d1ff2f808d0bcf6e3cdb9438610,1
f0e582a82bffadbb4693d6880f5c92ddcd717995,1
c722099190dcc90aec47e32f956d5b6f2e478eaf,1
f01a45664121b5b27c1160ea3f15959f61f85db7,0
77c9df9d4bbe61cc1847f764fa290b38520c6cf5,1
4fed45bd5cff5762c748885b3791876524b9cdac,0
df01e57cecb5b3b40d77f6f3965f3d6cbbf1bda1,0
facdfc1b3ded5cb5950c51f71e9f5cd8f2a639d2,0
4abc731c00e686af0151da626f795ec04c447979,0
9c4728b29a775e27111a190c8e022538aef94a04,0
2ebdd5c1e57356732062473b000cc97a9610c874,0
9c5e45e4d65cf126f72dc6a9bdc5b2d03dee10e5,1
782e040a69f6fefcd5e0f3cc80ad82ad698e8f04,0
a39046c0e2782042bbbc753a03332aa862c69980,1
dee01bf12fa04091b0efdb1f02987b9d6c94aa44,0
3465c4fa4918bc9ef61d2478d44efffd033fc325,1
4cbc9c4e57ca997d3224ff5c549a53fce9da721d,1
5b08471dd8cba70945876306888965d6c119121b,1
c5c5702bcebb3eb531ec373f152daf5920ae19d7,0
41eeee4ddffc798b9f9bdb5b6c4531116fe16389,0
d23a4b2f889f99045070ac9f2582d5f1c10ad569,1
7489eb24b1b3adf89e2d4451863d864f30e9ed1a,0
4f365d6df7bd40159fd5809ae43a1af0b9c095d4,0
49b8f3b5005bd92b4291b9f52bfed61b02e7d09a,1
aeac756dc819053051bb7caaf352ade909bc4a09,0
ca7b192860531c0de857b6612ae5e4bba7aa65ba,0
117498d75dcd14603ee5ca20e230add716ba3ea8,0
aded58f241adb4dedd6058888b015bd8bb0f294c,1
8ee9c5a48de42e3dc49373bf32dabc3b3503ae24,1
80ae619b694ba028405c035c5a547f9a72fb2426,0
19a21e9f1125834a816bf757834b01902f94cab4,1
636812edceb92714b572467c80e0e76914059806,0
c55733cdb799c3508ecf147f58dbc71094f01a76,1
a8f2ff1b61a40e1f2c96c8e8e3217dea90a851f5,0
cfd1d4fe799442b4df4f6c566af9040ee892782f,0
babe8357e9f8857f54f9423d35bd5d02658cf527,1
3ac85386380b267ddbffd8d52f8c3f3b085e96ef,0
0bcea899c6359888d788d511ea0b53eb9125db71,1
7910728d6eac1804f7fb6952d0e576cf93d1a8f5,0
c9c0cb02b27c1e9daa4c9e18f18215fa0f77b1b9,0
d6138177d37bceec231377abcf08c3f0d928637a,0
11ac7eb943cb094860cce12ad402d6ab06a7b317,1
da7d2eecaf8b35b901c5cd886312404442183d09,1
2ae4127e4732b0d14ae0b5e290ac9167494601a1,1
88a07f40351bad921612857661ab1c41c6c16d45,1
76b7b1fbc51df35e11df676139aa62dca1cdd0b6,1
aad23211215f05f35f91a99966f68ca61699f41c,1
6c88a18eac11124ccbf90817797677452f0e2519,0
9e75d188c785e1642c2e6684fe6ca903336c1c9d,1
b18ea54d4682ea7481da403a8ddf40f0455b4505,0
e65417a5f34a8c3f9ad361342d1d43f117a2a88a,0
00997b481f91c6496e061cd972d7c854d1ed694d,1
caab4745c109c4b31893d2eb15bf9c3722517339,0
7f447235a8604b31ec6266401eeb79a6f2cd0433,1
a47dacae4fcc29651de559da44f0e5fc7eae7c57,1
bf18420387b4f84e529d3b143d4ec6228b70fb86,0
5151981160e94b78e7ed7bef7c6193e3310bb8c0,0
e1d2652d0b5718a8b1c4d5e2f7893af2d2bb2b20,0
d05059b6b3dc24880d8de6aaa3647beadec525e9,1
d11278454341f36e94557788ec2521d459747ec0,0
6c45ff3e3eb17f5222100bd2f475c993f04335a0,0
f17211657c728a528a16aca3d91c6e5ae91402bb,1
0589f9fb1c22dfc68dfe07f9eafb4ea87175efa4,1
c18fafb28ec73174a1457a05971378921c28624f,0
e333c622ab17893980d65a3c91cf2140a20c4328,1
31fa4bb67c8ea1f780a713b436c0f9d67299157d,0
96fff7f99b34bbce13690429ecc525a42cce1a39,0
ad94326414c8f7b4bd4c0b8967e3135267bbe5e3,1
0a16f12dc8fd71a434fdd2b24983a017ec81b435,0
8468e8321e4eceea6960bf512c4bcc7d2beece8b,0
2f7fdf91d23a44740fa56521e09d8a912365f37b,0
f94b28cedb47d75f91cdac55f3fac790682d83f8,0
aeca2d47eb6db1f62106ee7149eae0a6d3ac95d4,0
98d404eb86ac3864dd3c38cf90379906c9842ccd,1
e339c63f7eaa14265d2a0c07441e5d6ed09e63d9,1
75caf285e2c6b8b291d7d1bbffa500bf9729a3dc,0
afade6dce7f7ebfdb9ffd08b55e7db2fba762822,0
755e7a42c1f311ee89eba991e5435e74af8f43b2,0
542800220f7b2fbd9abdcfb8b6a8834e8e8404db,0
d2591027cd4234f98d512712507cc8d23415d0b8,1
a313a16cf5042e0f8c32b2b45b13c644e4fedc2d,0
05a7ba230b8e43a5af8082be2a88b8b195c41cb0,1
8c14cf2985a3abf76dee2cf68b2d712b56c47293,1
785fe41cc256f9faed7a19c53ef0b4def0a85605,1
f7342f4faa39370a51360667c23e8b7003dbb6f1,0
23513adfb9413c8f7d6eddedc399b63b2961be38,0
c6e1564a403daacb1bd22d0de1c123ea5687be90,1
23d18cab5cd8ccc8c8e952998c857d8789720ff4,0
a1066b4a114bb44e1f84acc4a854077018debcd6,1
f1779e8afb6bd50b7064d44e7e72e01ad23b2944,1
76f53a060ab4d4b56c8071a362a8708e07648740,0
3e151d6b9144225d99dc7c03d635b60015fb513e,1
a1e8d79741514dd131c7bb565d532681b7d9e2a5,0
470587393660ff421ba9365f927d26a82f6eb0bb,0
423f790f3ef832ad8b261aac90ff488700f33d11,0
556bf7cdf3dd04696a451972c1434ddb919141a5,0
964aaf4b1e10384642ab501bd527ea45f45549fd,0
9eaf4559d52027e10714d6951f42019a58b3a5a6,0
efe87a1694cb97ca28fbcbecd1674a35172b3fd4,0
26fa36925d078190f3cc795c0839693d0a33e74d,0
c844a199763b7c30669b9e6896b9a76c371785d5,1
ecebfa6db2d42dd9a7f36c94e81a78b3c4104527,0
9cc291ea6e53b2f51feabd09fbd21fa24e87155c,0
bc984b3545dd22c1ba0d667c9280f681c60d5944,0
eb874639eb1101fc1ed397124f62b961aeff0a24,1
6bc08106be18de3761e22ce9d79a157201dd17cf,1
724a86e020baf17af029cdcb40ca9dbadba6ebbe,0
34505d8c0c8bfc08f65f2f7644e1d324c71c2ba8,1
ea21a2ee63434b8cb3de5a07544ded3cf1eda6a9,0
fa885dceb821ba477ebdc865b5c265512eb1217c,0
aab2589c909916c135d9b6e3f7ca5987d04e3f49,0
ec0b5ea0f1ec37ccbb2df2654c821e5ceb114f88,1
743f9b3c0b1ff756246eb58cfa04f90d64c1d0d8,1
f723872f4167da767d66ed3b96221fd619072025,0
d0e950631d49562ec664fb1672efbd48f6c014ed,0
617d6dc3383b94786263aede9efb702ba68524c7,1
669b315c9546925e2ecb2e0ff91304777c52e3be,0
f97fd135b4f7e1e0c415be3e483128490f464d33,1
6857ca1d7df4d4c4311dda67f66a0251d146be04,1
69c76758de2f587ced09340ca12eab9efc8abbae,0
b82493843ce89d394e61d06913f530342a2a362b,0
b8b9818283d62a3d97ed00082a284b40aa3beba6,0
63b5763357e7d591734dfe9e6cef36f0b2478778,0
78b200fb8e1e562f9796ba49f94f6cb4cbaf720f,0
24d88e2de3379a40c8eb4e39efcd9496b2e4e74d,1
c8559a8ddc7da880de94558b0c24786883e33592,1
cdd60635f343d2340b53bb9a4114a42cd9221c1b,0
e3a65627f3ffc83eb4f110b2499cfe819a5f80d4,0
b0a5fad7d9c9619640e57f85111175df0076a6d1,0
238184a93901833cecf5b7a41f5b7eabce6a869e,0
1639efb57ea310d8d45c2a18f80addfbfec738d5,0
c0959152b2cb54267e3b3d42d537b0853ac97c28,1
0a65cb92c8dc755d9ef7379d05452b702e654320,1
5768bac2b6640bf282381e01a7e8a914c544e6b3,1
a432df2a3680537d8dd5daac78a15146f1531a5f,1
3f6645fac549fcb7b29037021e5cb65e897e971b,0
c377de2c37c4ce235e712085f4049dc2837a1d37,0
e4174db3c27f79e4ce1538a7ce262470b04a38fa,1
740447cf27c70ed272c0f902af0a219e360aea8f,0
3fd94f5f2475b33d584500da2204ec8f61bfbfbd,0
bacc574b71685dc89b7d7cdb8de0fd0964616e7c,1
68782a4352637c94adfaab10ce25834025e9f412,1
865b1de27b4eb0ee484da987a038a5dc2df43452,0
a74dc6c9a0b6b0e8cc3f7ad9b8f32b413fa91ae1,1
822dae6c3e044486e0096fa28c880ac01c1ccb32,0
c1e1ddd35d445c842c34f6c47122d64778dfddf7,0
6424e00b46b38738cc7d2a57628a7cc4274d192b,1
9f0a3affceaeec17ce7e9ca06be3fc53589a7d63,0
39894a095528ecb975d2ff29aa0a27ae504f1912,0
b8109b53200323a77852d925e99a434e28214d84,1
cf4caf4dfae24e0f15957f10f020c0feaa05d030,0
65fa385927dc1c8b89bc358efd35cc9ed1c6ec04,0
9456985c0597e1640c39e3743bffcff763d871bd,1
5c240f596ce239a85eb7c68f90b7edc2ef09e61e,0
52a41b5da911d4f0c9a64dd8ff6c7f825ac3e1a0,0
4cb91468880ccd8f6f6199a374b72036bd250815,0
f92d5d40af7cbf6c4842bbb843b70427b2221e7d,0
7a37f667bb588f8b3038a738d217353cfeef1e77,1
3ecb592ec7fdd6d145633ccba73c7cec639bcbcd,0
35228314d391eb2fe6abfea8dac48d175bb2c5c2,0
9b6141649098400b83bb808bab946e998c6d39bd,0
4b65f6be35782960e4e595cb074784d8161651c7,0
f8c27fcedaf3ff033ea1624c71986597897e6e98,1
d93c24a0aba774ca88df544bdfda9e5cd4a1744b,0
52d941f657e8584447d3a614552c72b99ddeb693,1
8ed6a01d320e8e61e4b2eb45cb342c3e9438bb1a,1
56411850ff6e5641dfb7917cd5bf7ca21bb78c30,1
4d88db3793f1a91c2a2c54c8986172a4cadd0e57,1
aba36c1f5e2127b0c1b5d86df3784fb4c28c8351,1
d7a9a6be429a0781887b612052cf989742d8c245,0
53a4a06c9def86e4b6ac976ae065b2ccf7a7d1e5,0
18a07171a271dff3b44969eac83304ed8cc1eb4b,0
4e0a070a16e506eb3c08d9f749a73c0526cea649,0
8bebeff554452be24482e65b83f0630f044de67b,0
c61a836f2c5a6c59459e3c7db4b6030e76ffa9aa,1
edaa27118b47f0b2cf9530807e57bfc1d3f7632c,1
d3c3a7d6e6a9111bd91938d7e7e081273833ca0d,1
01cf6f8a2db0fa3cde04fd544ca5457db5206be8,0
918f2fe5e97ee2109d96de9dab02416a2071a8f2,1
313c837be1fad152a91f63eacaceb7f391189d32,0
9cd1df0db12521158af831a091ade70d3d490485,1
21a9fe2bc99fd0f78e2a3cbfabe57e65e70b68fd,0
2dd926f2029bd75a6776302ce3ee572b3767d3cd,1
6d924b6385db5e97e11ac7af23aaaa914c0264df,1
617ca97e3167c9fd69919d1a6cb966822322ef74,0
8c7c9848e2fdc13b8b1c8f27bca74d2bf3367c2c,1
cae86a46ff0f1419836c7e85d5ac4cdffcfd1f4e,1
17c7f5650baddf77d6797ba2de57573af095468e,1
a18e0f71d77c7f586051f49baf134e10a10461a4,0
a821c8ce57a406b9772769397259e6664946c9f4,1
34b0ae6bc0606143133b655bf036ff4f7c150fb3,0
ca7fa035f8ecfc06646192afc4b1e56e70dfcf90,0
2c191c13b91018e0c82208c42f758a3901c4feab,0
0191712305137eeda06e97291d4ec6957c7ee06f,1
a61a4ad9422ae46c8bdf4b7b2ddc6856231a974a,0
6019c6b9bf03d514cd746d45fcdc93fb2e991d3b,0
4c397b3c0e022adb90242e9c002f92b51b9c40ee,0
eee886698f4920e9daff4aa72ddf0e55db57a8fc,1
9f30e77a2bb180431b67bd0291be80f26c547414,1
df493a1143bc5a18d8afa01441c7f4c0e719f898,0
c6db0dee8cccabf306e6e415a02a84e223e109f6,1
7d580396373c34febaaaf89fb6acddc29faad2d5,1
07d5d20f6829abeff66d6f9221dd17ba83f7424f,0
70a787f4af7523fb73a9c8953fd3dd023850c75b,0
c1c16f941bdf9f112e2e0d054f792d2a3a578c61,0
6a313579835d0b6161b7ff48da7512132f58ec95,0
97da70f63a620aef0171dc8a979fcc0173b7083a,0
8fbc7cf094f0a881c6a6116e62e1a0d806f5eafa,0
1f2af3d4d08ca1b322dc98613560888fd7453fea,0
fb7d9f061d050ef1af8767102468a5502a25497a,1
e90ed2dd12ff0c309d903650d2f8c455e475882a,0
fcaf489decbca8b0af081a88c376e16731ab6110,0
8453e9f6ef13b8e3779614fd4d85fb3b9524b0f1,0
f99b9b8e01e30633573c16e249bb5588f353b8df,0
49aeb305e12908741efaac1353d607b599bf5541,0
f0ddd8c93b5afc262728302c482572d30b55b23d,0
679ef63728f101d424019c25b9e703bba45c8596,0
299bb4b415d48d334c47c8433595f8d2f55445ce,0
379c01f9044036734a8dc3886e7dc050a62b4e01,0
3dc752f39447d1c58d1c4e17b4fd43379f2d3fea,0
cb79dc32ec56e706e71564de6c7ebb291c965067,0
ce01423464ba6760761ce3d93135879691e87958,1
4980f606b31759d78d8d74c284ee92d29eb36f59,0
6fe990cbceeefe93803c225d86e2edb321ef2aef,0
55908baae682bbcd6ee176c0205ec456a654213f,0
34ba5fce684da494609c18ef7e48dcd3f00c4df5,1
7f886e3313a6213bc8808ede7a1c4cb33bbfb323,0
71a42351f11894f571ad2f8542c42b2efba5221c,0
7431be66eaf2e9086a2c125cc467b628146da9f0,1
fc7b96476e30289e684dd2bf86576a0a832d8397,1
9af87240a5af2fdc969bbeffb938179d7ba74563,1
288a9ab25d261e18a2f032ba38fcb7339a60935c,1
d3e929aa08e68ae6faa854c03af0eec745f3ae77,1
3350d27fc0a4ef1b6f21f3f9ea7aa37e38e0d382,1
ef2ac64e3c6066da2708142180f2ceec98170885,0
4d136acc5cd8b5cb57c7627b5710a03b34e8ee72,1
2fea6035c3c1384a84aa53b36166e9259bb31767,1
c7d10e5a8783f6778612f783447864fdb8bdb3fe,0
81d46a465dedecf13c79ca7f4a3a6e5442419e86,1
103efdd1dc2181f4b71f45abb0385ca48fb7abca,0
c3ccff53b0c825fa1bbb98a18e478627bcbaad06,1
4371f06d0d5b89e7883bf0c9de51f80238d7eda0,0
0ea430516b537aa0fb571270348ae84e80a3ed44,1
4c742e40b39d5029cabad1772bc892112eabfad9,0
b4c7a6f0315a48c0e9b1851cff60d8daf48212a3,0
a97adbfbe909fa7d4e09e9743b2c885783b794a9,0
2526b22139c65837ad540ad6529df57e714a16eb,0
ac86d23e3f3fda5868138825a355ef6864880747,0
63e8b50aa673368568faaf916bd7923638bd5158,1
b92f6a1aab18d26b5b8da3622112bc87a3c9197c,0
2606069fbab26e1d5f89ab4126169081dfdc1f99,1
77719e8df89d5091b9845726de63ca9a6183713e,0
8a63b26e702ff61de0bdfa764a66c7cde906bdd9,1
9de2e26019f052f8b868928e572aad10bd1ff66f,0
8cb335e0d2b3da65d235177e991b7cfdc094e767,0
28938f59d693fc62a0d67100a6e5f0e5512520dd,0
259c0f5f4bf52dd3d23d2bd3506df7d68e33cf22,1
2685079a54210233fa9e2b89efe1e09dbdb5c10c,0
f4be25a48a3ecc2d5993be0a4bc417c3efe629f1,0
4d5eb2fddaf24e916e60e3565f853cb5b4154dde,1
23f4c18ed4f2645d5a03124d10655fd24493a219,0
fcc4d26f58aead1e68f804b838e57e73dac1a6d6,1
98244a0c917fb747cb0caa6bf2895afd06a3124a,0
64cc28f36aca7e777087cc26b2792e1f93222085,0
335af7fb1bff0c2124470e7e55e5fcc6eafd96e8,0
dbacc58cbfd9282bc437b63bab674fc766fe06a1,0
fbf92c4e21caee44d948e1f4a28cb112be1cdee2,1
c8ba20474f3cabe100fc1793c29ee575e2dde00c,0
dcbc231428ea55d8c7a9ebe365bbccf9376ffbe3,0
15061b59832b9e9d8fd26f20df1e1dcfd26c3d51,0
d3c0dbebb8c71ca3317ee125c459c2ebfd72abfc,0
9d5580494b368c2b0469aa1fe8b1d23f0d8cc79f,1
7c50ad78a1191b48a81a284eca1d9894ed3206d1,1
b7d70815e432bf5ba1e5928329f3cb82a7cd6432,0
35b4a7d4136136dba90a9ccb1ad8110673ec0e70,0
52b89dfe6d08087e509ae9a53a0a1b0f304ad979,1
01bb1a2f2d94263aeab1c5f81a867d482dd96e16,0
4a4ccf93b914f20c526917dff014ce7f65194741,1
42a53630feaea423f30e2ef3974224218addd07f,1
daae22318b863c997086ceefab7bb150f2275e1f,1
837c2b7c1c122797b87d3ee151888fa49bcec998,0
f2d31b6e3c1c3fc55ddcb675256743526c3cbb8e,1
795a9dae806ab1872084d789509f93568e9e9f3d,1
2ae62463c6cb476b0056ebad92a026b5f39e96cf,0
22df19bb33d27a373f6d3426c2874d98a1675d86,0
e3ec3ffd0147beb983c7abb47aeec829f5ff293b,0
2d66ad57ef5c596ba1df2ec4faa4ec0b9a0b8765,0
3174911e383b84f02e5f209ad89a0238283f3df8,0
aff210f759e0b34f932cd089b26ea9f64a32bfda,1
04faf6b39a61ee66909cf2e46c5fb5e061c37e1f,0
3981e7e304b8c987fe5259948e4c36921b5cc4bb,1
fe762406a1ee91d51be7239118f2bae536c7b771,1
f6582a8ff67808dd3a6a44c453f567a7c3010c4e,1
d767d4b912b31e0c2694e0a14f68ceae395015e3,0
b8bc9477d7073110f6d72af8c906ec4b1a37c63f,0
35e706872dfd12a95fa840e75bcc4578981343e3,0
02bf8128101c15dac485e39b1881cda5f5cd6705,0
8ba53d342fd4729969fdbd9444d21b10958d20f0,1
8370ad27d530980ad356e1a98138b438edb98a5a,1
4c9f21d3fb812de0f21e476d05fb633a95192964,0
6150be3719ff70b7d374cfde35d8fd2d6db37692,0
07f23b126f2b4684f35147be1ef784b9c4132b0a,0
eaf53c1cfd4234d0c8f0d70af17e161d2b4d9c65,1
4a535e19f198564826fa9f2d8d0bf3e1c1d33071,0
9fa6e6a902e8003aae7d4b051147804f8df6638f,0
0bb05770e37f3c9f2b69e8ff0f87c7fccc6f8cf9,1
6cf3c393df986b2c013354229b28a872059576bd,0
cda3c7d7304a24b8c1a20637398dd6086fdbc45b,1
7e4491e3ba8f58462b0f18504d3973c476f7b6d4,0
5bc602692a9cc01fa45380503774aa69d6b73530,0
c8afd4fa8c503a4d1cbd9aa4205aa22080f5b17b,0
edec69d8389442feb6914ae3e6c29a027a8c6fcb,0
ed0956f0a51e6f76e4ae986d8733bddeb423a78b,0
24ba1388aad69e3283f81be0d26ed5535e66a49f,0
72e1232967f3e57a51b84218085c1ae33fc9fb72,1
af985665c57e464c1320c6c79444f997d51bf27e,0
2d4b4c00cb651db25a0a3243c29ae581dba1fbd9,1
907dda9e20e016058fd59786210abc7333e0134f,1
18df5cd3f23586b8d49420fd57cc4c0c0a636f4e,1
96e22d787f0289259912131e04ea2d8172399147,0
7ba53a88c55731a143533a407a68ab7c2fba5b85,1
06fec0cd7a49a00c32d3bb934bfe3e6bbf92e627,0
220a24605e351e8f6eb5b2c4886b5d0ffce101c6,0
ac73a56a0ea4f37f42d48667b0383c63ee869c47,0
88fa64b15a5c48ed002e34d82c62f3f91f31382b,0
5725b94db85bfe4a5be3482671c9d18f81e53e59,1
737d3bd6e1e71556206a215821d8799846139025,1
3909090801a20dfc3064fae06b4d85d43562922c,1
b884d61b6ce7223a4f17dac9465a265a9ed01cd4,0
e85145536476afa681abbffd187aee90ec4bd260,0
2adc32dcf5b5f91d041f966a827941d7a48e550a,1
f3a5102b5d710c655a463077d6758fea1321ee25,0
1e6045c82ec8ccea6ba0f2c5b5089fce949e6c07,0
4a870c354118e1e692765553d9ca5fe461036275,1
ac797f9a9940b62757990a162a365daa3f0728e9,1
a113a844ed11f12fb59e79eaae4c5c720dc0ba5f,0
fb465819d319b88d583f34b86fb302b4300a303c,0
ffd2fcdb462522896219830041af2b3505fa3022,0
865b7ef65a13f2dee717c695123ede4c87f18e38,0
3aaa387f182f16ab8510556180064d6cc623d22a,0
55081dcf8b40f97651afb9d9cc2320a51c66f284,0
433728b984673f4e386957c879e91703ac9d8881,1
0cb9afce4ad1e007d5b327949c7a32d0b07d2474,0
82270123a93793f6340ef270e45f65dfb09dfb6c,1
4a616430cd2b12754046fa5a348b9ad1a0c3e83d,0
0d6537ce2854c33999f1d657814a7be44a8dd6f6,0
dbff77a2cde4048390bbef393bd92838496ee90c,1
85eccc8a8247dac1a9c5f698da5e8e3471c4ba24,0
610f0cc2f3907e1fd8cf9d545cd6c68df945a9f6,0
1fa65856a94a116ee89e9fe9fbec881ec9767b34,0
3c1fd982ddf0357aa4ac20c10e440c2ba910fb68,0
26de4a770d982a862b599c6b74edf63057bcd0c3,0
3d0eaf22f861d59b9322794a06ea2d90a0ec9de1,1
855722c90e1dcae466233cded5b2afd0ef2b7958,0
eda4d7eb7d0801b4bc41871aaca2af57bc5a9c0c,0
78b05124c54f37e2a57ac1efb84b74d2d71eea6c,1
767697bd720c17be70069bde3e3cd430ab9a7b55,1
bdb8f69977f87ff82531307e3353fd2ecb72eefa,0
a301e4aaf7a65a25633902f83415212a3b70fb67,1
fe397c41bfd4e44a62d6c0105b133ff91f1240ad,1
175d2023de0d2205f5fca4c41c9d08d2f5eaa96e,0
edded141885b7dd4159696368ce51e607be884a7,1
605d97aabca89846be40e35e38a7b18e74820f2a,0
52f3f0ec42ce4fdf7bcbd844481966ae9c7ea3c9,0
2fb100fa2e995912d6797862a1f9b098967eed06,0
96ea29a587923e0b77c602f59e1b1b8ff953f618,1
6ad5c2f8cb9c7b2a68142ee268caab8ef71353e9,1
e693f9ac4097289c317831960514b78701999cd9,1
250ab98e1e21d1a86c6ba813691ebe9fb4bd5698,0
bf4630184254054241dc915c19ad2a9cb8d8365f,0
b3586c06ed9c4574cff6c8cd1c658e59e2fe87e0,0
010e909216c3abe7ddef458fb5cc3634c45aa555,1
6862a5d7549391778d3b78ca9238e68f38d003db,0
6552d2b3a4806c5df1f769f63f7c0df439b17d82,0
561e91ff219256b1ef8c5d358ef4ffc5fdf22c41,1
efb87cdf2a2de1ae48f6dae8c7fb4457560cd40d,1
328ae6eb90cdc2f731f83aba986ab77535add388,0
5b2d8c086430f4e707e44f409b3fbfa545b7b751,0
ff962f1687dbef9a5b0cbe1c8d5ac8b5101fbe82,1
ada0b1edd3fa3c75f62a6535a2642530a82c22f7,0
f4b66d4b1f8267e972439807e45a882e06eb778a,0
26d9d35b8c63dff2ebe2e3179c1d730d2b3e6ad8,0
1b53fc3e246232284ca5a2953baf086d0859b60d,1
0fb154ac9a8f97eff6cd341e720deb3ae6fd9c3d,0
111cd8a7c9777d157a1d4b7e73939011034f24ec,1
948375758820d16daf6bd0ce64c4f645b9cdfe1e,0
6b27835e79c5bb89eddb4dd2e1850b761bbaba76,1
2591f25c52dd14edf573ace7d50bbe03c02cd820,1
87fb68b10a73997f44a51a2c2522bf8003a5c1c2,0
d9e27021770e10dcf73e9948f9a1f5c75db0646b,0
041acaf5f78ee2f9ef03aee7a5070debeaf8aad5,0
dcb77718f9732b493914ace7978554e09b9e74e5,1
d616c90de81759e08f32ec558666bfafa9827248,1
095137841a4dea460a45202c295eb9c4adb8f1c8,0
e6e378c0b6f896638b8881f5718172975b823e08,0
e169a1ebc282a1b974e81adcf41378fb0a03baee,1
43ca6521207b941bc7609de318a4f5e14cf163eb,1
7ab12c141602ccc09c0b2ec243e1fbb822aba33e,1
bbe658959a0f71bff7d8d3a662df278788ed27c8,0
c49f104a8861640a37f4446bc8dcfc8414a249fa,0
baa68e1b2d2259cc1d5913d9fcec2cd1c0a5b374,0
bbb7fc92e1fadf1f70a1cd7cd1ca02f8028b616c,1
a085da5a785c612e452f777ab6f3b6faab0d6cec,0
4c88457e34e3262821258ea20ea8a43c2b04c874,1
6079945015b6a50e33cb02e735230386d272c127,1
d03abdfdb77064b57ba11e43bbb74ada5a9307df,0
2ab470bbae2a5a1679220fa76f4debf4d4101133,0
2e44547369497a6b6322ab8369b941e3c658f00b,1
eab6a824e1e9572561dd0245e697ff39ccaeaf81,0
560a22fa5bb394529e8a8020934580cf6e3c159e,0
2eecf0b0678d85493957032d0a3d4ccced73ec47,1
325304dece44c9a2e2c501d8d88128f0bae7a402,0
06372e91646249311fb1800db1f354e7fd3b4029,0
32bca68f091059017c7da08500a14a447421045f,0
c3cda2086b6542b2842ab7c81717c1bd1731e053,1
fba2cfa514aadb97f1167a7c80d41507a05c302a,0
74574bfc65012233d6b7352e4a5fc3843c00ac31,1
46af3d40490f2fb552e1b0c3aab6a4b98bd959f8,0
445d746afb0278dc81e92e5b8c76415c9a3b0932,0
96286a20cd9bf87ee9abe5ceedd1c4b14a84e212,0
895c71efb64b431eb0ff796049e781cfe7fd5f22,0
32d881b68cbd38c9d0f450cb99b0a7b47e22dbed,0
3c74f062ffc9555f553918e3019de2a5d654c51c,0
0bed051f75f26f02d6f14732ccf9f55327d10143,0
202664876f944ed160900bca551798a33ea53495,1
3f7191245495d3d0961d59ba7a8ff8f355b2ff9e,0
d5737a57d0e411b9c1b948a955d18083ad771365,0
86580e9bdfa84fd0d44ad9c74904a9fb720f4b75,0
db01a27193d200bc6d626f22d40fa2a441ebe082,1
b0a2bac6e38672cb17c20fcabc160105a52c0596,1
a824e7a054a79e55cdb234a60f610510308df699,0
062ccf26596574100f275934299ac930e3b006ed,1
68679da19593bb959a5cdb293d9a73c8bb6d24c6,1
a2a12c8843e6f38fa10e37fee08e8792926330d8,1
3a09f97e2e4733880559d2e6a37f28114ea79bea,0
cf1c44628c14588fb47e4b9c99670f7c00bc0371,0
d5b18289dd4289dd16b45c66d14802590a735bfb,0
a64d19a8eccab818b5b28d67d5ee8d7588968940,1
1798ba692dd1ccac5c32355e5fdb00bd35a00672,1
09d9248afa872dd12601a963a8936dd16aa0f166,1
7b74acbae8a2dfdd7c28759befc13219d1aa0c71,0
3e7d838536295dd3b3c96dab3dca556276eb3734,0
c89404161f345dd478df76117b3e97300f528cc4,1
cfbfaaa6b8100a9cabe4d3ff90cf31556dc73e97,0
fa08ffb718e2a5afe425469396f3ba86dea882be,1
c5d68da8eff736619fdf9569c14afd3e377c2348,0
f808c0713d9d6e36d9e1ab786a71d0d7272924e0,0
f0ac789ecfc6c0d8261d70564d2441d15caa80da,0
e83176f8f56304f4ed170cd163ff3b3260604ae3,1
c84026a4cce63a6231a6d0083b3f313ac52948c0,1
0f6839aa1e8d85897060c4c9e8e50cdbc34073fa,1
92bd89383200eab151d8477dbc6eaab02b72d450,0
fe93e8e27a777c3acda6a8c095aae515587e4e06,0
bc1e2405b7f8d1edce9f5eb429aa2232218097e0,1
af80e9b4701f43eb0354dc58088186a1a76f897a,1
76ad8b629b73ec6d3ce04e1760b8364745c2f8bd,0
0956a018d64a68c82fad59964dd7597f2f30e235,0
c843447f9cb348a1cf7755b5fc24d057a0703675,0
6e7e4b8435e37188e912713399c71af1b36eb8c3,1
b2e3eea8e13fa450e9556654ac082ddd38960541,0
630e685bc68c279b2772913b7e734186826ad098,1
24616915e3d0ed94dfb56d148b47f1cf01000c8e,1
fb9cd80313dafa0c9eedd28c44ad96f923b830a7,0
d20d46854843d5e03c4d6f792e6913f3ed0a46bb,0
e60ffbcd43b82d34b97b6990cc14e6423b1e719a,1
8b92f6e405382f280324f293cbe1b4b58579ca14,1
33622c33a1700d9483fc64e820fb78053150f0f0,1
1d55c353bd5ea9e5ad75b83460dfbfeef197831c,0
778b81b8824c3013e0cc3044decc559f8f05215c,0
742fbb5b04affab6bc23fffdc7beeee43242c254,1
b255a0fdd79ac189c937c20df6b590fc54e2ea93,0
173603f0fa33182be18f1e9b3f71fef000869db0,0
c0e725cfaec3ba60a5b0d337738ecd659228351f,1
389b490f8791f3c52a8a058e5b6b2dc7191f673e,1
dee1eed45a3388f85e1d14ce17ecca73196b1201,1
1d678f5bc2442c5603ef5173065a75706f77325c,1
2283633712ce1d2f224ff67165fe7016e49d5e78,0
c7005683990c08a82648976f41482269db95c25f,0
a242a7c72996511b170ddcb4e6a8cc68dafb3975,1
dbaafb0fdd2d2601a29593bc7ab56a8535ace60c,1
57c1ce942c258202be699fa678b08e4879e6f830,1
53ee935f4d2bf7680df19edd013b8641f94b2fea,0
da85576834dbf5bc1500793845564c1e731f9350,1
cef24eadf0c7dd0d2245969e75df9e1d79de73b9,0
5de1b0ba20581bd0da964035a59da934e903d93e,0
d9c5e0bf10f0ec86be1ab84a076fb81317843371,0
f45c3a276a63d59c039adba64c2797d160920bbd,0
7a22ee7a80ebab61742a092e3e4643513031a3a2,0
66522d1558859747674a15a7ebfca4401d7bd5a2,0
e555f54897257836617e89402f07d4c205ac19da,1
ce506991675bb3a456e0428835708bc5cab7283e,0
63e2606225c133bab1a748286383267a4684dd53,0
f256057c24a792973987c8a9145432ede22f44a1,1
d5abca0fe78c078963accfaf29446b22e53b265f,0
e6815ba3b222f73055983165d4ba01ee9879984d,1
ca24c4e06c3495ef31d95351e1b844f8ef7a811e,0
81dec57547e097cb62e8cadeee6a79d6f080b900,0
28c4488bb26e2fd09b64d3916176f517a8818e57,1
bafca72adacac0f65ef3d0b8fe41e982a75421df,1
ce81cf5d2ae86c8d2577e9697bb066e84c7eb495,1
610c88fca038d3df0d8eda036540f760b452b77e,1
0e4ef862bc02e5ae246aace6bde92949799dc77e,0
f2e20071d99443697f8c1dd68d3a00ee25cd504f,1
8eab496b07360e1b831e32d15ad815cc228190ac,1
71940b48dbed5b7da14adcea1805fe74da826f6e,0
288a0639afee798050ce080252c1c41038c11b36,1
9fbe25c7ffa15214006e417d8a3c3a78a5f8387a,1
da99ccda2b3f40bd494d7f4efa4284512ae46a19,1
4d7951db0fb17dd1e2c02676d004e6354ae3e44c,1
ecd606ec5061629fff7efe29da07057a80367c28,1
ecb9e948482aa7aed6b99ced0d4f1126ddad9507,0
7533e71a678ae014df4e0c879474114c68086744,1
bb17a875ff7efa383dbff394e86abc85d0ddfde1,0
eaecc3eb97a137231ed9c586a6ede79bcbdfe43e,1
eeaf2e5ac80f463b665cb9ec447f224fbfd101d1,1
7813a7e480c09d4c5a7bd5c902fa200de69d94c2,0
2d313852a436495c17b24287c3bfc6cf7ae23cd4,0
2c148e5d458a9a5dc40097026e4a64b85bd2956a,1
e235fbba805877b5383b81f6140350a6f71968dd,1
ede099ace99b53af8861588048b62bccc21e95d4,1
cb1ced2c313eb3edfc5b23d3548f84246998bfbe,1
0e4f195c3b790643f4f25822c339dc2a313f2da0,0
af59899316810b6cfe0fc8aaa86065bfa4e04a0e,1
646740c7745abcb2556f17298c9c159ce886ed8d,0
d9ad1fd0c638c5f0b3a3649a7393671c46a8da8d,0
be4110eaffbe3c23a37bcd7b1835f1c1f87fcdb9,0
d2468fd0bb763a425d33d28327fc22a253eef1c7,1
92900eb24987fda372659cf0cc4419c7744f8eb8,0
fa36adae4b5aa6dac719039af056fec63736fc70,0
65a70cce0716b7cce7a71ac52d86328dc7d5775f,0
98072a5f2305139e36cbdd697c495551d23cf41d,1
6d23dd59071b65030f7188cd3fd7034f31392347,0
d9378bf3d4af7dde6bfabb1478bba54b6ca59387,0
57df08e74264e28bacab1d7fb007f9bb9fdbefc6,1
46cccbfb1cab75a5dbb5e3c682afffbf613e79e2,0
c6937086b73731212d5b905fb1d1df7559a4158d,0
d6f50a097599fc669574657c0555a43536f83919,1
82d4438971b84eca143df4b55a43e2429bdc226b,0
a0f277d038b6b7f3c498df81d23e2309415f5ecb,1
89c990104c4c8076cf179441c323bb459943cfe6,1
76496987fe1a6aa6155590755fe9a15a647a4cd8,1
beb52980011f5b3e8dd69d99dd9cb3338d42583a,1
1e31f7dbe995d1c1d6f0b8a051fd823cf137da13,1
7907f2be1f0ede20c1163b8f176cb7e738124924,0
449e768a42d8c2ef805548d4537474d6e872955d,1
8946b63e449b5c5865494cf73e8b234aebc5cdd0,0
705769d306d70261eb4cfa484dfe1ebf99795035,1
a632ea1850bcc647828844e42227b2aeceeb3f3f,0
08b00722c8a5b82d1911bfcf8cee199180b4e271,0
182872c4c9d27b3d35211b4862755c4b41da299d,0
26281a04a1fddc1be708d5d63a6a83f5705f9a65,0
997d4bd3e70c75a36450b3a0eda79efe643bfa19,0
c8465de8f31b1732e386ab74cba5e4ad4f9103e9,0
fa70d4f6f6b9063834da5b2a3722a4600da146ad,1
23618902892d71eb931ea54647dbcc6a1d7c69fb,1
e71d86934e566cd7b28ac27af92d67576808c79b,0
252061875f15ecd36ba388e0f8e8c7958fd1166e,1
00d2829488dd886d1a4b1fe123d69602c5d6e883,0
dd6ada25933198f8b420c5308cfa7fde9b7a7a9e,0
ece119a5454ce7e510af832a0fef4169dbfe957d,0
68b3a51be7c3773180dda4a3b07e6d2364aa5cd1,0
63b4653bb2e5d69db52feef16cc4d4b26c631a9c,0
74a7e8111a9e2348fa81de537543200a85984c1c,1
18f317284741e8d19aba1530158212e9aad3e47c,0
62308ec130b78ef56f78756710c61e59f514c581,0
82828fb790bad0013db4cdc5b40b44687861e0dc,1
6539f5345bfb66ce7bd5f79ce03e374f9f2304ba,0
29d70618e520405bc3cd17323955f2d6e50f6c2c,0
ad359d41c4d44412f98c42c500906395b9213413,0
260f646d755c13719cc1a36b75dca853ece2ce8a,0
bd77a071b707beb0510a084a4d0649c8b0fe1242,0
51db8dca41e0c27781cb37dbe2956a0328d9ac61,1
2c4cf32da6775e6dfbd009fb76bba7807f169bf9,0
eba684a39cf1508737ce7b39041409da9bc4a5f7,0
fabd207ffc2f1f3e6de6f55a742e0c47df32b604,0
aba7e9444bdb32fe39de89a6aad4e63c0457f332,0
572561e5d05af1eb6180dce4d914c118512aee8e,1
f3323537f579b80cc3a4d8ef02418fe3f1d856e0,0
ee505be5b1f8cf789a0b8c3ec76a7ca0234b2173,0
ca941123a88035f3491309dd4e01d6e64a58c0da,0
3337a3db822673e5f0695c67117a29955f479147,0
7ae55c912819550898c3a4ea866805d8eb381631,0
207154df6fd6f18f7ef83cefd4adbe108443c3af,1
9fe51a0ba0a36f8986723bdb8fb8c8d54a634c9c,0
19b5bdb777d4d5ec489a6043075184165e8013a7,0
416d92d0f6a0fa3735e7fdcd274276e9591ce728,0
0c7af505f852e556545cdbbc8a2de8f48f1f69b9,0
588d27fb37fde4a6e19d698f474ec8aea5055905,0
df2ac3dfeb1bd03f062d6ff3abfaec10d1babbcd,1
6a76a473c4cc4c7b97c4769ad5d852f206ff5f22,0
c3867741d442fec81429175db6f8de833651671a,0
bf4a6d3f4a203bd555e550fb61e0cf03c18fee5d,1
8375b5ba54952f1d733b1a1bf52414fb33ee3aaf,1
a7f44f38dfab09b844b1dccf1c666354da05f6aa,0
4b26c6ca58a5526838b6350b6ad0de9ab6970596,1
b9169425361f4b26d890475a0969609db3f500d8,1
332bd6bd02b50c710c05c793ff12820d9e2bc02f,0
733a7fc9d014fa1a6a3fadfa0fc0520165d866bb,1
6ff9915628105dc488d22720cd3aca19d7f6dfac,0
422b62a656c0d61e556391e0c4aa762fddb49208,0
89a38337b01603862e3a6780454bd05bca2e6f35,0
7ca573915c90dfcfb0eebad81ca77c6bb9e73afe,0
2c253ee19c38610a4d6cdd00101d0e1f1c065b59,0
dec308b0f240991a395ba7b4b3cc24faae0a27af,1
e68d54ff26d46123663afb5b635a353e5a244cf1,1
30f5ffac5badcf2213c5e2e24c3de1c79610f0b3,1
6d32b0acf633f2e6f00a022f17958133dbf463c9,1
5896a2bf7dc065bdbd52ea803913b0da03738df1,0
35d9de89270a0e6f34fcd02f4698f7a2410d1bb9,0
28ca7a110b18d64e8d6fea82397f22fd1ed14325,0
9b62d2f7640329836a9f518d6bc91f28ccca01ff,0
9251f0a5a7f06430efc98ec5a93a99cc5bfd415e,1
b8f55316ffe0cf951b6c92cd56b59de48d5fad3f,0
9e6f6eb2ce40ccb6aa92c0fe8c2a1e80c4792d1d,1
f330a897b0215ae8b972834bcea59682c6114a66,0
13b5e360e67c4a564fd3b6ed375da98438667199,0
da3b128ff124b8ec6ab29965700a387cb1327cf1,1
96530aad87b7ec277d7df8341614559fde4535d2,0
ecd97e9489674229d79b362727574a6ed99cf7a2,0
9c42979d59b7545b3513fa422b8809657118488c,1
4725a2a4c7b1e163f43351b7fbcb2f606a6499e2,0
c4b899f1b3d72528d17bc615d1b8145260eeb4da,1
70fd9eb39cbe395d43ca4259744fff63b7239bb2,0
47c03e1712aa5ae7515d96e9586a79e26bc6998d,0
3a3b368a2f6400537c8aa615a190d93153982bc4,1
b3afcb1c2ae7af45815193e7fd94b3d234a24180,0
a44a93319efd9a83adb5c8f5fffea1d12b615490,1
fbaf4e5eb4eb0b1a7ba8c4a3ccb96ca16882a044,1
9ba1fa513b678f023b3a51e5f118090fc2ec2354,1
01a583338bc71380d6a65eed0550e491e732ed1c,0
09cdfbc5e7afd2af057d754020f0ffb22dd9bae7,1
aa6ae49812d8e5dfe7fc1dbe822fe1953b84b145,1
01a7d2a1c305008aff282154c4ca2ab92dac982f,0
c78ef97116b13ddf94c7b0838f88dc0458770306,0
193cb6fd4687c1a4741329dfa02a9e32b8605e0b,1
ba08a33117f6e94ca04ce07f19ec6d2c5d5d7fc2,0
79eb90916bca44ded74652a1b8312455681c0c13,1
50d147134be582c1e411926fc16005eb16aef427,1
ebe2c8be475e1576f2eff5e5ee1c935535b69578,1
2c230d15f4493193fc628d1c86a821a353ac7dd3,1
041e9ca9ee19c26a510763c930b5c333683fcb64,0
263bc4fbb997d65f56e55554e3bc92b931386af0,1
8cf0c2b9ef45fb1b5cc7a870e70b5edb327e1277,0
dcfb813252405cadbaacf296f26bdd75d2d08d49,1
400394dddcb21fa88e1b3a37b0f653895b446813,1
9af1f9f16186a2e73b7e770a034f30046dc9d804,0
e0f2f26c3f33866c681ad9c5bc3e626412806c9f,0
9a48c3170d6aeddb8fb8b605e9e3d1f403b39d29,0
4e56ebcebf001a86f5f83cd1e25697739eae37dd,0
eb26444655e5a8353e946dd00167dd2cc321ce5f,0
5ae47ddbf5c6cab9aa82f524c275df0428965e4c,0
65b3b44780eac619f0f64fe93d4c6563d87911b0,0
76cc3d192de8b42c6c008d5cfa568f338bd6916c,0
cbf6ef6ff688f60831c46b5a3c84d99fdfef3f69,1
696875ebe8827b978fd58472d6abfbb0f916b057,0
b6dbea65d04663b9047597c987da66e72c3f16e8,1
94ca409b4491ab505e325a7c115e25a101bc351e,0
fc695553b2862bad3a6940ebdf36c2f55ab7867d,0
a25d8bb0994be29caec499ac8fa5a3657471fb87,0
d0cec19055fa032db1e42c711917868f399be1c9,1
c257625780a3fd5a25c0c6ed24491b14d7318d7b,1
1d795e54cce69dd9702aa7ac3779d005fdaa3eb7,0
9b5ce7717df2f5613e0bdcc3898320281f18d2fe,0
90f4038b2655b6cb6bf9e4595103005c5ff38ae8,0
26619774015162d13b64b56b164ad5330b7f49db,0
b0d7250e9d52e8a4e265ed05fdaba05002b8a19b,0
b1afbb5a9022e4428d0913ad648b50bc2997c349,1
f7dada26d5635054d9b03a22f8bd3ac8cac15afe,0
03dbf8705195f7a841153370f8749df0a5b7452e,0
0e3aa21b2d552c9e13d55111c10e99832a24cc61,0
17edd5e848a036b7f5c804cfb48e88ae4dadcc25,1
f92ecfafb3311bebe22360c3d34e0e0acd159b1c,1
a56620f0c33af679f9d8c12a456a1c3cd21e6a13,0
e8299a71fdf2d666785b1b41eef69b937ea73017,0
8873059338adbd79996fde0fa9dd28f50c59d319,1
b5e28a6e45fdafe16d28e082c70e93a9529601b9,0
a942ad1fbe32f34a40f193395946b6c31b828d65,1
933ac4b4d20c6c3ca38e3b8cf5695f69cdea9119,1
60a4cbf244e57bf2555e07ae3b7354713c867149,0
25c87f065379047f20d92d0bbd70c61b03e23ea5,0
f67103559f154bfcc010020d0f89a921b4db7837,1
cd8109569176cdd9dccfe47c0770259ae689e03a,1
9326bc52e194e69c79fc28b7417c64b8628e1ad2,0
ba7bb115e5bf241f6e3be71a00a30be1febf91af,0
da847bc0f9850b71487c5ad4e3ade718fca94f83,0
08e32eb22923dbc626b763b3e208373cade2f00c,0
154d3a15bc73ccb38fb43ab4e9c27c5c9a42e788,0
2e702683e6e1779be132ce90ef5609297afe5854,1
eabc08d36860d6fffc83fea9c4a1f44c7a8252d0,0
52e989e5850eab757e07e69a5030bfe9e9d59a2b,0
94cd3c9cb37aeec7a984733fe7a86af0ea5e56d6,1
e41afec6fe0d40ed0d5c03e93dcfe2ba3ae2f323,1
677646cb923cc77a92727953671ff81bf2f20cb3,0
4095a9d6fdac3d6c8bfd67c0d583f0134ef848a6,0
c8189b64b09f72626f689c22c0c3ecc8dba7afc7,0
98a8733704c9b44c067c73c835030244f4c73bf3,0
d928145e2c70493f7e06a0e5bfd3d325ead8765c,0
1dfed47a07d925b60cb4616025d399a9d6390606,0
4b9619279418b6721dde1a15f92e6fef0228f03b,1
058784dea77efad0df5bba41d0988342fdf43370,1
4378666ac4485a610bc051fad5ea2ce91c93ff83,1
cabb545d6499f29b65e12909781f3c033926ea93,1
dc8b7a19a4f63e932d4f0f893524ccaefa73887a,1
63c67d9e9eb0b65c77407ed8a2db39c9a9019ceb,1
feecb46cf3c29a818fc44928f320968116606574,0
bfe6df931dba646496228d662f8e0ef039ca7972,0
e30c09228fd874b935dece2d2650bf2d5c2e88ed,1
66527720eb0e90de231a67a3b511b68f8564afaa,1
7db664db42f2ba2ed2238683039d0556278547c6,0
1d1573cd0e3f94903bab6041f8921a0cffa9499c,0
e3842cc8e908fff8543acb3790719f02a0d7ddc2,0
817f3988e560a1ec4eb55f8081727b910f0d5838,1
7859e339379700c2c64116709b12ebb4a18786a4,0
b3fd8c60c46787b46d0c167fc48ede6f83936f17,0
42b2f22ff8ab69ca34c94acf305c9801370e11ea,1
847c7be4890a131ce0d5924dfbff02f8b1253388,0
9341c91caf5b45ba58211baaf3eadf7a46aa2f82,0
3dd13c1136e5401e383b8396897e95886fd4779f,0
81dcf811c8dd7d50dd371fc241b71267761b9591,0
f167481ad0ff20cbb1989796d057069b4c50aaeb,1
bbecd8fbbffa70424643534264ccb020b71e4dc8,1
19b6ac3d8d4a65b0daf85bec29605ef0664c38b6,1
227ec90c1131a0d69d15b144582251f7208f4fe9,0
664276c7322c2bdf7e515df3a0015f49cd5238a9,0
1315140ee3954fdc7e2f45cc33411911a6e64529,0
6bfcec84b6282a4154a55e307d5f508ea60a6b22,0
c485f8de7292d6bee485850f85a07521cf19457e,0
10ad33f8171eee349d00f45271f5d7f3888683b8,0
c59f9c86d9034ad444e84bfcc4d544c601e09c4d,0
4d9d4fc6e7be684b13573e1e398c7aa09078b94b,0
11784bf9007235c8b01b6d9521b96eff93d39f37,0
2313481f7b27a527457c6b6ed618e86c72fa5c58,0
835cee3f9457d97bc469f82ad835e6e60da30ce6,0
d6a345a5abdd5e5aca5e5c4379f96f7c6a13ca7e,0
15720a65dcce3e8cd5dd30f2425e15333cb443a6,1
f671c84cbb83b213251350bc953ae7b2ac204ebc,1
58c368e83d62804fded5beafb626e3ec14510edf,1
236e62902852b4b59460f3769bc8d559d4e53101,1
801955c5fbe112f77cddee6fc560d0bd410c2016,0
c83eae0b0df5d11bf30fcb4f12ecdc51a6a18eec,0
f94415bd32ae10322d0e610a3b265643c6700f44,1
12cf35638b053b7e1c836feab585d5da8c79e2c6,1
4af9542ba3797fe4a373ba3c69a592daff71c64c,0
9af72f9a76c05835d11a08405591c3918dcca655,0
bb31813cac03e38226138c4d750ee0165efc591a,0
5f0c458f04747d7c02f8d5a898792d02d924f7d5,1
7dd3b4ef3079cf2db489ffc7d965fb4d5dec4fe3,0
56a56b5ee0c02c08108910ad242c1b1d187e8a65,0
190a0129b97c607aff592f45ec02587cb8b0d8f9,1
1c7964d1709daaf3c24ad0ed02e92d116805794f,1
f19a3c3d6f4f84f93fbe75e365e52ee56e8f0728,1
fafe5a7367a3f8be36422f4c56e6e06e5de291b9,1
95df0e410622ac79f7fd34e49cb76ca540d2154f,1
4a0e0cb2a13d617966850dfab152208c29f29e83,0
968fcc561d16c3996c112a8d6e894da03a4ee62f,0
9ea9227d012ce4bc25eb0513aca72e50b5909942,0
aac7bd5654c9392af6f8de9fee3710b0809d3e87,0
45bd8aadeae3dde6cd10170daa4fea8fd6e297da,0
257c2b0f1abcee03954d3d0b1f3682e0e2ac5860,1
e6f2a994c62bf48bd9757174b84337233d32c5ea,0
0cc36d4e45df2bf39eda116c35ebc058f06a1298,1
8d7de522e152137505fc4b3a4a0c39b9130a1b0a,0
11d37ad204ae637a5e0f27d85a1ec1c8f030c306,1
cf7dc092ae4ffeba0573f753d359716ccccd7cfc,1
f149cd2160d8bfd4e8732872db7be1da15137303,1
b12936d36516ea6588b6177a067b075d108a22e0,0
5d0e1a7e42561ec81874b1283573e2d695b750aa,1
458cf99aa65b3c9681b3601bf59f6f8a7d750939,0
7867a9f580dbac2a963e8e4f390a30cd1d9494eb,0
e0056a52de6bbe60e9dc2f812f3f803e22c1278c,0
36c505822a36466481ba79abf2d0a81e077070b7,0
a8aa824dd474af8fed9aa2a57ce7a1f72e4ff43d,0
1b16308706e7c0dcf2d670b204caa8242dba1738,1
07d25acb6ea9793a8c9c6735965fa70d6a135218,0
083423913545ebc55f96a399b3204c31531d7e4a,0
84d2c741d5d789e6e470b33afc813b2da90416ab,0
f47d0cdb1563c12ae661ed7b198430a3bc6c44d9,1
dac9ba354a2ef6527361d030dd87e78005cd481c,0
7bf051a9a2b653c051173322ef995051d9aa0d1e,0
f1d15adbd8cac872c08005d04d2e78d674741570,0
f30224096b6d36a1f821ecc8172b8dd1ef4990a3,1
8a458d95e6d1b47188d5e88063a01b9644ff58ab,0
ea13fe0b61b6cfdd7cdfe14d9f72da7dead140c6,0
a65f3fc474ee442427bfc2b2a5f00f37c52686ec,1
25080e88067e3779d452f726cc1176131e475760,1
2d66bd5e28409affab541dd34f97808c302eac5d,1
ff5ddb79e40d91d0e015e17c8529746f11705050,0
3eda6ab16d1edebe3ecf608ee2b14d68c68b8666,1
e5704db5acea603965617627f83ee78796ba877e,1
5c0ddcf51d479e45bd46313a34e2a10106581ebf,1
9ac2c7cf489c10dd6b8508dac61cd5999febfb8c,0
224a091b8cc60a8f019cf2f6dc313eb0f38451de,1
36e0f3c602d04d9091290c7788fdc5e82c789e80,1
f7141bfeae2d2b8487bbea3f75cc1c3eabd395fa,0
53ec9ce48edc8a6f3dccdf227eb22397f873a748,0
c5940a5cf2be0d7adbda73b36c959880e0927c35,0
510a08e3d3ba219ff11bc11eb3dc315740d8643c,1
ec0df817b0a1ac5cf6a35542afd49e7c176a3d0c,0
a5d45130bd7031cd86d1561f2535cda8fb050621,0
fc0f970fb51c6b8c2e81b99e82ae9b6d64eba6ab,0
666447d6be4807af5b0e4da62b6ed305d25766d4,0
c42a36912ffdb40265d728fbd93b11eb02ebe7da,1
767ea4dc53b3854e4b88a72c8138e9994235d490,1
4c8ff379386a3de5c00eeff6ba93108ae338e2ac,0
02c69ccb973440847783e055583dc6e792d71f69,0
dc88106f739018861afef47fbc99094dcc222836,1
745698ba18c8400c53076a07612a98b613362d8e,0
77b02f9d1b5b7452c1e8be2a8ae85974a1d3be81,0
5beec45d707bbab3fed0d8581840ee455f426c06,1
3d6438f45c4171364659c00ca919b2dbbc9f5a0f,0
ed864324918d88adc727fda3e45c3ca74f20ff81,1
891d224d8076c22a36bca2ce750abb2441f3c3b0,1
379fdd6b00a64d65513279f1216a0ed6cf169668,0
4a508dfafcfadd4c9ccb37ffb731e6bd8e73179d,0
3cfef17fe06c549d6592ef5ef6730bc869a4a6b3,0
4f5855f68f32a2c43e428bb4c38b37620915e24b,0
5c247a20786eb91eda6518e09f992d45307a23f8,0
d1986fc3fa03021f481e7a627c45f9b0a0750e8f,0
75db5e454185fb5c4889eac7cde3084244bd5fe4,0
300cf349977862bdc9d3e9349cca166686363195,1
8612ded5fe26faef4e2e478ede448d100d116d0f,1
5c7505524ff4645d6baa2ea7fea5f32b99b35be4,0
2842eaccbfaac06490e837b9c8f2d10b0ad3631d,1
70abc53731976886434994384ea6880752b44b57,1
dee66357f5dbae359873784be2abab4e74c01c1d,1
59728fda1314332368636f5e2e6e9fbf44eabb61,1
f77e481fe7a02d5d0642121fd7f3e74465404fdd,0
83a609de2aa50280f2439f02a7394e35701710fd,0
14d006224cb44f613aeae2caeac2ab2ff294f064,0
b5e681d5dd51afd5cd71ef394e5f05163eae45ec,0
dbd8a378ac69484334a39afecf5907b96a56a572,0
5ff0aefe3c5207a35fceb5af71b3db051bd17c39,0
9ac5098d4a9bc874185e14d04486807bb9d43d55,0
4457eecf735f7604b8ab20b801ea37fe71c4be7a,0
38dd7c740ee1c23412b0384e5dc262d1f8f1e3a7,0
988e652ebecc214da9a41d1081899965073f3f3b,0
d360bb07018f51e735a117e3d3b061e0d019a011,0
9ec7309cef64ffd9ce4fe8322ca5e2ad6abeaaa7,1
fcd3d23428bc08adc57d30855ee0dae98e318e10,0
8d280dafefde51a60803d413d4a3886e9ca9ffa7,1
fae023976e7394eae5cc70ee767fab16fa691307,0
e49028a9b05ab4bf4914f007c51b73dd8c0f7101,0
306a4c3232d30f3732b4913c28d4ab11592be612,1
1729c27e59a37e5ac4392e3edaf5b043096898cc,0
60df8b3653e5b5ac94dbe11086b09c5de4eb0daa,0
1f9a89a817d2de52ba848c95f044ac9d9c432988,1
610bf3e0ab1bc14af85eb42cf46031a3fd26f0d9,0
cf415f2a8e6a9ad4280e2b0026d5cc7ae1cb47bc,0
a927211499dfbb47cb315ff00b0763bb81a17155,1
a3379fd0f803d46a173f68ff5322537405f061d5,0
75741327307a037dfd9a0e08d01448845cb2a2bc,0
8a30478bd2f22e15963d6ccd7c3d78014ed07bec,0
ed4bf6b5286de00d06949a96e5ce008c68e3e1e7,0
99a28f8a5f4abaf739746f6f6198c122a318311c,0
74eee7ca173dededa75d64e6cd945e3cf07fd044,0
dc7a90eeb1533b069f213705a75df095ac11ce7b,0
52a7f91b171f57b3767252943a114360c6dec1b8,1
60c6b44bdf54690f94ff5806aed0633159edce7b,1
4897427909f28084c812c76714261ee937d8890e,0
9998e160e330c4d25060bc24b6690f0af6aa0b69,0
2caa912d037bf9d518cbcf0b92fff822e555509f,0
74fe7b9d4477af9411582b02ac1cbad661281c56,0
8f2a94856174eabad8082a9e849aa9bb342845c5,0
f37f08164b1cecbda75bd48507808fafd03cacbb,1
7a4e1af79cf1eb78aca4b38b8deacf95f24c9c60,1
94ddc41f5afe56f2fb43f39141c409a7733715d9,1
ec513dee6b0e06af63f234ce1a0f62002f944ffd,1
c6545b29f662059a64c9e1efcfa98bdc5b3edd1a,0
b2b4d337b1b5f8cc2584015ee75e35ef20b23a3d,1
775e0367d0852ebf85aa37cb6a414d5749c5b430,1
d217f6d13cf37ef86818d6ffe43a22635f4e17d7,1
fc8beba249e1835339d1d872160e2f008ee98b8d,0
42a2e3da9a2ad3f25ae74f23f1d09ad5cdc43ef4,0
0c33d48a215db06182f86d97ee0ba4e626470d33,0
54a8fee09f0a0bfbcf80f1f877ca73c77fcb8c98,1
f77895585546e78269a6eab32b57c09012d82431,0
0e6622c9f9e885adbba4a301db99b5cefc4fad2b,1
2406a1631614dfa98cf0f08e06ef3ca7564b633b,0
cabe6cc98c3f42a7deccad89e7635c6d00d38ecf,1
752b5181580a26a8408dea58c071bd5571867c1e,0
879a73fd16fd2b6e8792e98e0c3e2f7b960acf82,0
68cca3e456b392324458cc1749722e6e5e86c1b2,0
ffb739dba3ce3a46d018c586f92e77db4457d0b9,1
c22177c0a170e70de9d5964e300e7f2a71466582,1
ee9f04d5622db5f2fa4aa6ed5ce656688ab26129,1
5453fdfbb79688451130fe6af9a95c73046c56d7,1
e742bb6ace9c44de0d7ace3c6c51ab3b2bb976b7,0
62a5d9ab974703fec58184e1450c06be9089a635,1
f77634dbbd69965f1e4be42f43ff818c8fd42c2d,0
282ddc3f025fc3a818b46445e35cb6a854b862f3,0
5d3cb67d071a1140341fe7576fe54cc9d1eaf218,0
beb31ee6528995a8f39df13744298516f10d9c0a,0
f16fb72e95cfe59a137396c641a9d89dba0b29d6,1
23e64568050eb0171a1cc56a730627984176b79d,1
110b1a741add290ecc8cf6d198fdf80ca8628e33,1
5be94e8523c5d495cb7e081d9368748d3003a9ec,1
f0b2cc7a611bf0265a850777a3a7a84e47929b67,0
50dcce05fbc529428d23c40fcf717530f73404cb,1
2e8fbe3eb390efd33f560fad07ca2bb4160596bb,0
9811cfba2eed2c50303d46454c0a9613fefbb494,0
06b61e0e435d82a28ebf4c9c9952c6df3ab01e6c,0
508c99c41fc69a6f68130a54a7be9c172aa3c36d,1
27458b572a9db208949b104822490da2d4b2a4de,0
a0f593cd953de8ed95982a7a1db561b5536a3daf,1
ca57518ae548c4cf26832cf5e2465a46aab10b79,1
f5c1681ff179a5e47d6329f582bdfdca445c6520,1
05ebe1d9d89c127b1e74ea39c4a18f5c5ea70335,0
8a795a4a5ed45c304e2f045f3756ef3ddb5ec309,1
3cce339d455e767ebcb21cdd3461653c8de1f4e0,1
9fa3ce42ffe76c22d43663297f09d94c117bc1e6,1
38f987cf7e0230efcf4aaabe0fd909b78486c5ae,0
06833a14604379b206a1740df59399ec31e28f92,1
28e973115351dfb9223a8ba3db3da3e48df2390f,0
cca08560522dd91248dfc9b0f9b946f667eab0bd,1
5fad2f3382f81578bee3e28488c1ca7cd1f66f99,1
4d4640c2287d60766bbc34911c16d282752432fe,0
483b54c508a321e04e0d896c0eadda7c2cb8b4fb,1
87932722cde3c5614928c577f9a8a348e8d38aac,0
7e204f867a5f2b560c9df1d5f4889afeea35e667,0
d4cf4c3560492586662c71d136abae2bdfaf2149,1
a5a577a968c82654f1c68b706fff0a3a60ab3759,1
081b7687cb77a09b575c3a5401a5691bbd5a038d,1
5b13e32b9310a5948ec0b112f6de9e64c43e4cd4,0
3b59ee990f70ee3647fc3a990de0ea04438a3378,1
110308a6c6a36bc1ca4d4d57dddf9c5d3faf1e34,0
f6abb8ad02f046a80c345689828371e26e70de10,1
2db15d9a81c7a707b6926a859b9198b11b9d5c86,0
ed52775bab01c79fced8e020ba586659f6e5567c,1
0f2cf1cf798bcefecb540090e82b50f542497e3b,0
cc894d652f098997ce15dccccdd430e181ba8cd2,1
24cb0e5c8303d76a63e12c6243cfcd084f2e3c79,0
bafb2aa6ac3429908ec5ee287849793262940022,0
e7f59038a8a6b2a9a5cd5ca87a237def62438b92,0
629586c40acca1417abae79c58d05fc2859680ff,1
c0290d25854c58ec30b1d3ca7c053482db6127c6,0
706d55752cecc8d8a441862bbb0d99091f0e159b,0
8381cbc4f15bbb54a3a973840121d04582290be6,1
479201b9df20a13b9bb0025bbe5032144173fb1e,1
fe3b2e49048252fb35694db68ed4cc1ea84e6874,0
c3f915a0886d37be1b62162e3a1f0c52b16f1ecb,1
a71dd97f415a7496aa790b16cae15df247faa60a,0
7e1912b19b3d052b87b0098d3f3e9a926099b7d0,0
3535d0eed709c65da83b36f44e445eb05affb467,0
3ce878132e1150bf33321d275c6a3e963366e9e9,0
eb4843a1a778d9aab73c91b550dc4cf94869bbe0,1
ad82654c169229a9a41db0d905de2563d9c5f6eb,0
2a7a9bae4c60393fd37a56106b5d4c4394b215de,0
7457bf559170180410c864291610b227e69fb548,1
054fddf2d1b009bc404ee91a9f6b46816b2eee3d,1
4d09bb37c49e744c674173416658cd4916ba079a,0
4776ba888a81b9faf0a2c7d9541765fecc1dd5c5,0
4ab5744d90b7b8d1df6a1d57be98bed343ad3572,0
a27d4252e6cb20aa32c020eaa873339374041a85,0
9fdee1ad1485612696d5ccf74a07b96fd23c3f01,0
43d85bb451904a8e07e5ea84f9b218613b33cab1,1
e212b6931ca95bd95ff242f343c76c94407b3be7,0
5c67130985402369b727831243c247235a5ae1fa,0
549fcafa53ddef97c89c2a56e19c4571df8823a8,1
81223c69de220e7a91101a52fbfcdf6d82f5cfc0,0
39e0b5e8fe576be14ed6ced631776fcf5366eb5b,1
1d2b54327a80fece0023ad6367dec88c9184ae8b,0
e14903309dfe94dc12411468d951cd1bb41b126e,0
91a52170f3d2ea485e14576413a4865edd08acff,1
f4bd4d34be0226db81a896ca4d6c64a5296ecc9a,0
4cd03dd1fe04995d5ec179198904ee5f1637647f,1
c1ecf2030b0e41ded9b5a984ae509fd657067097,1
6c6be2a2cf3cae6fc8882389023ce92cadd47708,0
647ac23517dd9ca136186b710a8d45a71ae9e348,1
c20ba51d7c748b691decc59a27a94129ba79f724,0
355c6b49df6e4cbe0288dfef14890038097fab7e,0
cb78c0214fbadc5925fbb0473956bc9913ab5867,1
c8cd7c4e32ce50ac553d6a30ea01e97f262990a1,1
d0d8d2936c98d81a3ea4f2ead91f62b2aeb4c354,1
85887408501e25f2ccf09609e63c30c46ab71aa7,1
21923a35703a1c5a0ee5e964a789ed1ea6e54596,1
ba9907675f2aee27f820bd368526082d577c010d,1
076c2453cc8ad102f47b62f7dd365050fe23d9bd,0
7c8567e053bcc76329ee8faafd71e161bb0fd56e,1
b7b4f4196cb24ed083a6a672cae31425451c3dcb,0
66b9336d612b45ad263caed45485ee5d727672d1,0
d1b38ecd8f5427661867193a404ea2db32e1ff9e,1
30943d37e781dcf675835cf4b200893fdbd8d21d,0
ded430dc516d5e60991fa167b639d629590dc5a2,1
ab408d9880f931fbbf838787a4e5c8e5830cd3ff,1
bee19591e50099e51e067feb42fc6997db5edce0,0
35a4124ebf10b4a20e660490a0e21d4218892e84,1
5c23dae89be649d40bae41052f29457d6f0d80eb,1
4d7c0cbfd4a521d20d097c095236f2a6a89d146a,1
a3e1165b6b69ac266dc3f12c31d6a34f0b63f2bf,1
5d584dcc09149e0253b85175c5362c49fa9c2aad,0
3193a632c7fd5f1a944477ca2647778dd4b11def,0
492306cf2de35f72a4effd9d6ce5ce4eea0df7c7,0
af22b9524c38f13ff04716d3c858aaae14793608,1
6e129a8c68352e4705b47c6fadc0d84c24abd7f4,0
f697c9fd3ec648226b444fdfc57ea423160f40fd,1
0480681f435af7199e0bb4358f8e2f4872412e43,1
db5075a83cbb5204e929620bf4bd5c29ab8da84a,1
1d827733481b02f3fa52cda07eae47cdd517eb43,1
11d427ea4bd2cabe4da9a283460bced99fdf2ec4,0
6c30918bd032b755896ed2feecb085639e620faf,1
b456c00f8b95fd4da8764a26940bf17548abbf47,0
777b34274451e03e4c5040380f15d8ee19ac27f2,0
e5968574e16f8e1b96602f9880377f5feacbc871,0
259f3cf187d9461ac14dd27ee7b7938705cb2fec,0
10611c15b3d625708c3a9613384203e1a4c7647f,0
a1e2c727dde3a177fc79f734a618c96de37cef81,0
48533e236516816361b42f12216242d8a82f01b3,1
2857b2bbfb55ea754fb6db0c2246b19381aa7bbc,1
5797672d59e2d606e5f388ef3926fbc8090f85b3,0
2ef556fba1ebfc364d34a650069ac2fe14902b0e,0
10019ecb36df8495bbf91eb3319ecaefbd58c693,1
e733d91ec3fe757f18c19d4ba9e30e25e9a597ab,0
bcba59b23266a1a9a7a3f3eddd3794a130b018d6,1
27b903ad6cf407635039c62905f49bbc98f0f38e,0
b1aaaf5b749fd22c75f6af3945327a4e12cdb3dd,0
f8dbd16723e0c1908a00e7e433590f44117799f9,1
04a25805cd545e60b79963e297997ca5a944987e,1
b428c160ea4a0d5a38487d4e9ad4b00d767aaa35,0
b66c43d0aa27c55e38624cb832d8430d28e787b6,0
31451593d32b6b0ff3383346d13d43adaac8b3ef,0
47bd5e04576260e764cf94f0b0375b8b31df37a4,0
4edf8c4bf71ef3c0a4de90d8c5b2223ec8ef39b3,1
7973927674d471c911e8159bf11b2b04701fa438,0
38211f7d2e50abdb3be35d93fd92769822f05529,0
f6c0a86cc8f6ddcd489de76dea216759633b2a1d,0
d6c0a2ecdf7efe5de91d2c909364700c46c7fd3c,0
15d4e6c37a3a9df2a29a3c924be9578d979d305a,1
29656cdac73b4c1567b7157903fc9a9c810a3226,0
46cfe4673db8bab68825bf0fc449637b57590861,0
108cfd9945707b83f0be8c0d117f4b1e15e0649d,1
f313ddd22366e3660ff28585196129ddebef9c64,1
a1988fb541f348735efce6952948bfdd0b2582fd,1
028484bbbfa18ece57b0f44019911147bf5a2f1a,0
ae0318b031c6a0954f007947a6c35503ce3f1722,0
63423fb999cfe82c83f76cac12a206198275adba,1
0e20351402cae671c6b8a0dcce39da9010d496e0,1
41104ceab4234eebeeeeb8cb18164ab80b503b9e,0
6491d568d6a9d253a253e96d36d1f844226d340d,1
54001ba44e7f6d3d44d57a98e8a96023ad1d893c,0
08c13ce5fb0ffa5dd38e451ddce4a6ea064a68de,0
02afd29ae5c05c5cee3df582876d6d5eaf840022,0
68dc4e1703ce406a7c96dcd69a46f1965e5bdecd,1
5e5e0aeb2d608d4e62fc4a3f08eb705d8cfc3980,0
5abd976b3f65c5de223de5d5fcbd763872c07177,1
a82042bdd9fe0344b1d3e9755d5651076314e03c,0
d5625165f2906ece3cfb7e861f913a79391a44e6,1
134a266be0abef882025c39e366186b852c04dd8,0
c64ece8fb69f625126cae5242ca8bf9a3c653764,0
5fcedf5f7cb2dc84ad651827bbf538553456daff,0
d83b9e45de149dcc10414c6cb1bbd610c9775c23,1
67739d1b6003f0368a04a2c2e0c8a44dc8deeeb5,0
7e724f321bbc979e79efc1135585675c78ea9db4,0
0ce1d5678839e35d66c5450eb480dae62ec051b4,1
f4ac729ec84f49ad945b53622b732301c6fd053f,0
c6bed889a6a1e47ce1593c3fc7e1f392138f3068,1
d5ae0bb8c9c0eb7f7c3634b08541c877f14f6386,1
e429fc92af3b7af790ec4050bf303537b6dd061e,0
4c3a1d2d4b0d24ddb03c6398bb6375aca2314025,0
c6ce9d01127a24295b56d21a29e72430a6396308,0
d407936b0f0b210108d218f39cbeeb776d51272b,0
093614c974454ed1893d468f5835990401ad53e5,1
64754d0c8b28db412513572a2c1e371345a5dca2,1
5d5e4d700df2cadc9750b09044b66e6d48e707e0,1
af37cb848af3a72edcf534a078b4745aa6b79e7a,0
c452f41f337f20b5c0755cc01d70fe4fecb98a96,0
373fd921831cd0ceac5fb549e5ac54dd8a421b7c,1
77006addb10044b53277044b1051f37bd096cfce,0
afb688212883e5e5a5728baa3a352420cbafe4a8,1
d6adb87d65eca0f2975cdc411b450824a7d4546f,1
37e2c5a4722e7df676f133536b42afab2423475e,0
c71d804f619e9f71a93725b8942f2d2602c72d23,0
f31ed6c1468a39808b91fd872b152bf5eef5182c,1
eaf27d9f940090413c48d787f83769a332c2459a,1
996018f7c86c4d46e3d52db4853fc942f9248091,1
8db84a096b243c1176255887708df86deee47b1c,0
68658e641f6c82c75c17f08f7e8715f5a9a1a24d,1
49e95afe18f5075c12eb8d70666cd246e7f0f063,1
48e03f28eb69c55388b9e520188ec81b88e4dc0f,0
7012e6e14d108fbdd2db91b6d492706546f001d8,0
b315ea123524c820dd35b134918a9727322d4bf0,1
1bbe208667555f0c9890b9ec9bf6100116376d7a,1
6f0b7838a3dff85dce14d4ef7d9b6c5ac233db32,0
39478def900224e0f07b997dc9450e5b7e9c00e3,0
19aeb4065077b2f9fb0aae5a216b2c446e00c92c,1
a2a1a64600dd08d0e6d5ac0a20e8e13f4371fcb4,0
c50a31ece255d9c7e55f537684466e6433e3749d,1
ed9fdb660c02ca849be93fbc4c9dfe30143697b0,1
23993ba5e4d3ca8e070bab1617e078d77db944c2,0
38c37349a1274a9407d002bfa9b1ccfb90cdf644,0
e67e5f086201c431cbe41f2ced82c4b7ba5c5d58,0
18a0839ef4559bc8f0df4513c63678be4e72a923,0
4f09ba5c3e24df90e45150d91ca4647930275f44,1
b1339011106dd9a734ff6e4041568be0fb45f6c1,0
5fb9065d6f8cfa446708d5997959b88e01511d47,1
1e578af97811cb78665f05473ac89d8b32382270,0
190f6367fc600d22875d90aa9b01b7bfb888fb1a,0
cef379163a174191c3d41a745d81d2da2a7c79a0,0
2e1da782d9312d5ff2b20002cef9acd88b2fc207,1
4506131b829da8f73a43181c591b5321a48942ae,1
20c83a29411834b10726d040f5865f8ef16f571c,0
1f29c0261035e3ccafd78d96b83a9f1fbc4d6e63,0
084728b4985efbc2d9119b0d9d3b0b04ef02436b,0
ad4d4887718ad5fc1b5ee45e676983f77d7b2144,1
5ff2a9afa0aed1fde1e59692661ea86a373eae01,1
2e85678f7210db36c121618a796992fe1acce775,0
1f672d6e407230ec22c038c780da15c8a63cf6f9,0
017a675b15c373e7e81f83c3731c11f78dff6b96,0
49273c3c991ef8b9b4e6db33fede45d322e474ae,1
2d247b8167e5432716da22716d9c599f24951aa4,0
58bcd4df2b0496093e355bc83715476a0d517830,1
786ceb36a322c9a8a13c66734c1706d240f83d9d,0
22e7d2b34d18adc2399f2d3eea97232cd056e976,0
ce00219a7be96ed75cb7db34a9394f27856e9f5a,1
4c0bc0edb800029709745e912bc0a5c4f8f92152,0
cbb6c473edd9ffcdf4150d85759b5adb0de63abe,0
d91f9b9940ff34c645c5783bcf6f73473e9599ee,1
cb91a53a5ed919122c2969535b33473a7e912d22,1
50eba3d4b69e3506a22ec1ea0213dbd78b0c4c7f,0
c62f5a55f336679e2eedaa5920700a896fb249ad,1
65d7582906791f6e45af41769d6cc6f15ba28bf2,0
734cce279cd951089c22e336e0b1e16b7f4d7d3d,1
8ad3b36daef21be50f5af9185f10706a2e878811,0
4c3e1484601b0f964e0b5d454fc3d7d5a40deb3c,0
6bab56b7fa89a73cba46c8b3cf9c5407aed7a80d,0
1c58a94f01a38646a5e2076babf5a69f8103aec4,0
16cfb928015a8362dd09a963b605df05ae3f6ded,1
c15d8f8c752b0b797597b1c469f74ffe5a72b31e,1
f0a1480ce93a9a6be468f7b93d7b18ec406c2ca3,1
f4a826e60e58c777100c998344f06d6995708476,0
8ea0921fe1afb000cd2da200b42c4217b31e13d1,0
438ad755652f002ed97ab14f405f056e9b8cc9c7,1
dc00594fbdd2541a1bdc3be69e4db0fa62d3d634,1
ad3925183b99e088b27960ee704de2caf943a6b5,1
6493959cabc01e92908560e2ea74b725e2b99e11,0
d819cd8996719e94846d7122c832ea0e6d3fb455,1
d74d21c9f624d5c12dab92cb2723e8ef92a17ff0,0
4dc8c79fcfa469ea496d9be78735488189cfec3e,0
89ee7e761743ff78e5d2e7cbe248f6ec763baa76,0
c086c27c3b2e15f598579763dee02c38b0444f99,1
dd8404b6c6787680432efbb267e7cfe99927385e,0
40e403886bdcb917c93285f1a98377100da3703b,1
f22b99d59d71266dff4cbc72573a7d085a60a868,1
4bb3c7055c0f85f4631cd961dc603500c97b937e,1
29de2720ca090b8393d79e93e7e293139af86e96,1
aed74902f0ba33187a81ea577524569147308ed1,1
fea0680d0a6575cbf362aa1753b75dd98818e8a9,1
790cb6f7b2ca56b0ecf430122afac8e685a7b923,1
120ce621132b1b26f267cd341fd2f17246214880,1
23839957b6284d882caaf3a34909a9f002ddf34c,0
4d4a28f8ade659fe9aec8f2c276450e7ee23617b,1
8f929f6bd7f33e755ff3ede313b1c07a7014b61d,1
cfd564827184c381a6b1980569e7a11cda3df321,0
d4876c08666496c2006c69ff5cf90a69fcfa63fb,1
5103be3db377f3a8740aae99fe79c3e79a4e2e36,0
4468f51962e1fdf3d39fa5911965400035300ffc,1
81a040031e5ac83d9d3e5a99ba26ba07de1afbfa,0
00128375bdef3587e20f3df935f1025fc8374f7d,0
1617ae2e5348d5c818cad54491697fe66dc2a6cd,1
4b34a5606f4ad78bbfc167e1dd1e69e00b551719,1
a1d9ae5cc5f3a4e074b18ffece63a640a4957c36,0
234e93ee0c1cefe7b03dba586877c05576b16f6f,0
329af4e4d0b98b97142211da4da7e0a07b09b39f,0
ce294c2a332e1fca9b47cde96bd8c347a44fad53,1
f3e8e5a0512a7b85175f445d7f7739417a1aa4e8,1
df5ca5d49f9ac8da6e36903146ad91dab03b7e59,0
1da3bc7e3003596d7e39aa7e0ea9fe67b1319e45,0
bbcda8f740682cbbc3faf8dc6f2755a85f6a2a03,0
2141a5a368b422136a471a23ffcad82841f3ffb5,0
3e35262aeadb3ea699ead3c9486ccedab756e6ce,1
fd54a17176b3b56e0cb14ef358ff7c7b7c22ee43,0
7d3d760ee0f3b14562d83fca89e355ef2839da4a,1
6372327af39f036fc33c1a0c46f12caeb0adbb7d,1
4119c506df0ed271cfcfa1dff45fe9a3929ef252,0
4b7b0c368a60ca68f9eecc441b5b2af8996a1b76,0
1ca146da0a42b15535ef4344697eb102fd83768b,0
18424ab04c06e9bad4240fdff8ffb079094e70fd,0
df59aa4625b284c4360001a4a3ba785a6800537c,0
13e245d74b04107a503563ab613c70451a566747,0
396e55e70de5d09aa8638d5beea9830613528428,1
fbf1b2ea84568e70ecac55b8bed7508f93de5804,0
42362305d29f5e1f4d550b82916538f854f0921a,0
8f6045cc71ca1a8e67278e63730897302a20e608,0
0499bf38e15d3c6a0cd96f4cfc9d2760d52c5d76,1
e44f18710db7a353f65f4ccb35d4365950844a08,1
1318e40292b2b8f386d0dc4743ce9f46a2519115,1
1f4520475b36d10fb56834e218df2ec40302ea05,1
2365402b94b1969e622dcf22062ecd3432616ace,1
00f507506509e01431d18d3ecda00bf49f21a95c,1
d853f67f089e44eb761f60d25c15a18b440065d9,1
eec762e32aead9907b9714fa21a3ee44e500a5d5,0
5a6fc0d039c4f894b6a21d826ae80ab7ce1998b3,0
18d14640340d51d99a6b8bf3eb236ad0f79a89b0,1
bdca2dce5aeaad2360c0d5ffed6c5236327e2543,1
aba543587bb19c93d40dc4dbbfc1492993df5152,0
555d73a7b46b1891eb8ec54a45376b77b7d98598,1
7b84c2acfb3fc132e18a947be057458e83b31488,0
bbbb8896712ae64707dc7dcc94b1d2943c160a8a,1
c2bdb47e5601f390e0f59491c437e90ce71a6ed1,1
4f16cc7837f200162462d3bb717bb88a424ef8f1,0
6996c7b050944cbcf6e6e1ee722ca8a19e636935,1
fe7cb5862747164f96406ec24ea7e6e1eba1be0b,1
fae477d335e4b75730fbbae21ff178aeee33a006,1
a8397d9ff1da48b640c37839de5ea706d95463ac,0
1af32cabeb00fe380b3747ea23488451893f44a5,1
78fd6cc29c49c283d46ed63d4258556e042d4028,0
053132795ec396d91c684eb8acde11eb2daf63bd,0
d0fd7b97fc4569e859ae139ab7b44443f770eb01,0
e7a738f7bb138fd0a2d1e11d2ae9c1b5cf0a0834,0
97574f6cf65e68273ee67f882e747474172eb977,1
c067fb4a5d696e1abc1c0ec4897e370f4fc76fd2,0
4b73f8e49ce60bddc2fcebcf776c540d5e933530,0
f0f8c8ad8c427c47738e1138bbfede0331331f4b,0
cea0e34cb2fe4a2d249774919a382018b5900ab9,1
10e4c4dfa4d9269f0f903af5154310c9fcd84417,1
0695751e9d887bf04d02c57d33a19b042ba65019,0
f3d309f59acbd750666d5b2346376c1c5b202bb1,0
8bff9930434d75fabda2d56fe3c6e8621f78a424,0
202b78a86abf0c53aca3366e4da35694ad4bf262,0
44b2cf91e655bec37c1ad7661f012474a9dd226d,0
0c861ab0b7346b1a6139f6eafd3408ee9ba43c2a,0
b222f89d0992ec24bbe8a95bd1133c9c8fbc17bf,1
45f98d101ef8da690f00c75a46bb05b5ab9cef48,1
27ca1df8592bdcb46efbdbac6c1457164aff1706,1
0c7c8dc792e8c49f777ea388157aa05fac433d52,0
46b4e1929a173ece3808d4472433bdf381f85a05,0
c5cabc480c4b2592e2257eb1ea0decafa30d0296,1
6b46b4e969ce1dbd57d9786fb0c767ac7e7fe8ce,0
ee43b2b69fdc22832c6bea5b8385848d60f863c0,1
145205596ac395b93a0408a6881e429e5cc9027d,0
cad8ea1e3edad12842c0854def0e8d8d70fba97c,0
f2cc9a282609762d66f5b5c6d5f479bd5b21253a,0
6ad2a6ee6dd7d452fff6900456ee45350178a864,1
3d2b03bed509658349890f1936322e195c693b19,0
3e6eb844dbecf3a111472e60f9bc60862b500dcf,1
26d88b63802bdab6f7fe8d5565b43c087abeb25a,0
f3edfdad80e6e601ce358e634d443c2c363631bd,0
655a891b74fa2eb18972608ae9b1fab40a59c298,1
7d385a765e1b995cc2db6b3b838c3f3b3ff4b7fa,0
60e80e83561d1a105ee5121af31595915f8ce28e,0
6d025772158e970f03836e956db8418678c2f67c,1
04459b04f703034e45b626218a36c3a325a063ce,0
d3218cc92e5fd7663edb4b61af5d0622b9d5e918,1
1ac33620d7086f0262fe50640ccd70106de1361b,1
ab4bd0c4b3c6f1f4fb16555242243519da3b63c2,0
c97be0ec457cc780291e79707a041868d5fceae6,0
a1a249de4ae2e8a1b98f8ce38211ef36cdc8c690,1
e78365716797d8da4a4fd11152e474ffa7ea0b67,0
287ebc0a5a08eb3830a32e4ab01425fb9920b336,0
573c860f8ab285692738317770da40096a5ff474,1
5b85192713585c764705f267d607a1a812819dab,1
18035c25f0b7ad7e46fd6917e76317fc813d0b92,0
149306e591a7d1d4f8ca0d4ef6b8fe995b39af8d,1
d8a65a3b744552ea7beef363986e769024df8cb4,0
7bb20f77da4cca38e885f67566daa7f6d48520e4,0
3e6f977475de6f38ad8d6cd2da0250c5e3798900,0
3dddadbbb9bc0b931a8491c4f85036bce160f5f7,1
200b8bf2b794d5abe2ef299202da97479125249b,1
5330d16408d6ce37aa196310f13de6f0d90bc3cf,1
98d61d56829d27203e1e77018b43b70292bef2e7,0
45a96c4126bb2cc3ac03197579e03388f1af32e5,0
e73f9b3f9036de385354b55151f28358f66813d0,0
2df51e794c48dd68de3aa5962ef397234830386c,1
cda03340485cf7d6f89e95f6974156a865c87f51,1
579e23214f6b48566305b19469a8defa9dd6a796,0
d805f374efc7dfe082ec17d2278f159923f67609,0
2d67f35f20b12f86acd72da5f55ed482aac7f3f0,1
1e105532aafeec7f7304e75c6b1e4724239186a8,0
26edf36802bb043a17ebc4db3d4b87c1c0618615,1
edf6e661fa5db5bb1b4e2443c508d1c26c116865,1
f7585959434ac8c3162eb892074d5ed0e9a0a7c0,0
da757a7d59d9c751febe3994aae6b6d25572810f,0
c71cf6b8358c4f8a86546fb349e49f22d49171bb,0
a085afd47d8af3aef92d03cda16193b67ed52b0b,1
1d7b2915bf0b0c947ab0ecdf079ac177a8ec5862,1
85d30150d3222ed42d98eff2fb28d1abb548d530,0
4e30f4c9cc1de5047db7520c9e511656f39d66ac,1
b59d47337d26663dd52145b1f0555c3d3a077029,0
85978cba1b5c05be1df06d99f3322efd648b4544,1
c260d62f5f2586fab5cfde8dac954a8beab26e5f,0
8969e7f20080ac7d8ea34c78812c072249509abe,1
b3c64b8b2ecd6241d0acd4eb74f4f521b9c82a25,1
38359f1b289ec9eeb0e0eac5ad7f60f26eeedd92,0
de26b2d45cf2a347d0d39e3778f3a5c99a024ebf,1
9dda348b9aa12ea1bcafdb543951db1e5c9ad9bc,1
a8a7517b4442fc42500b26105649c826b0956e78,0
5ab167493817aa000d430f668cb3410b514aa985,1
4d4edbe1c5ac8b5f95da8e239603e3704db0a66f,0
0d1c81e925a7e09e3dbbaebf206c332d7c31379b,0
a2bd6373b8073b2df118c9415f4b00a9f7cea736,0
46419c0f36774cafcaa60cb94a625250e4172247,0
7d66ea58c1f0d2bfb76cbf41a4851d118e6fb4da,0
4d5e7772a6db8e50ed77ad50ff6e2e7a4081e5bd,0
576f3a48a530309fba9879a17dea86bf1da0c2bc,1
ecf8a6bb9e369286492e67743c5357658c2e12ee,0
19fa40374520c3b7f30e488fb94c9b962813a2b6,1
2a0ed106e84cb955f2c6939ca38ba9bb60e0e9f9,0
fc57f6abf5942f4a0dd9b1660254c8136308fa9d,0
76c7f7b9bfc8b06b901eb9fa4b0a3ce3077a42a3,0
2ae669170dffaa6747ee27c7487855682f738740,1
564d6e26f89a3b910c8de6f2ea859877df5fc3d8,0
8c7aa7c8c466111ad8e4fff5f54de9581ba3e95b,0
f3ead587356ae10d5a853a76ff24303ce4406629,0
df41d20ee806308007fae86834c1fa2cd4b72229,1
54973c1c0ea2fa957846a43916dbbc0483a7bbde,0
71cf63f7ac40b033d4ada403785cc1f60a78060c,0
6411a79dfd21fff41fb2a4a0d80d052617a28665,0
f8e48d7bf6a99f89a2ff4c67a0c83f909a8a4221,1
c5cf8831b2d28f4328088ed00073f4ee9602ccca,0
4702d8e50c06524fd68417fac419eefc70f58026,0
048a47304732a4959613566f7426a186556e8340,1
cb19a0461c13a19ca0f25eb045ae7c5ca599c868,1
cc12fd30c0eee21ab4941012695e4ffb049462c4,0
5964f118c220c874f587fe10d2148c6c040186d4,1
e3f16c08ec6ec464897dc708e65d5d1071984d17,0
8adf06690998d90fc479f3a2a798df956ff67fbb,1
32a772ae7949d423f63a5ef9d1f775cc2a2a8da8,1
c123d301f114a3ac66fbd5b3228b7b2935f6e6a0,0
7bd5af92a396b5fef609e03941954440c7ac7113,0
b878a2faa37f70897d7f1d29fd4fe59ed8cd78af,0
25a67bf562ff21c9b1052e8380a4e37edfff0f85,0
be1ed6463014dbeb29824f1f4ac4fa1dd38dcca7,0
446539500fd63de826b5b39c0ef503dfc6cc4a81,0
399dface5a90007ca7a2104ec8b79e973b2589b2,1
6b1a0d3ad72acbb510ecf67256803266287cae72,0
4963c2b316230a2c1d6483844c9901933390a6f6,0
ad7e1c12cf84fafee0427785aae4b9abb2ef79bf,0
6e458dddb0289743f6a5fb1ce6e1c14ab976643f,0
c17a986f6b2d8e87338220cc46d2292706259713,1
54fd7bfd3b5f31561d9313643bc19d217f5ba9cb,1
cdf6f47e1010cedbc5e0e9f7ef8d3c77def697d8,1
48ead06b489f829b990b3cebc8cddd6e47ae016a,1
b78c67b8a46ba8d73f9bcb8a6933c59d677b5ea0,1
96e20f4c7fa5ca68289e3d7e21fb7e63f1a0ab4b,0
452e11a0fc48ce662f3f39613b48b0de35248a92,1
54f643a039603dbf49db62cc675ad75e85fdc4d8,1
3f38b0b2689f2407aaa51588bcfa469deec8a301,0
b9ed64b5719fe424d37a5c025de51ef9927311de,1
f4d738c33708e96fba14898e1fd66717d5af71be,1
b1199f32b484f86cf5c459679b95c660d3210c55,1
2952ad9c1d53388b4baf06410affc9fa6f612d0f,0
e00455857bad6eb78b95e76c33b83c93b4e8ff61,0
4cd3c36f6095a3bba5e469b7bf5d917dbfc2e209,1
ce22ce8d1dcadc8fd7e3263c9ff1062533ec8f57,0
9e62e1bb5575327b0a20740f73a77869e12af3a0,0
663cdad2b536e3d58bf500f3cef39476ede79a56,1
b120ad2dc05630168dfa8adc6109ca73c98b32e7,0
86ef11655b19e787fb98e88ea5dff0a82718db0e,0
70bff1e1df5436d36d36cf470d0bba6d3e965d22,0
9d457dd37d1522813bce8fafc87961cf6e2d5f3a,0
c48cfea9e6dddef16c58055dec8c2f2d9c596f1a,1
e05a6fe24a2041000d2185b3b122950558651d75,0
3cd4aaf9daa7fd571c696c8aa86e6334033833dc,0
bfbc463a4a6dc9c1560d863579882cecbb3436fb,0
c6aa62b66c8b26db9e66f98a3655bddede4aa432,0
4b3097002267adce849a2937d2d8c2091be3395f,0
5ae94d8d0ca88afc91f32c7c8ef402e28a9f318a,1
00503166d433bc74d8346c07e3dd2abc202a0e89,1
84ead3637b4f23d07718b2b497b065a0c72cb053,1
b1ee1a29a6cd34e8ebb3d8b40eeea8d0faff6f6b,0
3ed5f3845778338d5df83f2ec586793a29b135b4,1
e4c59c154646654044c38601a49a6d85890a80ae,0
caaeded79fa49aeb7ae7a85364315e926fb1d810,0
de63e93c6f58bb2a51d0b3db7e6b5d61276c3caa,1
6825c4eeedeeb0233adeb22a804d0e9d7505d66c,0
c278e789dae4a9f2c14939a84f9b9600c66b336d,0
ea66a186965fd304118194758eb88840bab5e65f,0
433f597370272aad87f4ee59542f10e7cdcbfee7,0
022791849fc82bb1ac7eaf85bddaa8fb7349b3e8,0
35984e4a2c6191fe0a19d145030ac953d9e0ba45,0
40e38becc3ea492e82eb4d829ef2e471485efc7a,0
b5240b8b9ba4867ac6a58b9fa5b7f19cd4e7a9e0,0
89c0444d449de09ed8c10ef4a2d18f6b439a9702,1
e6a0b2b793ebe3df706161664e3a46e13206d9ac,1
78cf21b44d2cc34bd10579d07a2196b73b8d7cb4,1
71ebbf85398970c4c2f352b9b295c93ea2233cba,1
fb9e83e888a3de8b160627737ec6e99a2b91979c,0
6283f59d438c870bfa1212c332a91da079a203b8,0
60625be2def6e5e95f7b0aa56dec5dc8908563f2,1
d896dd8b1b500a843b1f19b74864ea51d172e253,0
21d8ef2d46549203186622d17746c85dbfc54e57,0
fb6e0f44df6ad319bfb3ad73d009e253bb199fc5,1
0215b3df0274765707a47ef1a5d098ccb539dff0,1
f72da916705382eb9b72f64d26a601293ce76bcd,0
773d6ac663bcfc05b1cbc98e6b5d8a43dd765b75,0
91529723208fcc044e9431581e736e155d8f8167,0
1750b6dbabbb46b673bce421d952aa7f16a987b0,1
fa5a6b24c0472b539a50e4be9a8029d4ac5751cb,1
10c8bedda6759f128f22f0345b9df7c3a00e5f17,0
e699ea3d960636bf92cad79f30b784c69cd0705c,0
b663dfba9b25076c5312b55fdea51ba56474ff99,0
78aaddce40e59ccf9154e4021c9fde35ee06fa0a,1
27898976edb16078ac8c57b871a00e6f14827779,0
f240789a66f1fdc532eca5e6b06b8872741e3a94,1
b1b6dd40e0526b73a1aba3328c6b3846364d04c9,0
07fff975800d89955c52a46eff2ec638f2132fbc,1
c65caabd5e876b25ec3659cfa20389684a49aa4c,1
cabe94261acef1cfe5656a541b38cce9849200f6,0
436c4a3174f7b76e734810b2511bd55d03474e64,0
3106510bfbe8cdd7eb253d3b41ff2225b2fb2642,0
ca8509489c855093ac29f7de38bf9847c9a8fbe2,1
779bc7332f73ad099c3e78cdcf87ee1d503dd088,1
8501d39c54eef1bb7887ac1a5e74067f1a454f1c,1
5601c96c816b30b20d413141ee70c2b8be804806,0
9c0736b4a7679e8e18bb296a17f0618d8b3f3e83,0
73c4a85bc5359b48335f85d0b231c2145b083217,0
b02c6ed776fd6aca8eb93cf473226c8a3787c118,1
127d454d5bd96087c873bdaf3613389090c0e3f4,0
b95a9201871fe3368189de12c1045265c6572a0b,0
891b3ac8d2dbbf2a8fa0a4a2f0afd1a2023b6bac,0
a0e0128f18bad70e4254685e8f079025177ab93c,0
b0292fa79550ae3fbec797b2754876201f1a4640,0
950b1a5bd688e3455b2d4a530f09b9d4f168ff9e,0
b3ab11b4e4354d3c90dce2021776cb8326b6d72f,0
7125d527ea47babe449e9b7501b1f229c4a883b3,1
be866bcbd2afd5c3fcb29aa5b1406baae8918d87,0
e7bca1ff3fd699ea803d170efb8015a1ff22dc4c,1
a8276143aad661552c15e2e829471af8b3253b0e,1
f68e1af2e8be362b9a160f1ee735805f0c7aedf4,1
e60ceb7f95ea59384b9dc2957b067ddc9efe53ce,0
0b087c76f0ead6f75062c9c70bc6f04fa601b574,1
b34ea2941d50e1404ceab39fd48d840452f32944,0
c8bc07709c6fed251e707d1926ca269431044fb8,0
bc4c7f0ff9b51bf95441e2885eceff47c659fcfc,0
5caeab6d657a6e88bd4b4d75a87e93b897b591cd,1
246654dfea84955ac42d7578148b3d5543d3dc82,0
48598e5178bb58b8d73e2c1ce82f59c1ac00d798,0
f53492821516a31c2cb7bef744426deb6183c2b4,0
b85e011dd2790b13ad4df14eaae48d39af4fb094,1
b9992f179f15f34d8f33388dcb3d23a931a31f71,0
e0fd033c8008f21bf337e1b2d2f33e5d38bb250b,0
b91e27a895a8aa3da0e2541577025154f8e3655c,1
d31e7d5c9bc4f0222ceda5193d49ee53f2c9e409,1
4a3d4e724448b3af4dbc558b62052864e984f28b,0
435b03c685ac65b9a69ea3b3990e626f6aaa094d,0
75a48bbe8ce15510dcb6a5aceb33194c52420c28,0
d2c2df3d23b71aaa072575b85566f8c95fb7cef5,0
90e03f3a10c5e147d82ab00273cebd27a18f5eb4,0
7763a7ae54a616eaa5e22d6e489d859a710f0e89,0
13e9741f86ac18b44019654a23c4e9565615c2d4,0
9eb4e83e01dcb57ae96471269364e4ee477f8dfd,0
36a671bbbd394c68bcaa90bd4f80c50f94d38d5b,0
93ff0f3f3260da3388e9ab53ea8dcca77e5c3842,0
0cf9ff75415f22513a97c02deae0a60f3810c0f4,0
b41cc2159c2ef9053eec1de85245278c03244ee3,0
56ab06e2400633f6229d6838d8eff1715e8a2798,1
8048e6631d60ec8ff7eca2f57055112cab206a07,1
67b4981f236b64c09a917cc2ded927edef26fa3b,0
5746511101cd364db7e9649e7ae172a52f63884b,1
e61e412b767c16d75dac1cdf08bb67f277d61396,0
adc9e5a7f3f154bd2ce5cd9af80e1eeff2a8c8fa,1
db5b055d8e8af1602559d71afc88efdba2412ce5,1
62490e1613f46c8ea4ee3105af51f7a54a24289d,0
07ef17af42e1e609e4d5c0348e879363cd62ca48,1
87bf8dee53c1d9285bc9d6e1ee8a90a822d808a4,0
61a88c0370727a48930d7d40ce8f31f3867add60,0
4152a154e67667dfb36c23879675f9e9a121c980,0
967a5f9634b175c1daf91b02271f0c77a2388a25,1
897eb46be83c26d57d24ba1d742cf96f0ea4beb3,1
d8c2644edfa4b478361dc66b087907b9ab07126a,1
7fdcc61359351792ada24cb0ddb1c12b974b06e0,1
d43d08d4fb641f2356d572f29b52dcad41ef52a5,0
d7b5d7ee85258885ef178ea3825491fe5c05c5c5,1
8a7b0018e27a5583e79a27f1c14cdaf48a519eaa,0
4c8ca2194abb48981f6c7fbfeb5393d7a892b2a2,0
2d30129952554916f105003c389b134145cd6702,0
076bf32cbed5532994aa629bcc03719158d6189b,0
7777592c04cd8030d2d5d5a4122f5fc37a716db4,0
fe7692644f3373a30929b7f183d70a94266f2c0d,0
056dd94b4aa36639ed499de0bf78732d09b6e64f,0
dc82dda2540636b36d0b2418d435d0c565319787,1
2a588b164b7d1e103ccc8a6823c754ffc6416dc7,0
b470b4c2134cb139d46e95e0aacda622e0d187f6,0
6ce7a19a370331982c893c26b0be1c06e10dfaf0,1
263535b3f66dff750c6098090f92400cfa8c0b35,1
d002691ce39e99ee5af2151083fd4539682d2d20,1
eeab35e0854be619bcb7ae8ff540dfcbb8265e83,0
a141668c9a88246010c7bffc2531a49c4cbf63eb,0
1fe27049ad1a2ee6c90ed79be832ffbe661e66ba,1
32352c9c2a8f541f10d03e07f646864be1c2876d,1
e339967f99aae99d199f07abc8a26d73380f5975,0
1528247a232c36e2b7b7bf86704acd13307595b1,0
e38edd8a4976bbfb2e892c4c8fe3c799ebc9f022,1
117abea2d1421aedaf7d2d8316862b0695e98de0,1
6459a2730df24437abb79733bdc50298c9b6856e,0
b3f875b367e228590541c03552f4b2b5263a28a3,1
79ba51815f1820ff846e2391b1b6f1786a13ed70,0
4743ba7770372cf205b3862317e52f2438eb65af,0
cff21d4a3c798f1c2e8c8dfbeb89e82756f7e53b,0
17c8bfa6f9e540349367c520868154a25586e475,0
95fbb50bdf8df3cf1ca9da203a22694dbf60da83,0
9d725bffa6769504553f421f8377e9f2105a917f,1
3d0d599146471d6c54d678457163d66ff426bbe9,0
ce8ace2f2bedb0c1173479d1886a47727faa7dfd,0
3bc52afcb60db156afbfaee4bd654c4afc451315,0
405fa115dfa3a9149d5bec9d7ee1aff3264c8658,1
f683eb1dbac270cdb404dbe67adecde6eb765c26,0
2efbd0bf8afbec2450d8c5ae0eb042ed53bd74c9,1
93bbe8bb56de3c03d2d3e380103e8c1e50c06c37,0
830f3037483dc4b5b29fd56c56f9b929d5a86121,1
83b4a708bc431ec7ad8e980d6ca8fcd3e2c89ee0,1
f585d73a48e1ca5dd4fff564433b2c158b8f11ee,0
b66fb7a1b82a9befb548f1fb3dcbc8b5b512c64a,1
01a884d547a863b882daa265e9ca12cdb08d8c0e,0
a2faf45b3443df2c9cedd80eae470e586c3b8fd1,1
67868cb7d0c2230569a3b4dc58b06f84a95cb44d,1
24f9ab251b101c43d9438525b44b9c54a08f5d44,0
dc9f42edf37d54d9d45fa6bd340757e3b68aed7e,0
885324147bac2b5ec2e5ba8dbd94443b761de3af,1
7daa3c2e04eeac1a14769fc045d3654fc36dc900,0
58655cb9e87192ad1e6c7c3b351a9d3bba723802,0
fce433c7c1c1499f7c0a0eaba340d2d5027618f6,1
60b0707415e72827716a9b8ee2138e21c91b66f1,1
30f4012df9b26f1649b192b29a377400496b0bc8,0
b5a3b58a18e446df3a0ea379e9534a258d3cfc09,0
fe991e1042058049abe3468b459182799dc6e3a8,0
c3583ef241fad51ada1d1e58abaa646fd731d38b,1
806312ae4f23d1c11b17c004258b8373d2d82116,0
4282fa69c74c609ac033b8b0667cc535dec4703a,1
1d1db0b4fb8142fd240e171244ade6e8fa9cab1d,0
013c9c5015fa7bc2c629b48ac0478fa86fbce1f6,0
44955e01a5824c1ccfdd5bfe4c228531cbed3290,0
2b81c3795ddf58a6a3a659a7456739bde494caba,0
0ed2f60a31fed196c25e04515e9db7b077f9d149,0
2f3b80f256281e0369885c1e44ab4be7873b158e,0
5061e44930796101cc9c28f393295d37d9ace2f4,1
35ff443e9fc3c779d39955ce3a3944036b518597,1
6fcf070c56f4083d2a218a1582c222f35de77131,0
417ca604b82edb786e3d8f1970a81c330ce428b8,1
ce24b1a6a08d101d6967be1af7ae3c05d744bdc1,0
5b6b76ce541da58add24ac4b17d04c4959afe219,1
d0ef8f0f68d55f9b9eea0dce34bffa07591efa7c,1
a85d54c1be198ed2c09c527a1c52c898d6bbe289,0
d32750ff2531a1cf4294ae76e1d5f5b55aff748b,0
a1074147819db1c79fff7bf1dd8f519463436ded,0
706ebbecb36caf42a2dc724d6de1bb39facdb2e6,0
0832aebf1c80072533d139594050034f5d00f253,0
811aaedd881092a26da6cf9aa3cb2137b5684b9a,1
9b35244ed6dfe68360b7cba89aa2f1ea982f3332,1
97fd1a26acdf5bd755987db17c387b9a468a614e,0
0a6b4bf2c1a52ae2c017381b407a60d8f2fff269,1
6c7e159a89d0cc4bea86764f7a4b41d9b213551c,0
97e78f56fbe7100e15c443b6ce24051577f699ab,0
13dac2c932dff2f093446c812a87e69960252ce2,0
24b1020f6d28df258bd53b7ad9eae6280884273e,0
8a579a688ae21cf9035de2c0d3779e5d938d73f2,0
c36c213b833f389594e45961a8020ab483a092bb,0
080409fd3096d250fa6b7d54ab54728a9eccc9f6,0
e67b7e6150ca4247a916f8a95b0335b2edbb67f8,0
ea3ba9449603fba999083940f7f3f4cfdc565855,1
ee9bedc587976b79d383bb9b7f8ae6a3d2e966cb,1
3373abf43293c59be9ed977522ff1bf6166ea4a3,0
936fff047cf29106daf020143ea1cd6ad8df70ed,0
91f7a23dc53d6d03300cbf8c57a6c1f54d832ee5,1
4393fc0aa8b948fa6d5ae7f83e4cb0431b37ddaa,0
d4c1bb80d1f4356e4910b79c27973d2de978d917,0
3e71f9e54a7f96ab9d622ba0ab952a9752818c6a,0
f8414e4c40e36c8ed02295212dd5cf702ea34ba6,0
87573b1e86e90399988f628da54d674d05c75bef,0
b862c711da724f8fca1bc83674b1ba82164e3838,1
98368ccdd9d9022d741f7730ef4e514af824419c,0
c6871d38678ffd96106118814345fbdd65366abc,0
846ff7c2b80ed7362efe323a19e3bbf8ac4d97ea,1
7faea1069343e541c1ee1e40953d117edfd64ac0,0
279b48137ef84e2046643570a271f53fff3bfa38,1
db4441f8e1e27e1d44689a8dcb07e54cb43c23f9,1
afe9009e3864d9dcc788130912ee5855172c90bd,1
b13dbc738772ba2a754aac7c60d425133a4fded4,0
11bff319d57a169f0e105c97624ac3e9ebcbe4d1,0
7fbd1ccb74228d6961c04e285ebdda8c1680adf9,0
2461a8d9da8a653b247b21fb3c2f37d026ecdc52,1
500b45359de579c592f136512b154f5968c126d3,0
749474f51666900c55bb7359d3c2c827f70aefa4,1
4c2042e865265c7e4fbaa132196a6306b9a6815a,0
4f0a263d9dd5bdaca26ad69fb4ba7e9cd9f7d656,0
031ba7a4df9b4b0221cfa20930b748f3d3e12dbf,1
02748f0d3c8e78f8b1686a7d98b3f5635dc1e339,1
97e29127017e5243063fd9b2994a15454dabb193,1
0c56be886bff3d2557b8f17d0710e67749267612,0
d17304b103a5e89feb46110b3160e7540e3cfe95,1
2b19235dcd64284dc7d7efad7f1467c0b16b6bc4,0
66a8f88b047da63f92b6c3ae99fc92fd9e6e8574,0
db45d4fce1e3325362f8be9de48a1b18e972f326,1
09e441c22952ad49a8a4acb81abf7f6a3210d924,0
78726ab5798e78eafb90f7761d358e625cfb751f,0
2cbeebb0c70dd2cf65d92efdf780cd48899c9d46,0
16fa5d27037ededdfce209bb5648b26d8737eabc,0
196a4ba2d47197e19de926406b2ce951020077a6,0
0a84ce196d959618c0e8eaca179371c8a6ddb07a,1
81a98fefea7fe55cc3f9b1403b7eddbc24637c94,1
ce5960a978725eef2404eb4c0b63f16f331c0a4c,1
2b3064fc229cd1f4509df3557414a7367959b23a,1
9076dbfd4feff06fcc14012e935cdfc969fd74fe,0
c2df7677d8f6fccaa73047fe4b4377632c28628f,0
69f962de67b082188ef023508227745d54e5b16f,1
9c4338c8420332dcaa29a5da7d436f29dd0fea8d,0
9659e783f86aed63833140fd91fcba79e57d006a,1
80023bc1cf7f4a0bf349894b90432e8bce9a9aaa,1
fdc57182d643f991a08309185016173d1988905a,0
b2c34b640cd4b19fc2707aa23fa5a6d0c6d130e8,1
fec70c10fae0253941f05cce1fb975e693dc5336,1
8c893f2a12154f9ef4843a97f3b52834405e0b6e,1
a4aa6ce5b81e6224775b6e8a93aea4a8ef798729,1
8720fb06d4c828473b09502324524e15612e063a,0
96f17ef82c6db7fae3373e721cbb261882c0388d,1
9c9d4eb471a928f785deea8d8a1b90b78e8e313d,1
0dc041405c04377b4c904cd303927a444e59fafe,0
ad00db1973de980799395c905de4105938917676,1
1faf0b29aace5298cbf5d99068912846b553fe74,1
93ce6368b8f6dcba3775c1244641ce7fd525b24d,1
00caa3a72a823894b7d953b21e194209ff6e0dac,0
2f150c8a5a1adbee7d25b65ab2fd20944d9f827b,0
9c844645f2dfe959a4bb5320f479d753b845d472,1
ea9b834b9aaa5d7b46c13f383c506a2019252e2c,0
c39059ba6317f5a53429ee72b81c3fb85e7be603,0
873532ba8dc4ac599994760337c0777d8a6dce7a,1
44295ea4a8a114a6e965301e20a44a53e43ee329,1
25f721adb9f1ca14394eb5ce7147d481f6672e38,0
1c0dab4b18e3f15604c37f658c32a65d9ca2584d,0
df33e27c8e3e39095a3e03fc9f7df6f519de7570,1
7e42f8e2714da2cda0620f92c250ac69fecbc9b0,1
11ea21b3f497a5c11b3f3fea79f9c1b668e0bfce,0
78259819ad16fbb9f024bfb4d588a1ae49e7b009,0
2018291fbd8944d1a3837909b80e133e27a33053,0
292c2a8e4e3cdb1ac24cfa12bba238e2b300c982,1
8e8a5c5dc5ba75a7d97d940bb857a9efdb49971e,0
bcbd7b27bf7589474576a4b744dfde1b240908d0,1
95a939a5f76395925a97cea81226f7aa1a9be5d3,0
a00cd499b064687f74d464df1c183de0432f4b67,0
31ed273815651733484dc4f6c3ff397e4dc7acb6,0
bd2e719499787849ba10371d3cf3bc9067d81f3f,0
c40215825c426e0943b815ffdbd0caec0aa94ee6,0
baf49c111906d2d148e26c8dff1bee04a04a6752,1
55da6da7a97b0544d40abc5d424197c690c83dd3,0
d7f01eb53214769338e2e4c9c01dccb9c8373b1e,0
6c395cbccce9220bc206279f63d5df46a28c4fbe,0
f8cf57eef4bb293c313e61d06184703346325422,0
df6d64782ef002861a2abf77272d51087ca6c8be,0
dcaeca0970d585725792f010f6b83f1bb4b33390,0
62e4253dc8dc2192fd3ec06990499dd9458876a9,1
7d4a6395537ab008656feb85be470e5bd5644d93,0
547b2b899a86783429851c92e591cc9ea9c59900,0
122e194f46db5350d91e1e8765a7bb4491fe48d3,0
1d56bb6d24bc0273312bd2a5710e9f55b8e841e6,0
de4c30ff9cf3edfc78f20cdbaf8a810f09a3c9b2,1
581e8fdded65f9111877ad339323c5f98167d5b2,0
5f1c3330298231e2f1521a90c046dd70e3a1541d,0
71ed3306ec4a78a925ec6ce4777c62871aa5f3b2,0
3c328a387aaaa8f19eeb8786542515262aeac739,0
6d3ca224cea94b79b5dc1e7f5421f2df7de95cad,1
4d79882b8140f986908c71cdf7eb5cd130df904b,1
9067f8ab6dfc3cf3babd86c914b11b217c0bd4a8,1
805661d56708f9e57705d2c4938ade4d6ecb8e86,0
7cc37ec5b60931e3750b68e19fac0d2da5ac451a,1
089a77d6fee09d2e881e51e63f6d5308c9024753,0
dddbbc42f151d99ee5c640a64e2e4a079ceb0221,0
0ecea9840398303d9c8a5f18ef06f3eab67d4fa6,0
e802b843391f1ededaa5315ba74565f600cb0702,0
7d29e37770f8ac255d657a90230ab46f2fcc0ad9,1
e418f284e85b276f4430ff5c64085e071656fd8a,0
375949ce3a3d372896ec3a54d22bf806eb804c82,0
889d5bfc7eac7bc23fdc367fc7bbc7c82d31108f,0
c772578755d99c59c34a379e5bcd664990dbeda7,1
ee00c1a265a8f9c65f15c871b7d179d03fcc3969,1
c297efc0bebb669084070f8d1c740341c549c6f0,0
4e1241c7886fb4153549bb980d8933f7004e099f,0
66cd003abaa83c9643d15e54c1a9d53f05fa16a9,1
21c312bf835d50e5fa4e0cbb01fc3679efe49626,0
a9d899cb599f0e340a08ee54693c543f9a8b33e2,0
a7a428e60387fa6f88910317c15ebe1821723589,0
f3c377e36726441f3b4e85bc1903344329ae01ac,1
2c30923f74f0df169fc24b418ae4952500bc8b29,0
15750af9fbed1da397efdcc62d86cb4d31f153af,1
af985ba46501235b93f9ea4e00a37d0a776294a5,1
eec8c75b55e3686634d04e629c29ada50ef903f7,1
d9eaae64a1b786383b68cd8bb50dde19a35f9014,1
c5ef7427fea97cbd9688794fb862db50a21887b8,1
37e0062879b68e43bafe40dc200591c8bf754526,1
0f157338dcf9e0ec85af175f978e9532f08ffec9,0
9a2f127634950b251b37c018b65d3779d6aabeb9,1
5fb751aac79fc3c57480cbac86d994fb5f467fd2,1
d00f8e0c35cc26ed3cfecf7752c3fef553d4b7ee,1
22b293ce04431c50d1b8e980dcd3ac8c2ec66ab7,1
606a10a9ec8ae8e17ec48bc31a47f1a535d6d0ae,1
a2513ed76fe2430d1081a898bd73ffb360bc8f0f,0
9f560968dd6457b5477d2b6268f42808c83f6a65,0
030dd762228ca0c5d8890d450f207eeb289f3225,1
f2d853ea7c813d848e2160d2d6803fe417db4fc7,1
1487b0695936d78b334673347f993887c4bdcf9f,0
b0917a9e51890449d025a811b1cd5f66edd665f2,0
747a0764d28f2a05b766327799de26f1da8c1e0f,0
ed2fa13ef19e4a93291edabee864ebe3dda16f91,1
29f343f040bd4d2f34a82026ac5f544893bdf3a5,0
186cd72c03e171347094db4127ac7f45cb9f615b,0
e3fcd9bca6e306a6a9d661cfaa7fede1c111abf6,1
0aada2f806807837929075d747b75e708bfb939c,0
a72ee8aedf37f35adb017631c59b7ef4ff584f2f,1
43775b05021c2e74d053f673772852cf281ff993,0
e6701052d1b17d86a694d8046708bce8bafa66df,0
4fe0842cc13bfb736b6bb8db82e541c9828960c0,0
3e8c7dc02a15e4fb14543353b55b502856a52c5c,0
4077baa7234bac6a7f64ac64c3a562bac63be59d,1
8b7621cff5f6fdc0be37611fce2af4f8804a76c8,1
ca03d6ea398d8ef507fee5704d04c2a4d2a74328,1
5f49c4532145c2ec0f4f006defea77ce5954a07c,0
a21bf3b58a46e5e1847d525ab4c0be05ae434961,1
0c5387deb6c49b8e752db76e1bf853129b297bb2,0
2aa9bde80b5f100ba0c6920314edd4ac0ebc365f,0
d698409e83de54ff4e634e5c0e0bf5b88fae9696,0
fc143ce648c66b3b57a7c8b8b6f700a20dbd2104,0
c9fa11d5832378f5c003d89af6791865281e86b0,0
898ae7cf9088714ac633249c7d346e172973805d,0
2028c48548a8e60093ed1795f5fad91bc98ae32e,0
2b67fe973a023ce43264a412d5872f721a572627,0
d9f36d92e6cb561dbcc66ba57e15ddc2c21e8caf,0
95a5bb504e3b0f7080b031a289684be9bd8d0b31,0
be38bc8fe79f3f8f5565209360020b403e56cc72,1
10002b5519f25b3020ce426bc7a8bcdd6d06326b,0
1066b91fdedae886aa1c8dcc65d2c479092d08d0,0
5821bab70f09bb1f39705ef1985c69658d487fce,1
0385cb29797605e3d34632d62b1920f89e096a6f,1
6128d5e926a66009baf32c1aae7e62af2a3a59fe,0
7066049bbca6b1593b5f51ede33a5028db210b9a,1
95b6f92b51df8322895ddd48b94d305dd45a0c6b,1
aec3ab2ad72b3f759517a7f7ae040a6dcc8aea15,0
68e45260f79d1bccb951618ed4a736651fef251e,1
405d7159855a05853695cdb859015ce0e7a2b3c7,0
6c57071fcaa43b6c7b42adec32746f650fc19224,1
272b61717fb04a503418a66ead1f93d8e4a041b5,0
5911fee2f223b8e5d5d3be7f64fd63b1ed23b266,0
3017db6a1164b51a301a25a6940055647123ad08,1
0b332827e40034fea71693054711f2572a773daf,0
d66c1a3301cb115ab41517902f8a6514d66f05ab,1
f732590f9e437578ef22e2ef46530e43aaca1a2b,0
98789cf6e4ada0087d7cbffa27ab724e6cfe41f2,0
35c433510246daa1813751a99f82d5daa9cfba18,0
23b1e33366cbb57271ee440d830c68b71670f2e1,0
74852b0141d829e67b37a203965d86ad463cad2c,0
30cfa97fa815327199fa813f6410edb962991127,1
85947e8af62e44d5cf74992280ca83f88e0f729f,0
2d1ef6feaf14c39f75f1cf64b02f433bce9f747f,0
2287fa27b260fe88edbfb98f64090f9fb3998ca0,1
b0ace6241ef534bbcb2741ebefb6937f67b8e5eb,0
73ec902bb35ad648bb599aa0a9645a76a40da3ff,0
4fcd1b1cd1f265f2cfcea73b40c76337fcf4ade0,0
fbe4dbd70657ba69f75fca98e8fa269c3a05a66d,0
35533f31836a4ba1404c4def6bf33336288aefee,0
9de1b6b06b6138b05d0d8d8864751b4e77b1357a,0
729f55db5d26a078492b373a3070f908e795be82,1
8416c201062fddfc1749ae4253bd39a4a12b0fd0,0
0e86aa9fb8844c5d06ec1f6274c564d61527a3cd,1
f83db6f0e9de3a53e3ee2e9b852186eef9261b51,1
15b64bbf7016e3d449e34dfdd2fdec1c8d94b369,0
1ec25f9b416a6ae49f97d4515a27ce32bee2d383,1
a20b07761ee34fcb2a0fc9b43c57210dbe68a563,0
93af9aa14d18974823970f45cca2de92ab3e0873,0
f548308cbcd14c785555a353309afd3583e88432,1
e0c6e7050ca2550f1378005d247a3875c50d67b2,1
f94ad372b81ee90e8f927a321ea87da5c4a424eb,0
e27ea2bd40c1796edc966bc4bfccd1a8c3b174be,1
8bd217f9f4934649224405d5d8887d2db327fa83,0
133caef38c90ff4fdf799b7a1b6e7f5dadfd33c4,1
c121267ade580f1ad4fa513c45d32932dd9bf70a,0
d25695520121d52235238cd402ab4aaff0c35ddd,0
f3732250c9fe9362bee2845b675064067969837f,0
30cd8083fe3a29e5e1a5f390754d046978dac3fe,0
cd5c20efa0d3feec4ed2a795bc63adc907dbc259,0
a22732d896ad19861a2c57bebe3b1040fb043b7f,0
ce4abcfb810274ae8a92183018b058aa917aba47,1
85cf909663a3d4fc76a1e658b7274305b4374f56,0
a10f0b64d7ced74834c9e50244f258ed01fbca18,1
b11f1665ac16ee1fa8104b09a931130108bcf3ef,0
882744456a02499ee4c4865d22dda4adec30464c,0
3fe969f3bb09fb6761c0b343b7d07c1d7a77db02,0
500df0c0e0d58b9ab95f61be318cdd200df00f74,0
54072824ba6b4ec87af1462ab5f38e5fa1c16717,1
dd1dffebce928c8b3a57fc37fa00cdd840df61dd,0
883b2742d292539782ad7e32e4229d3632031f08,1
5ba62aafeb55100506941ad98167ec0b4e99a2a5,1
1d0e109e9b5f88b314eb0a0390e452583bffc64e,0
2950f85bafedb9741a1c4337f4b84d2873e6361a,1
ff0d95d99196dea3dae1b008a452a1d18b23c68e,0
b57901b1966a870464c7e95eb7ad161a7c32d955,1
0561cc1f672e6c2460ddaab5c80c298608baa45c,0
b44bab32d68f5aa4d1e7fd06e9395b6c70b6de0f,0
13696460d792da2a7cefb8fc4c19f017819841ab,1
3a657f91faf8400bc96047fd7348b3f04e6dbc7b,1
ab3d2efd07ec926b0d5f3f3d442a762e0b229a2d,1
a0365c691c188c0c94179fb457723f201b72cc74,0
05ce484047987eeff826743329ef3ae661cff705,1
cbffe17ff3ce7cf2ba719e9a811e8570bd6e3c35,1
e72982f25d674593f872d90be4f2119b25be1f5b,1
78f7ba5aa147fdd5cd498ffbf4603c5807f8d0ec,1
8eb9a44fc1c4cdcbc49beae42c00e764c4a22236,1
4ff7ce369c61241a52f2e824633eb44b4f950b10,1
0154c29a8d6ac171e0a263798663814b465a57dd,1
9f124d85cafc8845b4a90688856580aecf31b165,1
642f72d32f28a033c30ba6e0b97d38692dca9d1c,0
a971c70dc99442f356d4b13c663c0eb6e8c887d4,1
b061f70b7952245e72795d0c956ef45218a26545,0
bb812bf7d95f449e7da0944929d7b2087f845e7d,0
902daabb2b33b44288c3d14c9369cf129c2a0453,1
7dd6e10447e08909986106f886ab3e3b9c280684,1
5f72a8e41a575aaa65e14cb98e37b2bc1936a64a,1
e2b012a2f9c52862ce982ad7a6ab9e5a1401548e,0
616cd885e0db6eb4392d197d6a529a1b3bd0aa27,0
b24b2a3b63ac999ae9d5e7d0e0b4d003527ef59d,1
f1149f32fccdb5889bdead156639db2f3af3031a,0
b8420c64644c2f6c0e9f83c9b10550477ffbd32f,1
7e84d94fb08f82e1ac4b17b98790140cf21e8423,0
64d3ce4a5e34aa4d6d1cf1e6fc9b67f693b70fde,0
881fc2201c0ab9d27f0d703dc539baefd8fc2345,0
b35ea71e311a10f96e163928d4bb5d95e4fb5da4,0
7d14e5929217af6788c31ce96348042b22ca3c69,0
7fdf18470b4dd576c8e34bf534e58dace317a929,0
af9245765edad2e37e3656ea7af3622a922a9830,1
3663f641b6f1e8c6b10dca0bf4d501984d531223,0
a91ee4ddbc87458b8c915ba576983362e28c1048,1
b83f97804bb0ac6565764d232f2d67b70c101b27,1
82b169f19c4d4d49dfd5e75ebec02b94b509c6a1,1
017e612829dd345e17d0355c2b943a7248681362,0
a35dff4cab4007e593b184c82bfe78172f76e1c2,0
07c4d40423f6a3732080215a8e40e7b68fc7ad6f,1
e3a6f10e7f908e13726392d10802fa5a2849e2ef,0
82f286269747564f0fdabd169393d747b67d873c,1
06ddbd524b2ff4ff396119d8a8286d8f0007ece7,1
2d9ed1389caf38274ed201d37e7d272bb3fbe588,1
1c754f9cf22a3e039fe99934b4db5a96e20febb8,0
3f5de8dad11095e80735d5f5d4b159a1469d377f,1
5aa087888b87d40b8fa5140672161558a371fe1a,0
f3878cc14466c12a6f9dead432ca6badbe24f160,1
da71635f34344c574bb93276ca5e184e2964add4,1
73b38eafc50200af7a026724dc333484fb00a70d,0
eecefeb08681b9ef55206dbe6c3f630492968797,0
dacd7bc187739e31c881e052ade74502c2684022,1
75e369c09dd36570df915eb18273734ce8009471,0
fe825afa2ef6b7556075d370f3065553e9d40a37,0
ac392343b4d051e1bb3d7ef59dd7e894c71d921f,1
a4190d9967c8342535973f5627f7e4115a933a1d,1
40352b80c5debc36ca763cb32b4782ebe193307d,0
394d05823f387dd5d5ff80b07828b58fe87f784a,0
a351ac736f9dba2fbae59332baa746c1fad2b5b8,0
894318301b1872dd52ac9d0e5eb2e6405d07560f,0
5b4a6bc66a9ac6726abf08294851a6fdbc242838,0
653adc350b459ac743a8bead97f8506fa2551c8e,1
48ad9c841e370391711d9f6b3e6d889445b3be8e,1
d011c248b6f972323da7d08de09f490073ed38e6,1
9287b7a5bab5d5c98e13e88bab7aadc2900b323b,0
b40b2f669ca1dfe69c8835be082fee5bdad60da0,0
c7e7ec092706e59141bbc7841351a607566bc23a,0
f93c6458caeb16685e3aac0d6b7751d5fe02ca5e,1
377ff868f5708b6f7b168ab7e424fde6869456c2,0
b80ccc8d2d022cfebc794973c801e37efd5356f7,0
6097c5717f7061e9adee5a46772c1c6405d587d1,0
e39b58bbeb309d8e23d7655553a4b1d1a2db76e3,1
0b964f32cfb0949cefae87ad12de35ac23b8929a,1
2e0bc57dc12b5e92d00765318a7c14a690743fa5,0
22577bcf8b9a7a4d355d462cd343c9993ce4da49,0
79ec65d148e8bf3e508e5de2e46fb563d94d77fb,1
977bb99cbc6158ccf140fb03f8a569421e715c45,1
16aa323ec7ffa34eb338f0158fd7bdcfe16b4bc0,1
99dcd009784d585bde93eddc7c9f7304cf977660,0
3b3135b598f2aa20c79c78fd7547abe03e7628cd,0
f17b38d3a1480b51ff6558fedaa01899a612ade0,0
7e65b924caafdb3903a93dc0bef75d8bba222c53,0
bac9849b73970a65d7e3728be6ee23e52c7e5a3b,0
5f4b5f425622b8dfe8300959dec46373e0af7500,0
7cf8c1b699629db0b3873cd76a31fd7b2ff69361,0
fe8445ea6b980fdd0eaf9936743f0b5c317f9374,0
6d8c56d01240ed0beb6917b0e14dea4c960add44,0
d36a4a98a6c6ee575f7a8857dd1884655e354a21,1
cf74e10a5fa3229150fbf84b648f1122a25b4063,0
3dbff95c872ca374f180b9be6721f23309e513cf,0
214e2dc951a508ad667fff03443af07c95552201,1
a0ef747e32741c5679181092f1756cddb987dde3,0
c672933a61bad17e4f4881a6f3bcf3ab0035ff14,0
70fde089ff60521842d84bbe8dc5ecf41a8650f8,1
44de728f6b7fcfbd16ac4385f4e303ca5cd7de91,0
927f604101b7de12d81d919385e06d4410671136,0
4368d6769b9eb73a692d0a92ca400fd71afc3ccf,1
2e6e7af63aca17c780774656403616a5b4ca00e8,1
055df6a364d931a8e781654886a63a5291759b01,1
4fddbc3e5d2d58dcc7780acc12a2364d2afc6db2,0
193f999240dcfe7df505fade11b2bf453a656652,1
93f4113310255246d7b254448028ea1895570fb5,0
c67914c7577608c24a8491395a7a38264828da20,1
f44f1f37d85dad5be88c60ce31d69de5abb7a0fb,0
6658e07548e78c39b5c41168c0c6a613457f7319,1
94a2123ba63eb8d6313fa73c8ae8c8963dbb4609,1
d7e31f61d8ed82e61bbd87c8e54a734ce6f50aa8,0
edb61ed6f44a825c6c326c37e7e41bf83d4b86a7,1
a040bb8483ea2e4786186398f7a1aaa7eaa8eef0,1
7ef34ad8bf9637d8a2d9eafa7f9968c5be8da45a,1
c9b949258e85a9907a0f7011004b436f3d60ebdf,0
3900cb80bd821aad3239e062a756eb4bbb4cc4e3,1
a18243c767b6b8481ea7dee49e00bfcefa46d76a,0
d9093d177f844c77e4136bd6ffc8ec69feb4955c,0
c8ed8e2048fac6e6f7d72e8f0d01eba642a80378,1
e45e26aa70db5f59e6c148be7bd8403e6e70d015,1
80a107480eddbfc1075c7e09aeeea541af8d4b37,0
c3fbca6f9f1f158880a03d84c7e41114828260e3,0
b8a8f86449a8295d366051a7baf1e9062c637b44,1
933aa3a360922a804406e9115ecdc5625e140192,0
c3fe3c6cc2bf9ffc277ff50c8e0d414068a3b008,1
aca23ca41501d219fd85c91d3ad7556c53314768,1
11f2f7d1c836f0cd8a343db3f083fbfef9f01c05,0
7b0a3ff753c0f6be206078655e064bd95d6fd6ad,0
c963271efd0c8dd9447185d3ee60c6e5926c1dcf,1
fadf61f592786462c2e2661452963ef8ea764272,1
f38624f18a1675e023d2fbc1ee1aab9bbea4cb02,1
8a0a84b6f29d19e197b781145b11b3e4edf51fdc,0
50ac4302d88aeeff14620bb40571c97e8ed23845,0
f7a1f7de753bf86194a7d4e9ba4d453a95972dfe,0
5868d1d23be2a49ffb9dc6d2ac97c323808db6de,1
21f3b939437dcebabb1fdbcd1e0af14c8e87e568,1
8584c5b9292c856e896c740f6fac7044c44b3059,0
bf83b1bf25bb7f5f7f2a1f81b20276234f8b3656,0
804572177ccd212c58bdd27b4da460b9ffc2af2b,1
b1ca4a62ef4ac83ba5254ce1ab254240811121ad,1
5c6e5e289517637165717671cfdf36e88304fab1,1
ec6e86071d19bf96f69aea98076200b895ba671e,1
1664a79adf2b8134c88c03683d870181bb919e3b,1
3db93cadc97d6283417adac1d909c79aa4b2d83b,1
ae33addaa91b186989fd35dbdd3e4ce4f359a33a,0
c01450100fa50494188ed0e8049ac81fc995ee3d,0
f2f0234b61e61c26ab0f33ff02d343cac96a66cb,0
3151c6a05e9c71b22cb0c649ec04afbc57af0762,1
e11f54ae12a22753563b8b88eaf604361de3a1b5,0
8903259477afe9cfe3e9caeed1b57f6ff78ea804,0
54303844ba185fc6b212dcc6b4a6f702886a9876,0
30939fd7c592cb9813cfcd3e4fa9ebd86383298e,1
2a58bba53b3da18ad2cffaa7b8c8201f843ca42f,1
bef9baf3660fc586ac494a757f7bacfd4916ae99,0
cf733ed5aaa2d7975ed895c55732bfa3b0a02d41,0
07038f577aeb467e6cf7f3037fd2dea70b401fc1,1
03de8f4c4f36e87a0bf56ba106798a992951d929,0
be5723925edac7b481c4f358ac28d46b0975cfa6,0
0cef443098a86785f23ec1742052899c0bd20490,0
a88437d08b9df0db435d023b11cbe725a3ff1f8c,0
baf09f541be3863215bcd28c4375344159a09e60,0
17c1fc52b416f26a1174de95d234be5345165ff8,0
87238e77569609f89480e7c0f021e9331a86e469,0
7adc0582da9cd17c3180f0ad846f19c389718376,1
1576c64f940e13d49e0bfc76e46e54349aa259a5,1
c9cb15b490e7caf80afbfd0ab019d89d10b2d0b3,0
1fd2e949b22a1de8e98e1ff0ed70b2f2a6e80206,1
412718e7def3742f5af749f2b8dcf01ebb8318b4,0
97f3281a2304e73f75e0cf74ea785e3dfb8bac21,1
d16ba842a4e8426def97a757cf19af9dd8a8e970,1
9d10f22ff6290f6d7f19686cdba170bb7fdb9cae,0
656687af45a068d27ca6dbef1bc089f64e7ed3cc,0
09afd47c13993fd51f8c4d6387c5af0b28471637,0
a587e2228474743a8b86c000e5aac1672a64b2d8,1
52a2dfcc81ef9d5077e5ef42a1e0acf4739629a5,0
b01838b7922891b1ada21661f9a54737a67cb068,1
7059de2544f4b369ddb90706fb86db2d57b3e5eb,1
2b2cbddf9523f2c27bbd413acf15910082ad4a35,0
66cebfd416e5d05a057ce93b1b490f846f54cd23,0
bfb62dd9dc41b667991e1161954a36249338e0da,1
31255c49cf4a8c240cc7f7f017c3b3d290d7ae60,0
35311f93b6b6e48605ed25cce8397dff95af3658,0
05f793ada79afd3a27628768f62d0516c897face,0
13a1a7ae1aaee9e7ea8bd41139f5dfef58f78da9,0
9d5851bd3ad032243dae605d016216c4d0735e4b,0
8f4eaa29408c5824d889f10c5b77583ebf1a2ba6,1
6aabb6a15c81f5de1258444fa4122532601ce90e,0
ec4d4758e7df63cdff74047e579b27ab15aaf89c,0
81bdfd3f9d557b2ffcafeaa009303c648a9f387c,0
56f6e0c02d44c437ca72c67c23e4e01abf89f435,1
8d932b03bd10de8495c53fe44638b6a6be103226,1
8b99087121c0cbef7d9a244490bfe2a9e749ba17,1
c741d3bdf839d5ff0ffa13b3a00508de7a0d0aa0,0
3f8071dd5c68ba26990f0a2af4a21c1c8ac9d970,1
41b7b7b54ecf5c81ed6e3c2ae3dc6169b60e0672,0
45f09d1c164bb88484e5d37864301b98ffebfb21,0
87edf0f490c30f89ec9e98e73d237bdf570b5bcd,0
0d2f75a1a9e28e7c1c66e72ab4c78931bc243f8c,0
ef984ada3b5940b8b0923866a8b17640ebe8002f,1
038f2efcbeb0e3159e78646baefa970a4faf6c84,0
63d13165277ece8a1433f3e63fe66eead1e16dd3,1
d8dbd554e3c61c7ac7d24143931a887e2a61dd86,0
421bc4198fdb4af60a42e6fec63106bb0a9db351,1
c7a5b75f902aa71354b5baa2cc184c463949e6d3,0
7f29ad0cdf4449ac43bdd3c1e0aef5897dc98222,1
996761a015184c7f5d57ddd77dafedcab2482e97,0
3b5904548b156c1818ea3a94c0fd8d307a6f8a25,1
1b27d22f4694ed6bed180cddf6ef4de722789663,1
5f2cbdf752602e9e7320f5f5a4c5d8bef65f7cb1,1
0be5a8ec1dcb57a7c0e366bd1e15f73f9d6b6198,1
b844ae507c706751ff192b111fa52b541cdb88e4,0
d08846c3fd26d15792e8c290997cb09a70b48d8a,0
b330739fcf094e62a251e86a81366af441a9ecc6,1
628037a2fbf5d03a436d2f0312f40fca65db3af0,0
34da546955f9a0f0ad52e62ce4730f4b7e5daf03,0
751aa8fdeb5956826215c9677b3a98791910170c,0
42185c03fed8f1a8e286401e434622f6b80166bb,0
c3e2e19a091ac0d5fa8f4a0c0c80bce725811a2d,0
0184f94abc9cb631b6d8867248e2887c88ebbd06,0
aab1a453f8805a2d7c9bf96019b5fcfe7b2bf8e6,0
6f2c6fdc1f70816803b5235fc6a7c64bfde05dce,0
4531f3867d21998d33c38246f600578cc35555ab,0
db0183e7411bff402202605567896c87d94eed66,1
6ef7960645a9ed9960e02a0e2fe4b73b90219535,0
5389fc8b4a51752d16dd435fe6703248d2c29955,0
634956bd3a08b1f47d820d55b06cf7d5e4ddb408,0
48ec614284f8d4ef8cc281f2ce121a0a72fa11f0,1
8f881a8358c1e1faacb0378d6dcc8a87d2e322a5,0
64411b306beed70d8356b0ac889b4a82556fa61a,0
db6169c3f32937dd231a80c66cd99df9e1dc74ee,0
be27346b8ec2d7287ee99b2bdd4ef72c2190b6a0,0
dd3e93fe3ae68d21d48708e640604b72c755360a,0
60888c03bb5c8e82c3c061d3e288dd706a9b8ac7,1
16cf49e3a873fad5999ad11cc0bc18690df6522a,0
d1f6ad7e27ab93d693eccf4a38871f82619704d3,1
a59787d50a0a8b720da150e95cfde4af3273361a,1
abcadc6ff739de77f8c65a3b8e53f4a7b647bfa3,0
af47ee37eff3d3f1df983e322d07a30529434d38,0
f92b76c3f8cf712c4a2050c02495593f94ccb5f8,0
6c383924e2d65aa612884b2219fd5835a8156c65,1
83e445c803f9601db3cd03b74bbb83ee03ddfda4,1
4c4f033588006e98982be80c7d9569b3de7d9372,0
34c7bb299fc418a06279642fb3e2b72dc346c266,0
b285a2a54477b392c4cab5b5549d34e2fb5ae90e,0
13b21e73c4a9892b1710f67092418f3aa96ecc31,1
76c881e1c63c01872d1e29242cd8e1cdbf28afcc,0
df339c1cdf0ff38844b49fd8b11f7e9d037cd5a9,0
7004f24cd716ce4c412cfe95ddec48fa664239ae,1
97e11310bb9d3e4815e095ab28e4ebbf78286925,0
6e4675c061698922de087b64ef13ef99319b0182,0
d3f9c36f1ca176bcc09a98d3ef6e1d2e5e758dee,1
a73b25d18f384d82cf729a8b4a8d3028c0a1b7f1,0
ccabe2db45152358e60bb560649c6ca627f765b5,1
2466f229b162735eda6e47f2308434e71b992fa7,1
7e714d90f6a97f29e1f5091d9e17f390a3f5eecd,1
5361fcf6bb38314e6210bca0d780cff4d3cc126e,0
854e50264135869f66c66e2a33cbf8775f30a29e,0
d7a3c28eac65cfed42c71e670698eeeabbe0080e,0
56090df645ddd2d309c58b6cc581c34a92d06342,1
cd7ca38a1737e39750ad41b2ae43e8cc8b4d07e6,1
faaac7652ef2a2c6524c1ef87e2c56e798acb595,0
5ac67519aeb1570884efdfc683124b6c70332480,1
6fe66f9ac69ba34eee1057aaef4e58f968f96b30,0
11388d36dc3cd1c34efdceeaae96141b6da27e40,0
4bfef1a02e1d2f72fd400df91b66d5bc98211912,0
e67425b4030819bf2ff32eaa9bd6267e4ea6e8dd,0
de9c44f6c05de252dae0dd469f64f9edf8e436b2,1
5b5b86b1801532561abd2e63250df0c772b7044c,0
22d5558c2d63a454709ea39e98654ac1c2f183bf,1
18011ae93490f522892002a1443fd89aaf49c290,0
ccd94c365db098d1308af3befe856ea902fffa36,0
0fa55dd5c48df4c2f121298fcdc0fa1b3538edf6,0
fd509545970166517db6fa70772bedacacb53b20,1
ba32b86ecdb682a182028cd6145c3b0480f1751d,0
9bf87cc53bd66e62c40d379af14d55078d73f14a,0
a5af036dc69b03e5d1a85bb835cca83e648f224d,0
e430d2c65f30ff746fa752bfba330f06ed7e6b09,1
73260949be4ed3ce47b490153f1b19b963df36f0,0
6a2e3c6cce271505d126039e42c9e658ea58124c,0
acacb679511adca73b89abbde21ea6f73a7f8913,0
64f5186c99553c04c65104f551df21ed515bfb91,1
4127a2400d2d80a842f515e7403872a01a81877d,0
0ab47dd057aba754e62d07b6193cf258774b49da,0
53fa77eb5608fba11f1c1e5e2c3fb0af3d5e5b8f,0
1e55c200d2a7296a5685750b3cf2fc47728d9cb0,0
893b48b3549509ff7e5867a7ffb2a828226a878d,1
2fa6e53ebd8c478542778e1f1f0660b0898aa974,0
f1e5b372d2adbf8fd71e9b61accad740ed447fdd,0
fc2004c2a280715aecdc16e579b5c2d47f70e87a,1
0054bd7c0207e78f9d20962b0ed86fc94a6cf0e5,1
ddc729d6c3f2a0ba464b69a68069de71e4924ae7,0
f544cb85d14e0888cbe711388dc025c11836a29a,0
7a5db4da517045aa4251dddf86aa3d1947186b48,0
5cfee5e407911fab8e15e06d6e3e456b186b929d,1
19195e13fcabf22fe63afe0a77d0290f19188142,1
f111839b2de48a98da9743bd368de2a503ba248d,1
47e2687d4e6cdc3e52d4aad367ae74909c5668cc,0
286e6bd87f8b3b1ac9964e15fc5ec4ab890380fa,0
8ec250ea1b82927cdf74ecefa3fb0fc222513795,1
bd90e74db43664ad83d87a7f551cc7d7f24da9ea,1
f8f7d1937074f10b5a89fe89befd50ac97db7d00,0
1d3d000d6e5727419b8e557312e5146332ee94dc,1
60cf849d018ffdd07582a488f4e3fa81fc9487f4,1
65010b50f742ea70f1b0ca72356fdfdfdce92324,0
7dbd82fd638986abc4c28f251a0dd62395612411,1
e6fa13e0936868c064b058fb119bfaa1eccd66c7,0
7094b0712dc112a5006472659aebe438f633ba5a,1
bee1d0f5fa26b3e0af8e8996524477591809f459,1
6698736d9f00d3f297fdcb0b1791fa71efdc2f6d,0
a27f2845cfb55d66ee07cf6791309ddc0070c9de,1
db77da04c8c77dbb0ff54f47c6d3774e0f4e347a,0
f68334e1663f3fb1cc91097a9a78bbd11a5d6240,1
3ea0eeea1215c10c772e8dfd1fe5840ceccbce0f,0
820b87b0809b5b801874d1bb3962ffc2930eb327,0
44e384aaef5e058b890e2e6074c34a6f7a4e1f34,1
9c5a06842a8a94ac61706644ca1c358eecbccc45,0
600c865003a25dd1f83cd7dcb6fb74df706c3eba,1
06e04b277ac232e674d29f498e2acd40f4b3e79b,0
9280dedf175cc8c072a9564b741a5f96b77306a2,1
b1b40aec2f219d75178b7789db77258875d0cbec,0
99b8442e8f8bf9981e7e246d8ee7f9484fe0c9ad,0
fff1de6f394002e9f0b84f1a563649cd1fe62e3f,0
3456f34468ca039cfa3c7bdf930e0389410c0bea,0
2371c28aaf4fbbed562f0f4423d87a4b4b1fab1e,0
31b1c0642177a64e02c7eb290526d0ce6c82e3b4,1
d2016c6bf5bd64731bd19e6cd08a1e4779ad5aa2,0
2f45fa6a96148902198a942f3a588acfe91cc0e2,0
3c395c8de168c4a521f9aff9ad2d765243998a5c,0
a8a34e73c4abf4938edabb1c0c70867c4c57c914,1
02d06252a1765d5ddc7e4b0db4ab7f0cb17ac2aa,1
24184e581133d0ae861900348c85e23fcb177051,1
36ffa70faa77e3cfc11534b91fe86c77d4c568dd,0
70565def0149b77c07adb203dbd6e82b8dce9c84,0
943342cd5133e5ff570c57ed8783cdda36ba799d,0
b91954064d165fc6e81186d1b47f6515a2517627,0
30c188fad866a71f5ebaf57f6e1f8adc9b7ae432,1
f1d1032c9e0244195c7736dcaab05cb39c22c2e1,1
c8a4bde4678106b0170578f954400ce76b32ee8d,0
7c1a793349a3091cc83c7a6e23ee385891dbd60f,1
2bb9ef029a71a040a6d2005ee4c3aa6ade7726b1,0
c3ced6bfc3a1f10d24315ef9fa9bc531263e222e,1
96b9cd2392f4990bec6c28ed3fd5943f374ed786,0
32ace330362bb0ff63ff91a26db89cf60ba8ce40,1
63d99799612e79298db032cf5659c0ed0ec3fc6e,0
f7b4f8ce2b6ce8223462e1a605fe690e69a0224c,1
c2b4c614ac9538c04c45b7a3c504280cc28eda2f,0
102e930dc4e355a1e913c4ffcb83ad958535b46d,1
6d24d25b49f59f22eb713cec47f67862087385eb,0
39fcabbd4d8ab9dd217bf453084feb7e6047eb03,1
214948ca4ec9b4bf04c8ddd216ee6f942ea10918,1
1a6d656bf4053fa0287b099bb23cf51868672045,1
55e476b634109995733cc026a432d5ce79f3e801,0
7e58228ddecde13a4f1717c90e21d5cac276c978,0
d26bdedf09e91c7e9f5486bc11bd862e357bd3ee,1
0dc127cab0a03da4a00ecba7ce7f77df4fb3be70,1
bcf56e8dc7668c6f2aabd4cba9517a5b5d1439ca,1
3f461b0f0e77f14ba74b727392fb9d50f0721d61,1
e18c714038134413a4c6d1bce7ec3347efc97fd3,0
df9288b90d8e53f5897165b0412a01f834915561,0
c6d551253af0afc918698e0609ac0aee8679e409,0
e685ced4674c5414ee986342116e7442242b40ce,1
4092371d3fdc042bb3a8baf5581ab9f9afacf963,0
3ced1e0ec05fd61151ca43b0bacf5fdfd3330c33,0
336b37e12bc3a079522064f17519b0f3e9731c5f,0
eb805a67b01d4fce6fdf0e2d8058c6b0dedd605e,1
c7a3cb4694f8a0734b20d737d33764fe797d7120,0
74967c9069d0c44d957c4be8937f3ef35826f626,0
cac6443f1a068f03ce51aad3e956301b70d7a1c5,1
c9e3026adffcb84c7e3025c1f0976040d0dade23,0
7cb2ac5b4392fce9da9dd2be8d24474f055fb6cb,0
fa33a9ab1b1ec3b47e10a6405f31ebe71cc40cf7,0
e5457d48f858b40428c14c684c43a239ec3cd247,0
3051e7e94f1690364c34b0accf981fedcbbaca95,0
a3495f94c392846bffa76b2ca7ce7472349a2e56,0
c4f116dd0726689e67b7e27bb95c824c0f137183,0
99a6e4b40e58be2ba40b5ce66ef8580dfde76fcc,1
08e060d5ab08a077673aa1530fad0145fb0ea5c7,1
379ef817137abe758e75e975ad7bfbe26928ba57,0
a05e82a1e89a6cce52797ff107fbe1beb4da98a3,0
5f49b4f953b5ef3ec3fc671b8a8745295bf0e74a,0
25f8e83de4c249ba4bb118a6a49d5bfc6348bb08,1
be193bab3162dea1e9f2552bae0374747ac1ff08,0
59e62d3e02941512a312ffdadfdcf5433a54db39,0
7ea75d7e3f08c1b45376bfcd8b844bbdbd4f5f39,1
9fa04c22718c97fcf35f3ddd46e7741e65fcf82f,0
f21b4521370bbc973cfa8ffae1df7123b36dfee3,1
9fcfd31c43c97069f5b1492a02a85d19059e4284,1
47400d76a92e7dece2c1cd49707162ee2d85b5db,1
7659d88d552d21fd2086d9d57e2831ff4296d5f3,1
032d90575ea493c22475dea9790fd7f003a580ed,0
c51b037e5589c2ce67172caf875e19dd299fe08d,1
ffa106b8dde18cc2f524e010bf2c975a34fa8093,0
a94281b20af6aaa0397cae5b7198cd4b148b3180,0
89d1a59743f675f90fa7c4bd7613be9d3a9322b6,1
5163bd25acf65ad6860d2ac739dc09b4d39132cb,0
9d3420b1df3d6b83fa8e7d038bb573dbf78b12e7,0
4c3aa0d6910fbfb621ce5ee29956fbd9b23b998f,0
ba634629323fc1d758338d5dd3299058f79ad1df,1
f0d903d22ac35558d96f124ec63a61b79683c442,1
5980577e085b3240b98329009bce828b7a3e936b,0
e967eb4ee58aedaa0aecf43707562ab743330ffe,0
ae4a1a7efb89987ffc72b2aed27dc55b6021a00e,0
91012298990ddcffd6baaa52cdf4299fd475d5d1,0
863befa09c680e0c4ea7cce0d5e9671016f41ed9,0
2c65dc4d4a71a7f03273a5faf3084a0b4503159c,0
522336b065275e9d590db05fc39c8fc3c148f7de,0
779e057b48a321c0f318c7d1bbfd4faee0bb8f4b,0
c641a87d2fd6112acc95cae872b4d2418523b46d,0
be6c1d857cca7b8d6e8ed8157154dc3b7f515aab,0
d0be53ba94fc3e316840f1473b4df9bcbf59fb53,0
d7c4d35d048939c34ca70a4c7c7a642706905329,0
aaf5b59196a1fbcb89e2d921a4126951e5e3f431,1
7762f8fdd1157cd69ec76c8e2ecb21771c5a6220,1
85853146630ce2c2b927f41015c427e9970d8fc3,1
e4ff2d0e746494ce9f60abd33579dd4803217a08,1
e3c35785d967f7ce4541bd696eaced7c342c4278,0
b0e14fc4eff7bff53366f3855814b324e29a0c30,0
2f50aebe0fe55f1893cac5ed95c86f732d0661c9,1
d8a9370ba6d71c6d74a195618c8359b9bbaa93cc,0
e96e891b490e4cce7bb7678f413cda85297ab7fe,0
733440e5438e244061353c5c26d72dee81799d9c,0
1b29c06b501b70c8af53164464cacf2952d0584c,0
0cc70bf3160a6cb0d80c7585afdefa863906fdc7,0
47a69261d3ee600f4301dbc138679c5f63e36b9c,0
5693d7173608a8432b01edfee7603f99ad929650,0
2f33fcc6c4d2ca1fdc6df4d0c7134117c869e29a,1
4db6bac84c80910e4a274d7b7a84cf39efe8cffb,0
3321fdb86c3018308982f5b4b2ccac16daa34a93,0
665140130056a3a894916852bd245c775c26b146,0
64834d82b50490a234de05a494c77a23b6df94a5,1
ebe3d0e9ab0df4a08c59132a5232fc6fc5e5a4f0,0
f0eb733493558eddcea5180dc4fee78feb23b6aa,1
aa60328960c228ef9b3562c4a29706ca00919d17,1
3264e4bd15495bd072d6a4555acbf72007126789,0
7dc7480cc9d18278a92ac9c7b7324af67b27fd86,0
f5942afee2814e03c653bc99ebdc80e6d80b6e5f,1
f6d2ccac7038d7d8e6ec8907bedba9e982fb9bbd,0
561f27f215d4ab920d76bfbe046db0aadab3dd72,1
48f0290bdb6f17707035a20e25c0ccefa51a87d3,1
69f2103ce40632fe7fa1e5adf711d2b6c41f4416,0
9a10769518284998f5f1cb5c4593978bba0f95fa,1
8680c23bf604a13a3ae99f06660dc220ca697312,1
486366ecc5f087a08ed6cd1280656811368f7446,1
09e5730ad5e0db8a551ab613d87158c5b5a9fdce,0
662889602b83a836cf575d81757e91a6b7e05db1,0
ae3ea8aa89f2f13e9c1b056fe7ebd88ca72e500a,0
26ba76de0eb1e3fb51e194c3d5aded12a6ed3401,1
d6a883f00566a0910d988a35cc0ce1e50d6d6492,0
6e8d4f5ef0d935b37d4c35913220c1eb5be6171a,0
4ab08d7278214185fc7750da6d40a9c8ab939939,0
c2acb8393af1018c96309fa6b9ecb5676443d500,0
587342c62ca92c2856c88db8f8a69ec5a03e0405,1
e8e5029345ea7c1a73cfecc56c64e0a67db45c83,1
42afbd1df8a493fbb18c7afe4cef39f7ec74894a,1
f0b9f4343593c998b1dfa23679a792cf1bc4edb1,0
87e24704e23104ef2a10c4f9bd3a85fc5baa1c46,1
db3f0a2336b78ab50f1a9ea9be9a24ef7319f4fe,1
d688e72cc6a6681d17468a97aee4fdd6197673cb,0
578fb60b5b9e0cab6dca3deefb077f0c55d084b8,0
a58e3d89396635072b503271fc7e4abe17fc2d79,0
f26895b9af9b7cddd7df455fe1926a2abf688b97,1
1ea31b2b5eda7ccc1b9067dc3ad06c9d904c3c40,1
76f28fb408093f07f28ca246f31cee7d4b98def1,0
f83a0e0797a56589849a08dea2c1008aa9445b1d,1
7052af5c16017cc5ba398d3a8490416d706946d2,1
342cd2c272a2694902fd8ded9e30a50d7d694167,0
661ed7f7fbdda7ed335565810d0ea39ec65c0b20,0
42298f7cc8502c351a8620fdbcafa559f4a38243,1
c51fc92e36bee9a08ea490e9a6d264dc8c638687,0
7523674dbc4aeae1c52ede35e5cc03b7a5d3db12,1
2ae88d81e8d5be0611942042becb27e0c31f5555,0
f41578129f3ba8a0a9a3052b3f6cc29530c313ec,1
5adf1ef54bb92c0753b04e11c3da658dc34505ef,0
5f293cb78dade69701b65d56b4adc338997c2ca2,1
db5cb6335b692f888105391dfec3bb92627a8688,1
33e2f4e807895dc62797945be4fb43d93530032b,0
4bafdeaac59f0f0a09540eaf9e97fc4ddcdf21ce,1
77b6d15e44dd79a88c51faa11aa7e5e70196c184,1
f050d00fd35c610423183887553eb30f565f1c13,1
e80604efdf9b6cde9cda896be5ec4b9033ecf7db,0
05a9fed4a95dd3b11da3865c28a24457845981ee,0
fc035fed2d110aacd92158771bad00059dce682a,0
5623ffe73a2923765b5ffe8969832ef844b0375b,1
f4afb879f1e7d065d3054bcddca97c349628ccfa,1
f05b03d2ef455989ad927b3ffa54ab2c0f353be9,1
b7205ad1df9393a3464eab81d28eb2f63c924b6f,0
9741f1190c1dd9990f9620eb0e54e0cb338bd036,0
d800b9883831554a210cec8fd5e87948080c44b9,1
5519d21b04e2b1ef02b02559cc77806f7a6d0c2e,0
aa04f4997593d020a089275b9047976007538301,1
f186630e729ae0b26cd8adbbcf1da74013b3f870,1
1c62a2e2a74f5581577df8e126942232a54f83dc,0
74ffb9e27dbd73486c61c91e042523c414d0e4f4,0
da861b4a71f96e3b4e42ccee5c3db72c73ee901b,1
1acd321a8b63d0901d7268b74d5f5054d01cff44,1
136899ef7386889b6a8db88011a1146f1c5def6f,1
308d38a94fb510274e19059343839ce313b07b13,1
03181f1c82bb67e2d34b1e3e8e254cc13fbd9e92,0
ae7350afb4bbe7cd14e9ba06a33aa186f980ff65,1
75dd66bf07c7384742739d4e4216c95bd860e02a,0
ebf754d51c5bdd59c01c4acd972ad5484ab7363b,1
30f9a783a3b7e3950a4b20ee7c090a114d4f2021,1
b64a0307d42c79db7ba10e9ef6f3a9a320ddd1c1,1
7387caab13f40b1be053baba4287a6a3a0adeab6,0
8689def1f67589a073e6787d32c1281f0d4009f7,1
7df4e83c1d61422f34e7a5c5e19b5d7f79f69f37,1
bd6779c5f53c0f87f30460daf60217366a326819,0
d7f98772c1ccd0173ce4420bdd9578d6dc415740,0
0008347f1e36506b0c62f066829d597f5d06c9fa,0
bf36b9672ca844e611060b9086c91f217795e0be,0
10b0bca1219745f6426991c075c3bbeeee79c139,0
23b2359cbd357557a9c0f317b3c2599a24c95379,1
9592338ebf529878deab46ad1004077c9b76b96d,0
6001696f62718f0e615f125a9bfff2d84b8e62c2,0
bff016547f62e31e0fb56ac20e41e086b2e32dc9,1
278250e450057a419cd939f751e5b4d784cbae8d,1
bb789d35e12a24ba82b12109404cc5ee15b7030b,1
1a6ec660d379af6a6ab4202ec9290c6b90374ff1,0
3e396500ca86af055a78ca21d18094a7ff68756f,0
96e1e1dea987061c0e6f99bcf9af54efbb448a8d,1
03e85dfdbb9f352b607888dee34cf8a9b8d2c323,1
d2e87c417df82dacdabc1a5083f0906345ab4fdc,0
d5819fd7b8aa7b5aff25e7ee78934b7ae7e81a30,1
9dcb0e69e7cbb2b55437ef46668f099a4aa66b56,0
82be48983bb568f5c50297f8c94725e26e272a35,0
45651a32a8d3c9d9439a6cee82cf9a1be4e78d14,0
f97c57d8300ea0ce83fc2383235f5b788ba26e32,0
8141565c826e1878bf448419e49e55f4d6b5b8a4,1
6afe0c3b0b9c314fc1a2aecb126d5a2cf862f1cc,0
701974c8891a822ae801e5bfe5a3cf4def9ee0a6,0
b1dee080db2cb5dccb2ceffebff20a2009089dc4,1
cfed458dbfe1cb10f1c0ab4a8daec29517055050,0
5cf30841d16b9c4238c3811112339360ffa9ff83,0
af13d7738fbb6bafe9323ea9c409782c40144e32,0
24b33f452db9f950660e5ea6f175bfafb54389cb,1
335df617bbb539720550f1af76294341b223810a,0
09a944bae4f85ae3a6e16eae6b046f291ec7ba2c,1
e6afd452a48f84e8e9c9fa4f995328fa72ea6885,1
75529ec5c4a9fd1b2242ffd42e6895396ac05853,0
92b490633353893d6afc582c571dfe114fe97b40,0
db0f26adb8ca25a942818708597d00214e1473bf,1
d47ec469566c4a29f3410715745551e9e9f07142,0
236498e7c7f2d2dfd7851bea32c392251de246bf,1
cc8018291aed8d6b1926c8283335b1951773b4c8,0
b78b4b83479f72c448d4f414cf104efb5418c35a,1
2b759aeb9f029ddd9d791efb77c1c6acb2b93d9f,1
b741230e098eaaa695ce214d2304ecebffda049b,0
5868c5239cc6b7e4fc586efc8f8d23c83bb619c5,0
bf19adc30f3134f6683465fc60d95a42a4fb250e,0
3834f3c1b1dfed51535c502a2de7da79e8feb48b,0
fd74cb4931b1bd3dd13c66c181ee8e8eea6599da,0
edb1087c2cd56d74299c7580b68ecfb9361e3333,1
1921166b75e63f47c2c97ff3ee62125565375e47,0
e4a31e37377d74ebcc4b3a8bd15c25a281feadbe,0
e7cbc74d7bafea790d566ae255fc4d70f2b8db45,0
ed756a708e0b5bb499a4da1f57975eaa9f5c2af1,0
4c6b72858917eec3e9ab4017ffaa24f55b1300eb,1
8ff0d33e948ab1bbecde9b205cd6fd0aa6ec273e,0
81611c08eb67cc9f5bf95002450ad961deb123c0,1
aca5580433594f2e959063ca3dd5fa4c91b57511,0
c73108c225f457577ae23005ed0b34602fa4feb8,0
b94b261929ebae5c2bd22a678ef51ee0ad4e6eeb,0
93b4a24b97afc64e23f3177d1deffbc309b364cb,0
f24d51a19b25157c617166cb3b2f06b701bf4028,0
02f7ab4ed18762ca92e982329ececf9e5394de18,0
e3457072cb21fcf0028e14ebc452dc56e2d91f3c,1
e6d7ad96487f22e5d76a1bfff1ca01c210d00684,0
6e5a8ecfa418b5d1bee88d98d53b73409d419ae1,1
e81647955e7ab033bc08523f7319e0ffa48a09db,1
1ab8d31142a11b9bd3aa36e704d5040b007abfe4,1
a32c61b916ab5e9b697f8f235da5fdcc55ee77ff,1
b9458b810eb5e5d40ae49cae65527aa81f0fec1c,1
3e132a6d5e5d1fa667436e66f9839ef57a6d291f,1
13c3d7f8f051702b7aefb1120145c1572df28301,0
ba044fa2cea9a6da86860499b49d887acd460c98,1
c00345ea1bafe5c6e39f246ee6d933f8106bb3d6,0
7b85a32cf405720a4746de1af56a3be4bc4634a0,0
579bf4545d3f878ffb4dd0002a979a3c33f6ed5c,0
cf1ca68bf07a6960bcae37bb3e33af2613c81d01,1
045743e9746b7124bf69ca615fae1e7202bb8532,1
31cd494d79c488bf4183dc99b429dc0fd102efd0,0
3616545283ea77662527c21a8f4c38c9404a770e,0
6125626a6bb79a0a93272b82d9033655ed80e09a,0
1a7c331f0dd7770965a4a39ae7aa34eff057ef2d,1
7b07e72f027e6300d10c36208a871dcf9391b5b3,0
dbc6230e8b9356a2650423d718c1404dab3454bc,0
c0e7d4357fac9c12a424086e200e7dccb784d14c,0
585869536249e9d424d8bb8f4db4ffc94b278107,1
59764691e385549af5331ce3b3cb2a88ddb99b5b,1
f44ce935e4af250a68696a7c3d7220854bc51eb9,1
4ea17f305ef111a1a89c05214d147fd0b3ac53ee,1
696a597eabafa56ea0f2daa09201c09542765d9f,0
e266eac87269783ab0881af59572b6380a63b824,0
2478a1ade89c2d12182e44bf0a5904be0cc8bb8d,0
c3f35c175531dfc214f6a07e83e7f3ae536b3ce6,1
63ba803dcb691075901fc7ae32e490ab06f00e44,0
1a8dabad16d27c3f7ff99fcd99bfe9c898c0c61f,1
827c8227aaae997f059f56e8240e16f1a771314c,0
bfa7103f9bdee95d555bc4382d68f039c906ea2b,1
c4c810f320afa0b0dae31b7566dde14f3845f957,1
23c4fcfc92fb5b12b1a6f2686464d7be4e8e88ee,0
9147674c035ff5a9e834b7901813168d4dfa7b0d,1
5ce3ec490c697f2338895fb732011cefc5c61083,0
1528e249e977b13bb8fc9c8302e696214880a608,0
fc1f2c6c64373dbc6ae156583a5cf9bddf25ee83,0
8ac3902d5bc52a84426a14b2829a5dedb78e33f2,1
8b414cdc238cd3bba30ee77f69629c4ec07a56c0,0
58fb4003d9e2bb31778956486ff98f24c7fd0eb3,0
1aefeb4c77986322e1e93fa3e98b9f9178164c16,0
d054826671e66a642117d695d4af2b2f66e8ec98,1
55149edab381f353b23ea5f8b24f99a2d9f7dc86,0
1062c023fd682c6d978605b8ecabd8c67f745a52,0
921f86313e7a15931de17dfe8e1cbe30ef84f09a,0
351c2a6cfa14bcd5b06fbe2d7e0a561548d71655,0
48d10a969e71c550b2be0d26654259e6cc0f87a8,1
55696fbae178da4a99c66458ebade264901dd4ee,0
6eeb13ac942a8a7f8f5740a074e8655b3d7e567f,1
989a544f7b125c7a2dce41653e15bf480fa918f8,0
ee71530518ebd75df1921353a26aea116f22e873,0
9f4e4ba0675657e5af9e3abdb56b522b4740f7bf,0
d5565c4cfc87261410c4a9e3b6f722c5c4f0486c,0
dfe0fb7be1141ed2d968844ccd32afb0a3301a36,0
3d5fd8f028d681302deac7eee743d2bee712aab9,0
b1111c7bfb72e181f73c61fd65ef5c7b9c214451,1
ce72a5a42712cee08f9d4d503f37e97c7a517078,0
fc34ffd912ffe82a1073d5e83cfbe6049e99b5c3,1
219537231123ca98f85cf2b55dad3ebc23396321,0
9e7b692e02854cd6bc962840e6cac3eb9040117a,0
8e389eaba47228791ff0adb3904d4f5b8ded180b,0
495890424d72d1dec4b5e30911c99dfaf9e835b4,1
d8934d219765254dcb46660177e938686a3a62c3,0
8b9f7644fc3a2bc7ce5c6c4304ce1d42caaf234f,0
b64316899de44998930f87f7ce5af434325920ca,0
f4793b6fafd619269fc251b75ff104329cc623f5,0
9c6f51ec95f0ccf7bb7d50a49971b5d6b96e42bd,0
01cd62676e47ef672258865a0b1336cc3cce70f7,0
2ea55cdaac19665e6ede690b9e4ba6360bff0424,1
e33fa35dd532ff9d84f2e0a3fdc0857b026c4183,1
1cb75e218216d61a378141b5929204f6d8b80add,0
c1fd95d195935d5818b443a40dc448e8aa519582,0
a098437e2aac5c179358d9c12f2ab7d715dc5300,0
45c727694b8a12ee61a82a369dd5715b29a23db3,0
57ab08516df03c388ec568428fd86237ed89bccf,0
b609ce86b4a870dcebdc50ea77435c0a9da181b8,1
67d56989bd3b44e2c3fd1fe8090f9575ecd34fa8,1
561a2d8988473cf72b1d3c91aaaec5654b6dcc04,0
13a82ef4e737a00ecd3616b378d9f1c49083db59,1
f10ef9cfe59a8561a1128ae47dd1a7be5ef8af2e,0
a0ac0970d2206da542cb0262c013bffa29c43a08,0
19fef2296f6dbc11627050bbe7b2ab958cc61d8a,0
7d5f9942d7e100ea2e068044ec20565b6c65baa2,0
c8b449176d7afb3cc077311ae4d0d9d0caced256,0
7547a5122090e7abbfaf15716ac40dec209498fb,0
cd1f2679f9b3a0f60dfc095c0a11662ff54d6d7e,0
acdf0729ba13e35e1c4b4a31dc2f3fe8d07d5b62,1
5dc1ddd5e7561fcbd9e4d60c4a70b1be07e59298,0
2bb0885611dd86e619ad1f5ea62dc6b285eb8daf,1
5552789da0d8b1c180835f9636d5912938c0d9e5,1
743f669508a1747089534072664127d6b0ea769a,1
bd44917e550fe2098cb23c551158b028513a253b,0
da614ff2a141df9071a2cd1993f82dd193d4fb76,1
a5a2dd085bafb481bbc8b1b76a5906dcb0508f6c,1
512dac8a0099df8755e85c44c5e1e769577b222a,1
8d0d965323f3398c1a618abb818c3ae28ba4f1c4,0
02469ff59b9323a3f22bed50bd499186376977fd,0
7ed006b56f6599fc174b8fd32f2b1e68e1de2302,0
2aa94d57e6bca095b50d059172eba452d46c74d1,0
655af9bc910b2419dedd847b5945b31234e82dc8,0
96fc6953916d781b5351d6ba10a24de9a19d937d,1
da79f0fefb28cfed7d5a1da7b49b547893289350,1
b219cf98f809b57373cb16a408ac234ac4682b90,1
aa297f70ce4d24bcf7965059bca44114ad688777,1
4d8a3c208e3614c5bb82e6424f95798981aacf58,1
753778e5ff4011a5c6cbd9f9d977fe78aea185c8,0
632089c371cfdd5d21f2873781488a6f2222af8d,1
f94ce7fe225ecce42c3af21c5fad3311bb92aabe,0
11394d4c7c4ca06b42f2d0f27b48934b635cbf5b,1
4b4fd3d5176306c89063a48e1e0ecb802ec4ed82,0
ce0f81761c997ca505815f0f49ee38204ab8b8b5,0
14114b97f4990b33c857c982b07a3508847cea14,0
be31be7b3414263ab8b67884545044aa10cce9e3,1
82d23c82fc2d214a03f3841817ef3ce060cb5882,0
3e76c8d75262b70348201aa8d21b6272ec52422d,1
0bedc485becf451fc8b50da49c54db7b6487de05,0
471dc6bb742eaa4babca1ea3fe7c4e851d33a31d,0
809bc0aab6f598b1f64148b6419ad6b2f8c54e79,0
6682c0dc1b69e3685cdd3d6127dd3c54b671e81e,0
6ec15e0f6f8098b00705c7672d5ddef0a9007a9f,0
2b7737e81a1d3eca575a55b02d775cff50c183d7,1
03194c42f20984fafd317a435cdd5ccccc9d0ef6,0
e64d345ae3b8820f1a33b8b69235b795ee5ff5d4,0
02e2ad246aba4a50d3734c2ce5d5a24c25ed2ac3,0
6b2fa4144d8692bf358eec4e9ca5072ce97d3de8,1
e187ea00ae312b9eba8a9f71724fbc2435f54010,0
2bbe8befe5c191757d2b9d72328810b11c8e0e5e,1
d26c3144047037afaa06e3af2b8c8ee9f794bff5,0
efcde5cac3a6750a5cb98a2083b42052022353cc,1
ccd9cc11a10891bb599ce0b040b987b5da493c26,1
d502cd882a7019246ce057e273f9e58682877d6d,0
f6781e86052d98fea5aab564b5da406651ca5581,0
17b7f420014ed57bdab5572fd515257311382049,1
13f47ce9f06e46405bd9ee872f85f9fe0f51175c,0
0ba3ae71cf5c0ca30e6ed5830e1750b24486ebfb,0
8bdb2a7cefb0d39d7cf0aab34d28ebfadbcc07c0,0
9eedd0e3c91a356ee47a237105d3ce60b0db356b,1
a5f8691e3711e0ccf635a123e6cc7b5a39540d35,0
dfbf1bbf09b8605c4682f318fcb305fdf57e8bc2,1
23ab295609dcd317a817c79c005c60f10d0d1eef,0
5a7cf766fcb2cea0bc7d1738d4abf3975448c1a2,0
0c4bf217421b985f013ccea37a3784f3d77cc477,0
733aa670e1227014e304f976e79f5034090dcdfd,0
78f25ff96ed7c39811966a6c1963911ae3025ba7,1
5c416858f4f4bcb44e4eb66d1a583174790b6eb7,1
476b8cfd4e1c8df812a6c08fdeb2ab0b15079ef8,0
13e37c27ceb4e7062c5134b01d1cb5b1073aac17,1
1061c53ef9633dfd3bb77313fc91a80032d03c6e,0
0ee8a192b099d19bfabcff41134fb9bdf2ebbab7,0
e849bab8ac91f596db35c02542268499dbd5075d,1
eff05a41c933b3472f25cf40de8f2e5d4536cb0c,1
1a2f5bc16a7431cc65cc6ffb130ae3fc859b0a72,1
c8a8cb59dc8f554843fc32ca79e0928b179f88bd,0
9db077542d513996c507fa372b762b6ff589cdc0,0
6cbad70741ce7812cb5c44e15e13e671a2794c10,1
f18022d5460b01e53ec9610e1d37f28308c5b8c9,1
86dd395545391082200ffd2ad7b05318c725630d,1
d2ad25b0f8e92d4c8b01c8c04b1fe0aeb80b1c1c,1
a26c296bf059093b6aac53824fd8dfb8a21652c4,1
fb119e10444b95d99da4ea48d85054fec857ff8d,1
82abbd6f99ccf4264ebf144edf5ceaa84b3431a9,0
b82130332a3c2df19dfa3c01732d686e4797e625,1
b105fe1da528d8fdc179c58e5ef5c435d7ed8189,1
05ef65e48a8c3609e17be4999d0260b9391438ae,0
db938a0d21d9d58ba20340cd0f0583c39bf46bf2,1
04cbeec22031024a4fc8d309771206527c49b33f,1
3fcc5153e51a50e462c6a129471856a457044285,1
6ba2ed25151b13ee3a01b6831a11ea49bc72e8b1,0
d63c62929844f060f435410f127461d6c7f9f1ce,1
dde23bbe39cc81dc825bd84c9eeef4543dec7af6,0
c026076ca8370323070c1ec3ce4395079a2db629,1
a748f4a7782708a5d246416d9640772579f7861b,0
f67bbefdd553cf6bb16d5c600be7be3ec83d330d,0
31a3aa8e0379cdb23463620f839e4d649fdaccb0,1
5790ddd987ffd3d8b77887aa7e60707203f0ccac,1
20827129c4e5baa2ea48b71736c6acf2ef11d271,0
55a117aa60e940be7626a45ec4b1c5c9724675d4,0
6c7f8c9bb1092df5088d10c37082eac84f72dad2,0
8309a24344b7bfb5a6a85f6decabec78663e4997,0
10f842e2532244d03b5b98797684e3adc19fbb3b,0
d870772f6b62bec6c5591980d7375e11e070691d,0
e59707619c473cf6a8a0bfce3294eb8f01da3999,0
add5bbf19ad6886fd87ecc39215fc670298e903b,0
81af45b4b75270799af714fc0c41c6f4a1e76031,0
58aad9bc727bc696de06dfd33fa479eb5116cfe1,0
dc8b6b58b644f405b364f48df8efec153f807704,0
63f90f2607a3553a30f6b6fdf3b953e71e3d7ae7,0
129677da62e7b6ec964a10673e63c368adb86d35,0
c9bdeca296ba7a65b4d9b86771988dbb914e49a6,0
92da9918fbc0e2bdb217abec0dcc50cc9bd943f6,0
f36dfb692d4c2762f84e3fe59f7ed91171e06704,0
6c93a7dc2fd8973beceab1f0dd21d60e06e08fb3,0
65028e25c3b1914e3351eeeae4456c359de5e5f7,1
e7d2fef0b35e5de12db80937bd4b83b38cbea6a2,0
0743f56377aa1c9f696e02a8b4f61b99908a809e,1
ede6a61ff7e49273d24daf18ad9994c10eb75720,1
e9d445266c38d3f0a09957fc6901c7b978cf4909,1
d7e053401b153fa80ec9cfc32d66c5467adce9b4,0
69e58a5723a3199b1b1e7af35948e138eeb2f0cc,1
62a93a0a452d48c1ff707ec090b3ec224b335d19,1
28922aacda4d27966866303f004dd3668ed9a4d2,1
ad9bb34d9dfbaa415087adb94908044bb368171a,0
5147621b552b35762027269bd1fa28877f8cd72f,0
cd88aae1afcd4eca39330e301b5bd8c35e782031,1
1330e3a8e9b32a2f094cace0a08aa209d1ce5a91,1
ec8a2f1fb8199e805bc55ddecfaff1a1d4560648,1
e21bee233ec58989d3cb1a098e1155d2d5804cbf,1
36ca15c01be8c8f97b828b46b34b8aeaedd7fcf7,0
8edd18c20a3b6bba5e15cd83d000ab34c3184ea1,0
aa0d952029d541e54f7cd0ef2d9d9470b96a1ba5,0
616f2d48c604030443392c2f6107d57ac31ad9c0,1
eba67f7fda10396ea51f5e7389cc8850eb33f21b,0
fc04baea4fe4a7eec6e7cd77a5316fe731e0d1a0,1
3edc4b7ff350e99eae413de12ec07d938cccfbaf,0
08c3faf58d79442eb1e7eadea1e4bc9e0ccc9931,0
311b6775f037cc51461a5efa2d224344766de494,0
bd9b2ecac88aa0faff2a1a472bb24cb77fe062b8,1
07e57b485378e1f501babbab587e9240ddd2121c,0
30189e80522dcce9b9a4945677a2ececd5abc70e,0
9a0e671e3e9b4973b670a0c730c6dcd89f8e6232,0
4571923cbe9ee6b71a1edea089419cf97db1d43c,0
af4cfba34e358fbb6411ad249e83ce8d7ecb4e63,0
8fb4570675c9bb7161006cdb1a7aa10ac6bc817d,0
cb8d052087ab343bc4f4845b41a4acdfd6e4000c,0
a5bc0bb9b9870ad0ce83d4e38ceb4e7bbedd2f67,0
417ee4fe35199da7ea9caccf855541cd3d1caecb,1
5725c70ed477c418a9b707c84decc8585c7d3ef1,1
c983a97ef33538e63a1d72cb2f1ac2b2d2d9cf4e,0
5f6c6c89a360d1bb8f660e4a280010dbe74cde14,1
a10fd8b7ed1b86d037fbcadb23439a794aca03cc,0
765b3b4ef90ca3de4175752906800855263716b7,0
1286016e8dbaefb72f584f39a1489ae73c6608c3,0
d2dd5e0284933277597f610f891aa1b5dbe59cb9,1
af5eba06fa6f1c10d63c481b1b8be177c1320246,0
5165c1aaf92befa54aaf7897112205bc557e15c2,0
2af6f201b6104d0d985d0820db06098c681b4e74,0
0ceedf3306a2325c9cda5c304a30ffa1096ecbac,0
26e905ba247a0a628217352641080eb32cc62192,0
c8c2d4538c1ce9bf440abea423533c99326ba1c1,1
d1e713c57911ab8353c6ce10567d6cf408aaf192,0
d888264d2e8462ab54f3d9e09d3e083da021b22e,0
765947ca292431c7b7ddd6e43d0d28e1254b2a13,1
907901ea3177ef2e1c2f2fae867b709bc4a2beb3,0
8fe342b1b9aedfbaeb670b99ea5f0a28d566886e,1
6b5e3b0eee18f08d745864769b29452634544a4f,1
ce16f8205c2e7b8ce464226855152f2374453d85,0
ae1d7f6ca89385b32d29296264655cbf2a893731,0
1b78bf9b945d9da3fc0989bba769a1de823c6019,0
5706274761c63380c15dfb3368a95e6eccd13cb6,0
6ea14c4ea82b6f6ae39db0d6e6bf954ecb61209f,0
531e3b111224ac56871bac309a59e9dc9144e70e,1
45be07dde3625676774844dee50d8ceed599a865,0
48d8ebc2d09a96fb65dc327625c077efa5bb5b23,0
812da2ac8f84b37910f750b6804e7d61b4e27581,1
88b1a74c8a896db8baca5e4e649636d14e62f3e1,0
f9e4a88c99c89a0bef97b907aa820f41e69d96c1,0
fc07756e6bc8b5822e4ab5f4ac9f134407e6fa8f,0
90eb7a67d7d952c73ed3f5f159ebc09613d6af03,1
f11857e50f263ac565b630a76b47fb96d7b8198d,0
b4df13a0398c2c7efe74de38c5b0e5182ca9d3d9,0
ccd764753616503dca6b7d471476cf71c9db385b,0
232bab5a8800c0dadfdd779e3bd4038d5c2ad631,0
a5a9002ef7754b6a469c98dc92363e4ce9c0de8a,0
e7531d696aa51904711d7cec4ab473a3bb6c9d23,0
bac16a279eff8de63e733e6bfaaa335fc4cce7ef,1
d254e05c5402fd1812e32e8d0d6fcea174e55e0f,0
c6cf6b012a0ff307e69ef07d401ffc9af19f0a82,0
278b0fcc4a0b3a004ecf2fb7eb4247833bb11e5a,0
12666dcb2bbb876ed7408d2dfdc644578775992e,0
131cf94911d6d6f45dbb0b060d28456262782a3a,0
a9a9985086d7e4b53d1d144a643da13d015240d8,1
991c955516f60448e8490f2388dfc6e01304c9ab,1
ead25212908d657775f86481998e1f2425e4d624,0
44c612679b282e4287be778e6e76776e100dfc44,0
1975fe08b5dfda475a61dd090e53350512d0e632,0
d910cff49ce5037494b1e691475987590d5c5b24,1
ea6a70e2983ab4ce950773702542dda18478168c,0
00853f1e7242644a5ca9bb9771ebf66a945d4952,1
560da106baadb106d1e188ec78568352b8fb44d9,1
0f6293cf00c8532870071264e56f2b527627b82e,0
6469ca90c94c54ce58ec9c458e4dfa694e78c2b5,1
8d90bacd87379de2401db389b3a8e00a5d5ba829,0
193817f326fc495cfae43fb456b804022fb4e529,0
7980edd1f0828174ae2431f1bd2b129d4270db42,1
1d7581920549d75e072852ac35e71774e04312e3,1
dcccc3cfeb7da21144aadcf67b220e10ebaf1a45,0
bc632fe3f7a892e9ec1d80553ed069380678aae1,1
e0632358fc91b8155e3d8c46c0cfd4f3b54d0473,1
91fd184b2cbaeb62118d3e397a3976e2b8792cd6,1
e176d4c69b060e6a517d50f1e1d47ef6c1dd0f58,0
1de2c60ac7b58f6b76643b7efa1f8789b20de8e0,0
d7e5b2046b7d27cc2b594574b81e42e3d5b95bcb,1
31705e6a9710dfaae768eecf56d2c7fa6e42b526,1
764c16567b3a5f6a79834d550f0c34038373df9f,0
4796c36db0435d17c94023858326c53366058bb1,1
96b3c40d6284d3b210868b7fb68c9ed3b780dec7,1
db7c2d4d05f3c83c8ca8170d700174ce42327b7f,1
991c5cf9126da26ef6a28e065ebdd9842c92258f,0
e97b9de4ec8cf32e87925ce1af1d47924f0772e2,0
055040ea9dcdff3f23e63b5044e51311ac3d6f38,0
994ae2c454f6465ccf2e8e79cb9cfbd2ee040bc8,1
74f0f256a80ccb1514dc86d96ae207fba94e10cd,0
01a3a704ead74327e1f836dbccf36215839c0fc7,0
37ed96a5603e3680e81a772b1953a3190706df27,1
b240030fe5698d9d18c0f53e0e1f2c288aa4f9de,1
92007096a12f05d7dff430a401cdd2498d3f35bf,0
30c0ef2b2a53098557772a21382524aa97d499f2,0
e6220b8e569d1c17f05e96155a0e2d86b4125558,1
3455a9d07c419612c5dacb75bc55c89057316871,0
fab88478ab90e7096a478e6ae96008598a4327b2,0
98b42d8ed44ffa8b6687b2ebda9dc1fbd0f862db,0
ef822f575026633beab59b258e10e801391e9921,1
33a08749cd753b04ee08b4cd039124f0267c8ad5,0
c2596b77a400dd38701ad4f502e4c762e4b407ce,1
e78a487684b2558d4897d9d2ac371b4910e9bba8,1
81cd82618b5a37849879e125009078785e1d3526,1
741d1bfe439cf67e24bc016a8fd0e12bfb8e954f,0
a7816fc4defc3af53a023d8cbd434e8895ceab6b,1
a067133289ad320e222d9a02caab17fd355cb925,0
6c3a1a4926d847d50eae8ad9e26d2edb0b979872,0
2d2be5feb4dad560b6cd6c6004aa8e82c37cb535,0
2788239557e445f8f4b6bd2c9501f8f67236e83f,0
b5a9a7268fec8685826b61505fe44818b7793187,1
90a95a3e0824387e9a10eba8c4da315aa9099f8b,0
a066c843c3f474a651331fed47f0b809d8ce8737,1
28afadd6ca29f77bc61d04abf186252e6389cfc1,1
aaf41f47544fe11e6b390af1c8da5990643986dc,0
de45f1fb17991f07628e97835a849e3a0b53b5d6,0
9b3688210bc47dfe9314651f745d3ab517c8e178,0
b5d120daf73e3302f7c324c55e908c67ea88a466,0
c532557bea1994d395df9e77e147109f1fde494b,0
b41af7c893947145099229b0b436d376e0ccc80f,0
fa7d518b024c9c9fca29a963f3c14e5c9faf5a0a,1
7985c2c139eedd7f8143c650bec7696193bd08fc,1
30ac86e36a0e4230efcb6805232d2639176da618,0
cc2c042a923de4d27352c276487d9964fa7da987,0
5dcf3bb7b01255ec850d0028d1869388ea3df7dd,0
25a4b4935cb5eafcdd03a23b6ee0910d20c2557c,0
529606ac431ca9f55ea07112a23fb8b43da42ca1,1
8ea97b2ed095b1bb39ec3d16e043db7b6bb43d39,0
6277b8764e1cefef19d1bc7c4ee33c8a1a99c8f0,0
6d3f187cf0a146bd34900e493537e056fab8b476,0
e76d06c765732e63f7fa05b4fc4bb53ffaa8757f,1
1248ef26f6641bfae0a085facbf801a9fd813ae1,1
3abced2a122a3f29e25cadd99bc032a0c4cd71b4,0
ccd6c771f8b197154359b9cfea604932bb2628c2,0
768113f2c5e7cd7ece819de5b1be9abe6afd2615,0
3288f4845af7f83eb35b5b8243221ccd5c11b95c,0
6f6950af343fd3b028dad5585f3ff9ac8338ca6d,1
9481de04d009e7e2dfc5ef8270e4f45b96f9b0cc,0
7d560eb28969d59953d81126b3785940f8f12259,0
b1b78138dfa2597eea22daefec2cd3cf03d7b714,1
e766a07eea3dc9b4826140b6d43d880164ae2c44,1
94962692a28d5b7d572093d0bda17a4ec0527821,0
2996e9d5d89180a0ef652c92993152cf16689ba3,1
9c9921dee2f1564f0fde4c8babef69a69d2094ee,0
3bdfe4e44b45607ca7d121afa990eaa97b18f564,0
1ea0a6e53df6b208ab4d3f5af94a15794158ca80,0
4d0f0f1b14adeeacd331f6f142b4da4686ab7bee,0
f2342bf6adf9dac580911f789da1e28bcd7ac936,0
93d79384859234fcf82cfe41961f41b0266ef476,0
98b21548a8b1c4ef24e6e70ece0d7738ec2d3095,1
86ed9a9a11d11ab97d6693f4d70de755cdd346d5,0
5eff3f5b884b112547b2ac4574dfbcf8ddc2279b,1
65f1af44bf556848860de8bae1f2bd0392102b6f,1
5cbcdf36891df45c2ab6b0d32b493c9ac3a141a4,0
bd5d2064cc0546beb787ba791f1eb0ed49a61c19,0
bcb02589d52153afc35a46f6871a1ee7e170f828,1
144ffb936f3287f1f936923f9e87ded82250225d,0
3a4f18b414d95418f30c5f78440f4fbe085a56f0,0
a8f2efa3f32ba5fef4018f3ab74c815ef3f8ce45,0
9d94c0da199af472f0c777b941c258311f0f1e3f,0
5ebb55a33ac0faf945faf544f6f29bfff4ef6293,1
4d6862b614f6a72beb3fff59c5e4958db8e2d92c,0
33fc9a657c55159df4e2b5fa470962865029407d,0
8c4d227f92ba1f098ab769abe6dd8f4bdda424fb,0
61124623ad79919a60141cdc57ff04ae3203e742,1
cf04d35f7eedf3921ef324aad35b2a18a20df890,1
cbdb025f314f547cd99232724811a3cb4a819321,0
10b816642c7c1da28eb82e64a466f324134bf3ad,1
7afdbb3c00ce38457c1d1c35f640084b39da8b6f,0
732e6f321e7af6e86b07c8f8bd4dfa8b4f686e8f,0
0a5cdae75312ee3c1155408bbb5c17bc66f1f454,0
1104f3c51974ba607e287b20a889d0d9169ff1ee,0
0c763b507beef2bbf800f1765d5f7314dce3d2fe,1
76352dbd95cd3ac2caa03a1fd51a33e86e25293e,1
7fd55f33be111c02ca7aa3e9a24eee1d7b1f6d27,1
4c4363722c092aa1ddc153beeddcbeb2e0460fb1,1
5a853f162e4eef8b13dc43a6d9f8431755c7aa08,1
8c5abaf3c08bd07b584ab891a01c67fe9e708be7,0
e435fc6be9d1965562c068ac71515ec1e4f19a2b,1
399d3221b316716e115fadd718df55b222c473f9,0
5e9d0551377c2c82ca99c407b733e7f58e204fe0,1
fcce5dc34d443278a3a905e990a2a9a7d572b329,0
3b1b22a10a2fb382dab1b8542964253bfb32824a,1
d566facf823e6151177c0bdee6d34739fc304773,0
9b515cb48a466923c2dc5f8bbf285de63bcf212d,1
5add1f281efe5fa71534ef618b2dde461772f14f,0
29eeea3866d745b29127f512ca2fd111adbaca96,0
67cd24c66a4901d44e25c28db6d5c496d6641f5d,1
4bad7c62e37ae7f98480ce635aeb4b0ccc7dabb4,1
68184b7d0774b17db799bd97127143cb1b847853,0
a7cdfe67c3a7f5bbc887006eb86fffac40168c0d,1
5a043568c3bc22a5286365ae59c86dfd5e80c06a,1
4057b75e53ce2387149e6de5114f5151c05f2dea,0
d8dac64fae1333b36bf6c5696a91cabae433140e,0
1e19fd0ddeeb0b1bcaae82bc3dce052e1c9bd4b9,1
febc4e6126579d0cd19a7ee5ec872799b696198c,0
23561668ab246dde8db40bb6ac2169f06ba115a8,1
71a19a0f5536ec31926767028dbefcd04f7db213,0
c63ffa8bf916448817eee1f7f08b60881e711f34,0
18a0b79ff69635a966fda92d5da910e702a005b1,1
627a30790888e21a132104fa1b954348924d580c,1
15ea51955c6f9437ec53e8d99a75ad4d4e572121,1
9fad25c0e893a657c19dfc2e67c5be6eaf006044,1
79dc1ac50ea6275e217a5bc2a811c5d075b92d59,1
d8f5ad41a2a1cbae73fbd0a7b2e965657b1cd7c6,0
c74d61a53785789e6b67c7d27a49f4ececedc00f,0
e972fc13bbe35b8cb5054a326395c5ccab3ebb3d,1
a949ed9c8bd2bd063087c1d6c3401ed990ef7778,1
6d85fd949794b3bc4c23f08435b09897125cbbf2,0
d5b979de06d984937bfae7fac9d8d16783d035c5,1
046a414e2fd55d7acef9c6b1fc2267ca4030f2c2,1
3bd2ead0c37f95f62937d10c1fdf9695c9ca0d2e,0
4098b2e3d084e464379b63b1bbb26561cd9450b2,0
6c87b7a71db5e067ea9079649d2c72d083873161,1
c42fe100e9eb9eb02733996dd35dcbad4674f98c,1
b4694255340b0d385ce805838d552c7aca484127,1
6a38325c58218cdccbccd0cf3c50aa9802253b5e,1
7bf2000146fe2af51f728fd308bcc7201a3e1942,0
b032fff3eb51da958a3bdb7c3a616141e9e40fea,0
0dd905f5cf5428e36aeb62ed68b205675662a154,0
68d0122811af0a4e9e5d2da7832ab9df57271490,1
37ad8cfd6582b618cd48b70c88105861eb64458a,0
8a4b4eae7e2a52487e533ab41a59cb8f3dc577ba,0
67bdb41af594aafd554022cec5310778812ffae5,1
25a8b0fcbd0c398631013036898675610e12359d,0
a008e8d3b4c112574b396705a33b062acfb15245,1
784075290d2d31f7df1b8087b2c9b727ebd4108a,0
b2ff7e32084e84c3ce8e43facc5f06b4ba6af62d,0
e15becd5db609d0df260c77f78dfe7b6d5ee9a25,0
f84a54dc1d6ff1907a590ead3369e6649209e0e4,1
e3674aff26f6eeb885a783f8d4d64145d1068e7f,0
267c270d6398662584c9e27c90cb027682c08c33,0
7f39384257c2ebba782641c758c6be43ba35276f,1
4620c803a0339309f0af199a16774ea149a6d833,0
c3ece6541c40e3210cdb09861a7d35b252f1115b,1
8c1856359dd0182f506825770323671381a486e4,0
fbcd1de3f582e8e7eec0681f6481bc2da0f9c3af,0
a0fd6cedad063679388bb89c6f147b9bd4226811,1
a79251fe2a525891d62b0afa4a63e82841fd7ccb,0
e03694416fd974e9376efd64b72f1bc6b59c3b5e,1
3ac6ee4162a7366ebcfc5ca0ce4006d9f78b5b38,0
33576304aac3e40e18f9610f18dfe53868df00f0,0
ba54fe67e5aa11dfb71dec57b7b7c6d26efc6427,1
43b7926508ab5a5da8b69b23563aa73bce788995,0
43b09ab8bc75da6b49546f00a3c31da3e48853c0,0
6d70f5192dd5a07b719a69677bfd3d4608963340,0
654ff24f23241ec67923e456dc5242699214e524,0
590d3c8a8d33f8591ffbc9cd4c695df88257c12b,0
7eeb152f2069d58ca6fcd7643ed8dd497af4e2f6,1
72cd39874905f12453fb83cd1a5596a2da63c539,0
598c4d013cee959b6d02580597cd51dd87e06d4b,0
163a62a49f1dc95d37e5d156f973390b9bbf633a,0
361a1b072238eca597a7e2882c82494ba7cb90e3,1
198354d6eb1c117bfa0cc99a18f0e4b6cea200bb,1
1b0afb3114d0ef7dfbb754e53d3b9a0964c53e5f,1
9b9f5841284ac6986afed9372ea1b0a6d916b871,0
c74bdf6e0ba4db2fae4567dd5514caa379dff4a6,0
a3acc8df0dbbcdecc727eca4487d550dc3e5acdb,1
d3a46fd1f45d0c9c77f53f842d1e6abc5c53e2fb,1
5372170104571a4ead790525c3ec3ac4e74ae67e,1
95e03647623aec8963cafd2efbb62ef80ab5e636,0
3b3789f7b479f53796200cce8dd509eea4b30911,0
3a9ab08daa1602e9b1fc6d5aff201344c5241486,0
fcc852840690c28542726aff3cbfdeef09043193,0
fa0d6e7767a296f4015b86b2dd70318bff70b040,0
a3b3dde9d7823efa7fff654832dd268baf764925,1
fd30a39075cb4c20f0cfd179bc037f40f93f2ec2,1
4ecbadcb45b4093d8d51e6e1177ab9845572b305,0
243ec62b21a16bca8569615a5c435578fad115c3,0
35ffd8a5953562c5f09c37ddf83485efc1c1d758,0
ded30a6f0e53ff8adbc2483c711de8873419d87d,1
ccf721f33aeb096cb1b4734d793786b9120aed13,1
bbb248dd0712ab62ca8c93284625ceda0afd8a29,1
35971d53fa605b8fd4d65e3a4cb19eed0395bfc7,1
fa67c7aa83504c2eefa016845dfeca2cbf2b1a45,0
324fbc01f5c6106fecfa0f8b6383286ad60695b8,0
09b0ce873ce207ae9aa882315788c228fd42852e,1
baa94e2c5316e36d053c1e234a00d943a95f81c0,0
4884eb52d95095deced05b6a76a56d50f70cd946,0
d5c3963e3346c74942e4f07c07a3674076a2fe45,1
6850676167b1b2897a75fb8071523969ef326ddb,0
40404977f627b5d42a7a1c1037f70585ab840877,0
33a3a799715591cb7fe4c2144d0dd136a02dfb57,0
6105dbeb544e4d8457d717bc38a358021d25fbd0,0
73d55c1d1a31bf73069dbc8ada8c8b7d62240700,1
85a2fcdf5c7929be70f4dc38943adbd3d0afb026,0
f5d62844381836e8dea1ce840a00afc017f5062e,0
4869b8fee2bad76f768429641e8046224e796473,0
54c3a7f918ddc4b865f1daef92facbf1f046f7f0,0
ad99d315705ca35e7779073cfacfa4ec21082e67,0
71da4da1594fb4a1cd10c15361936e7eeb6b5ab1,1
f5daeb8541bce84a1360827ec60648f1aa368490,0
01dbe265e058e283392fd904479704b7f6dc2540,0
5a3a85fd776f244aaa10c8f7b12e65cb801c566c,0
789970e161bd24e3066d21b7e16303eb69a0b3e0,1
1289ac342a36e7dcf280b3bb9362c45d397534ed,0
1178bc163ab6f1defffb12186e86f34d0f8be4e0,0
ebd296a57820723c0a0e0e4c67075b8592d5a179,0
09f03bf4077335c820272361125e1ef602da9a1c,0
2866cbedee0a6e5980903dc4173a2410869eb7fc,1
11cfd04d3d8782c8383bb97bc0977c38b3308cb9,0
4902b9eafe94a8a936d03823c56bb70e9ba9a6a5,1
6ea64efc421a127e15eada4ef9be7be755834435,0
661024821b2acc1fdbc7f82a5c698747317e19dc,1
47bfb03815be25a1ede864459322f9069428276e,0
ef7568fa2047c4671505df472f3b2df2d09894eb,1
12c44b00365a71455af5b9d6fda26211178793a2,1
3970d299e8f2c2142d5bfcdb839dea0881122a8e,0
1a076dc193d76089234d361432e8ce48dc789cf6,0
03e4e3c17b84e31ccf03df7e71c8180b15a204c8,0
7243c9bfeeb358f4b0483e35a63e79ab6b685f1e,0
7233fc55fd2bbd4431c74ff4e63be385389d8bd6,0
30021c21119d364096f6e091752f33ec430fd018,1
7082dca410fc2e31d0da2d9f95d37eadcee7d1ce,1
ffd6ad8df18d1773c97de9b9a98d7dcbb7387402,0
1738cd6aef05dfcd7a995a9fa1e90a9888a67328,0
81dd20a9230d0347e50baa78795b3c65d75166b5,1
7a88a360aeea7a26e365f784412d47bbbaa17343,1
0cdc1e143d186e91c5eb86565e8d0f69613988d3,0
e662a191e48d8c4452e65a9ccced73d4881c7331,1
d04b9c99fda8b7d383381d6b4dc33a5ef862ebcf,0
91b6a8904fb78554f52d50820d4487f1894e9f82,0
f1ce3103f35581e74b0014a0b39b4e3a32816c30,0
342053ed552d92ae9ea7b62f4ead5847e7c45984,0
ada4ce7d656cefcc6e32a7ac460ef0bc275f949c,0
47c62faa7263b115dd171983ebf678d9c086fa08,1
f813529d5609990c84b765cc35c4374264a06ee2,1
f64f065c164e4aa06b32102d4b3203cd2ae02605,0
c0e20cce70aa78f99d02c6b0c3455bf240b91c92,0
24bd5e6996c89171bbc14486e3f4459e782eb182,1
9814e8fd3a80b25f8c4e03482ccc628700dfebbc,0
c94b8cec09bf45c7a148b9be71c9d7cf0d6c0eb7,0
c49f76856fada6ec3377dcbd0495cd8aeaffb404,0
815cbb40a7b8c223570ad4ead0806323c5c769b4,0
ba7ee1a4082590ddfd73bffbe18853158eb31790,0
1ede8904b0a3673f77fdecf664b710bd5d6f4af5,0
b8bb02f772de78655b35537a5a1a6f6737dd8457,1
e6c8b14d709362f1fbb824ce71e3dbb2f93d8fb8,1
4c552312be4e390e98891904b28b85d6fd7d474a,1
192154de8f91ca72e57d70b01b951ba7883b2cf6,0
c381cb91a8325e600aaaec15fc89ca451609f7fd,1
e9fcac8dffd4cdab357605e5dff479bff9dde69b,1
d9f16d01b0422c201b0993fff5a54f806640079c,0
cddfbebbca8dbc5c1349599bcf9f2681ee5a49de,1
3714887ab6fc496adf7976290da157984b858015,1
94f2cb6491d41c3f09a8df9881761e77c5866aba,0
9a666c3046b99dc7432e4206e7374e30637285c7,0
ed1d317bf2cb8d7e0aeb7663d7a1b77e20a8d3d0,1
42fb33cd253a38dbb77848416e78248b662d5c49,0
8272ea4d17559502ae9ab36f735a9925a91d133a,1
180a8ff1724e913e876110aacf7415976a187877,0
3c256faf0d056d0d5b30c8dc2f5ce2c2bd238c70,1
91ff4d11415697b4e4531b3f6ce2c8b3e3affa28,1
53d91ab537194e03bf9e4f553cc9f4789141e996,0
14a61b9bc63a02265b36923cf80acf9e173e86a7,1
b9d8135e7d5c76f433ab7312e37c560109d7ef80,1
76148184c34f99c871871391639ac60d1f34f6b9,1
6d2847d001eb4fcedb136c46d026d86d8387f24d,0
b15d2041c3e6eb534eb4df70409f2440f3366fcd,1
244222451965acd4b7c7fa85a5730a2b86001c6a,0
d32a5ecb42574de3f5011598a0b61157814b0d10,0
32a5e1c0a640052f2d49b7850d9dfc5dd364a265,0
9fde09eba730671b1fff68db9716c5da64baa90d,1
8ca4b8bb2c2e434792c6d429354fa27fb1bda106,1
d9e6272d27acaaa35946fd40563cb9d47f9fefb4,1
97d7c0c09f81a772e475ef127be4dcfb5cb3fa3f,1
734850043750f5d2e777c97956bc31f202104dfc,0
c9a28f7fa304c9e614e08b40212e1d60890fb00e,0
74dcf2bc91d243566b2bc84faafc2af5fc7c0452,1
edf65216fe70d31c8c4d49332f7f28d0d1b21655,0
643e7c66d0279996643feb90e1c7b55daa2d4a1a,1
2fe93931418a5360a28e29247cc29356cd5a0670,1
15e61cb8554f8ad8d0ee4ed28a12e38f02c8f175,1
95460d09f5399a14276d0661020b217f0ddc1faf,0
b9badcd6e71268c899144091fc8c9a99376772c6,1
d81e65cd32a696383fc93518285b21f9bf05fef5,0
425be46409815e7712668b8fd5cf96adb64ceef5,0
7e428f992f72a6046ed18acd8649eec4aca9ce08,0
37ce9d506a495db888d3d6521e134c03dd140e5a,0
6a6e9c422142e1854aa5e4a234a24c028212f084,0
db2c82d10b2b99e318491fa46deb4a4c90decb57,0
04097b93173edc5130e239e3be7db488e0c93b7f,0
540bf10468a1eafc0725d6a48c5215b684350e07,0
3038fd16cfdf8ced79fc3e5213955643109cc211,0
7934974cef834484bab4646808cb2d2a33f5b3de,0
5dc155bedafdbc3a953ea0bb279592f2116dd3e0,1
0324ca19a143137b53c6a44ce5e4e2149a261ce5,1
bb773f9632fe9fcee7674377117b64a1d32faa00,1
4d025c24b9128d1dfa643e110fd1eba62c7a0538,0
cf0fa47d396358ecb1c10b50f816ff99a23138c6,0
0974a201de29c03e90eee2ff223191aeb592f331,1
983a281985f28a4be170372fd9c6322c52c37919,1
b86d8f6aede57f60f47701d5e52f0b25448c78f8,1
4c7fb6ffbe1de08e4dde93c18f145ddb89d06b8d,1
a08844e600d28581f2cccbf01d6720097e1a24eb,0
f60b765a9dfb5c915c5a8add3046ef64818e05df,0
109d580edd04718811ac860813a1b2fa63803cb4,1
c7c65c8bc53e8d6d65a056e8459c143107929357,1
8e6b959c26cb5983e32b26a21c82240a779d7ccc,0
a6c5ca8255ddb94ec682ded4d148e7a08be028e0,0
56f2e7ca8dc9ead563156d5335ff090bdf23aee2,0
c85392cccf9a94926992ed8911cb44b188ed4de0,1
915f9b3607dd4643f15ed58aaabbab4b73462336,0
88d44bcef4a7679a1a5aa03789294044a7b69e3d,0
8cf1b363ccb2f5e63b75e80b631bcdd8419b8381,0
551f36dcc0203f49ff5b42f8952778623b735716,0
f9a67d789cc2950fae89b6875c07698d0b7c7ebd,0
80ae8edab9f2612a1c0b71f45eab15fa03601647,1
57716c41e8fd08ae49e82562c7ba1975c5dbf27e,1
95390eb5841e02bd0c68c5dd371f3b688dddd2ce,0
f3b21bd31eef58ea55e2ac0b09db9172fe3265d0,1
eec32e8474c7b4b4f17c64e783578c617b13d575,0
35b12005b73037f43363a7ace95810b29de42e4b,1
2685f9851d4eb0bdf97b6a60e722b41c775fc252,0
cb9737702c8442f2f8b52d614f5b865af4d90a98,1
e4b142f3c5afda7f45c432e9344875105fb4449c,0
5ff59c1185111d785beff8148b53a1a5271a9c39,0
fa80a80bc096bfaf84ebffdd726e9e0a1606aa5e,1
42a3dd7bc16e0291fff7dd6f7ce7b6f804d614cf,0
be8e42e71319a46fb1f1466e5b5d93a74e5b0ea5,0
a65c166009d88184148a95a4230ebe92b6ddf4bb,0
857b6227e0ea655b761d2eebf18d66ec99896830,0
bc6f98a7fa42b5fa7957a4e1d8a5bebc0f7d17e3,0
209150a1eb1e4bf5c9595fa1278044b4a8799972,0
6661110a402f793c91896ee2c5edbc71d568aa4e,0
c59642997fce686c2049ab26c980a09c553b9587,1
2dc68734932f8a1ced88001bb22ab8a7a5302d70,1
89f3900dbc77b87c37e2e2d9204829af0b047668,1
af623b5ed653f621d668f0bd85e8684f0b94ed89,0
d2cec37a2c8ca9c3698e34ccb3926dac8f63341d,0
4c7b45024bd8b4d57c98ca6e53ba32816ebfb0f3,0
a4d1244a4ccd4eccc47ee0df0a77575d01e44831,1
802608206bb2690f8cb9e9a41f842c146d74b403,1
e1ca7a812a66a4b2525324d3655a83987853c946,0
546f4470ad772ba450c6fa31fb397549163a0ef3,1
ac38f45e89a49b483bc802189183d254b5c62201,1
f36d90bff7072423e4fa8f85692048cf53d04d50,1
5027df501ac759b5e1ae1546206c937f34604d83,1
267fdfc4688004eb952157b4b85a8d0b7dea02a0,0
f29616f17141adb44697014ba59d6092cb03fe53,0
247d45b0c5fc5cb61b3fef5065e1e276b60ebcc7,1
83f228fd4a8c0b79e51332dd8726e1aeb1dec702,1
80a340b5226e0e9ec2cec09a9c3e3cccc1c8809e,0
b93d773835e8d8b11990863687fb2e42277100ef,1
12d98ac496587c1587411701665df31e5c8cb3b6,0
c518e97ac36ccc6427a49e2564312d5bdb489ad3,0
dd62b6465b8a2db365d83bd9e0eedff957110fbe,1
e574fad366dac64ccb00eedea152d7988ecf8104,1
c04980aaef39cf9e21bf4a527f1c0b36539733ff,1
20a1307ef044d93305d6492382aaaa4281bb95d9,1
8b1306ab68b4dbcc3a35b762c843328ee7431746,1
7d6b2cd806c0e727230b8965e014b1b1dbb28b1d,1
71bfce3a9025fb3b345096ef84bfc33317aa99a5,0
8d78521793857ac41266e3356c59fcd90740c089,1
1e032f0ddfcad506fd190b4a0f1250fa107c78e6,0
fe729608b5b21bac12239e198b57b2a0dd0f914a,1
0ff7577fab96fde2ff92a403456dd87332c7e4af,0
dd89abf33df8d75bd912317fa50b4d8f090f5bf4,0
05662d35f011f9d957db2d0305cdfaa14ac879eb,0
1f153d055917f1a0357dfd45d02c619ec93470b3,0
07208b549bfdb87ac3211209f1c05fd3ff737fb9,0
2f11b03b9e9833bb1df812f4920cc83102665272,0
d67629bb2834cf4ddd7faff536775d3c3fe3099e,1
2c027062223627ba99c9db0880993df24a264e0c,0
a3e28d07eba0010dd79a9e8d1e19d4b5405e7006,0
40a4e901955c80fd1c6d083daf16a8a0ccc82ca3,0
a5147bb22e0431c534271994deeef36db80b9af4,0
3ddbfdd8ac47763fcf516efcff6bfbac40ac92a8,1
7278d4041580d73c6caaefb2d3860e8810e0f9ed,0
6e441e081c385c210e0c55062e44ce946eea577c,0
0c6f111379298a92af5b706e05bd52a59b9af2ff,0
fae56a77353db8fc40aeed06bf50adfaa5ce59d3,0
a00273a8dcda99e8b661fb382dfa54aa016539ab,1
b41fc16341625f84b703750a71acec9d5ac2ac95,1
689591a3c8c36e16a1a03793c01a900a444f7263,1
b2cc3efe080a6915eed3770e5aa3c74eb096984f,1
ebeb301632afe9e348f43b617ef3495289b94076,0
24687d2893c5214f52ec23c15244debccf7558e9,0
77d94a99dbc015f5cf340a0ab05ee7df29500ce5,0
5360f2cfae583eedc6a7ed803ffe2654cf0bda41,0
bdd9590fbf161807d80a84340d5fe2ef16cde23c,1
da5c0e0dfbedee49938d8e4457eb9477d73f0447,0
47a33820e06c9f5a3325fd87bfcc36661d9bace9,1
ea7a160d6806263b9b9d6d1cbad6e05e5c1651bb,0
c0d6461fb7c30422593dcf1e9e0b072a7bcd0dbc,0
8b828324c7eb517a6bd8f02880f3b59ae725a115,0
0a14216a717fab1f7a53e272a0ff83fb460e6434,1
9c72f4684a952e5553ff054515af357e7fb37196,0
2220804bd16f1d7b95ba9074622262166037078a,0
f2eca0363780c399134caf5587fa854b5147dd00,0
eb410f811e7e34c475a6ce3c6709aa4b22fe70a1,1
d15247b6368540d19a3cf78e55504a662ea61063,1
6838e143e201a644d1ef1f185a37e74ee4726004,1
e80e5de22deb0dd33985b1a8825f8b7521870740,0
e45360e8c387bb86d7ce278c68aefa14adcde5b3,0
c866444339d83db278c63f9a62ce854292efe95b,0
12b0273d1021b62d197ad6c1f4a70bc867a88ed4,1
cd3081e07906867da5dcda4a58939dce2e828b89,0
80713bf1fe6befa4243f4f6c6e069ee97efd0cb4,1
644b30d6efb82779cb91b17943ea1de5b276a92d,1
50f3bb276ace956acbcced68bde8bd8fe906b09f,0
e5d84168ea4fd8034dfe8ef47c029e80866ae7cd,1
e19d29e452cad6777ce5878dd5a9f2c204d35383,1
330ae97d4b1fac13b6f1aaf06bf61ddf03d9d45f,1
a6854b5487a41b3cd321593a95a6fb2c4a558fa4,1
4568b8a71cd48363bbb1b5c2b8889b272a8edfd0,1
ae2a21d9b41f8df19029e496f07c51c86e730953,1
a77d3c38412227f352c852a950fc4ae2a9d0c23a,0
9f007edb70b816b1603f5e5f387a06c62360397a,0
8d66bdf6b40ea69465f2ea08433de96a51417d6e,0
72721415c48b901fa3938b61934dad9ab0eb18b9,0
6c19125bf7c949a53e0018effa982c83227a1abe,1
68f7c74338996b1d830ea5aeea45a8f2329069f0,1
c74418a4f4ffdba67b16f07342865172551f260b,0
6905c734186b4bb61a6f54922596e48f8386d9ae,0
38c373e2123bba98294327da0c76199cfa72dc01,0
973e209c64f11a3cec5e97b8cec634afa631da28,1
1b19698280ebd5987f653a9c7df7c9d4fd9641a7,0
1307efff55b72f8e84965e04ffae7bfd14516e58,0
2543f3d14234231c992c020e6e53218cd4172a3b,0
05a1c5cee870716442a935a940e65136fe647832,0
a378ec1d3decd11032fd847e00541e4025f1aab5,0
3d198a8719d9ff5a0de0e1471ed4667427ff62f0,1
630d9d586c3e7c775d4bd2d114b3a6875e6db590,0
8d9cee93bd6d5143d53eef466ac20c2b1e9cec6a,1
a457f81d9b4237b2509398936fbd5e65e322a3a7,0
a98baafe3b184f55c732ebcb8581dec5851df740,0
6001357455971ff680d9a41c4b284f0c616eabb0,0
14e2c47e8e453016843fc3500859d9cce5e7ee06,1
821bfe2ae68a21b9dd476e6ab3d0815b3ea7d8ef,0
c44c8eb6293e445936a58a1fac33d52a5ac017df,0
81b6880e7c30834bb6921fa925f7b5424c6a85da,0
2b847d6e356fc8e5f2a7c418d6bb7dcc8df6221f,0
89eb1a084662026c79687e50a386d072669452e5,0
edbb2568571f80c7eda949dc634d67b1f580b4f5,1
0385b6d892f6bdd7812bbbf0b8c9c9d5aa4c457a,1
201eec73fd416575e024616a6508f205082df2c8,1
daf4e5a235b0711c0e3edaa11ba8daabeb6f177b,0
1c7eeef418ca314fd2851c9bf47f4ba7dbda4eae,0
6002ebf4f854ebbd7ad05576c5c32e5556b07dff,0
a5ae466597ee1d6e2f8279719dcef05802a1e301,0
1742435a281e7444213f1f56a02bf5aa8588b381,0
05141a4ff65283edcf6110d625463c2c6049264a,0
d448cc7187f7e67d398ab946f126e93a1551a1a7,1
581053b7a2808ae2156bd27a92199b61728c78b0,0
4069de31fc5a674934e28f29e14828597803866d,1
cd8d1cc690c84b597c91084d9042937af638b36a,0
9ea1f9b98da126766ce9130e7c5221598e712927,1
3d7a4be3fc7b9a61c51d0b1129f072848d3ddabd,0
0b2526fa751739cba3b7cde70ca1fc3e48b9e669,0
e5531322d1f459977e2f0a3f10c7f4c41bffb566,0
8394a774b8f39551985041c48cef43b798a9963d,1
ef635d50e21ef4c8ccb116bbfb9892627719f682,1
070ce97915567339353fa5422a8776ecd935641e,1
270d77c1d3a634b18946201cd74bf43667d69401,0
b9df30a1b8d2d05df7007a1b1b9716a3ede978b8,1
61e40acab8bc813aae0881aa4428e826530d7920,0
78c2ec2d2dac9e8e0cfad2164bd0e1a658f5be50,0
b5baf037e524a642608961b1fb857121f7cc81ac,1
4d48ee19324bf18f4142393f5a35504c0f97ba4d,0
56c82db0544ccc4d349cb721e31a762ba5834e7d,1
4f3090096052c8a74fea5ab00f9156c5ea4d5e5f,1
4fa4e24a25ce117489ed205ce30e6c1c85a3de1c,0
8e5243686c4e32b8b2b8e3abefe58d519b2babce,0
95b58f22655b1de520d647dbeb454d69b17ab7ea,0
289fdd0b624498197f5462c221b073e4c3e353a8,0
360a2b3516c9eb6e769e041f6249c6504edcd5d3,1
8d0450a1e5cd4eb20c79d22a043270def11e734d,0
34d4f10a2bcb93af5650b1cdf42738176d8ba2a9,1
d07d15adf66d68ed9f4418df205afe511c288fd3,0
2777eb4ab397e941e65e9b9e74d4489ba50b0951,1
58853a43812c895ace9fb6156049590c5c18c858,1
5c926f7c1b6ffe5b9fa69cc21c24f065547152f9,0
ef9494eff792e38e6df8fbda004b5912825d328e,0
704bb09949b026a93d8e0878e25d967e04122568,1
a838a918394112c3f08fed63e51cfe876766b182,0
ffee0b949f0dfdf43249b7cbd8e89526d09e63f5,0
f57ebaae523eb3ef2a0d813234586b2ca8e79fb5,0
77c977744c6d5746a13235ebe415c37736a4e9e7,1
eee7b8197e6bdc6f0348bc36d9dcb9bb23543dd4,1
296dbce9094d7357737c0db6af54097ab3d249f2,0
dd6367e4060ed7c45b13feccd18011d8beb61530,1
5f6d2bc55811704a7c9b69d129865d234399b11c,1
08719d96921314c4b079783cde1858f7388684e9,1
655449c75eb0e85e9de03067e00bad08081cb33e,1
6ad1b5ce14a60a95c50a218efd9ebf5f6baaac76,1
60167664ba2913d62221e56632d6de151a1fbbc8,0
7fc0917f0140e79c04e840c50c755fcb445b11d3,1
eb2185325067ab594fe853fa5648d5cdd156e4e1,1
40b328f1a1e627d493686bf3c12b5f7813f1046d,0
6c0e981ca36bde6918421696af9c21b7b77321d3,0
6afb6af24b7887696065008302ade467cc16e22b,0
6abae29eccc60acdf88b91d056a006b5edfe69ca,0
67c600bf6ed25c7f87a124d9ea959684a03a9e7f,0
e913d54b90a631f495db447834b54d06ecff36c0,1
ff70b600fa0e38a250deb0c5368fae2b17cd826a,0
cbde67b544ee962a80617a24a59ba713a94eda79,0
435518cfb57f9fc8d1af496c05b3e2954dcf245c,0
bef5a55c05c7029f555e7c9cde7a385a09d98ca0,0
e21a1beaa330a1c1a39ba0ab2642b266469c3b3b,1
c35dab9a9d6c3ff44bad47270a0f923bece0e379,0
535f7e5e01efc592dc098120adbdc947ae5d8e84,1
05898227e016e129b37fcbbeacb2c6ebc39d61c1,1
7444e1e44e983f8ece580e8126dea10b05464794,0
914293e7ee7d42746f19708f3dc3bed571ff8570,1
04032af87fa532fcb2e12b8f9453c4bd9bb53930,0
62d118392346e9449afa0b2e0de108bb97a9f3d9,1
83f337c22f1badc2aed7de53a52fe44755f068c2,1
bd70c05e2d2b22ef5308e152d02910ca81da502b,0
a18f2503b7fbb1ab86ce75a02b5b096c01876eed,1
e94ad7e62c4d9bb9f22145cec2a38c849cde6e76,0
919fc6e49fce69c019cee5d302307784caabca1a,0
a8bfed036ba9b49a9927f4f6024a82e2c0be5000,0
d78ff9e8227829ccf729a07812dd75c9d5ba43fd,0
0847ece0139d45bd7c2c560ec4cbf39eed25cd87,1
9c83937d584846fce1226a645ac8f64f351db5b2,1
ae907ff80ec0c47d5590f7ab32904b9b77e0adeb,1
e9936c76d94e5f8b2494b7947a901c6b8db8ca23,0
014e46962372988a6b1c33067eee72bc213721d7,0
abb2298b9b17811e0c2e843dff5fdba5e83b713c,0
69061404defc4a5444b7a4a0d8e9f12b11b289d1,1
ab1c603b25baeb94046d2d06cdc81357c14766b3,0
85aaec3a61c47e33d4bad167f9c1a013a2ff2401,0
32cabc6427ce70d8fbea4951552ca2bfb429ba81,1
7cde78ba15b2d205281cf230fd42f61ea4f4a81c,0
7f3141334b05a120ac48142ecf6e6bb52f8cd249,0
45e208ca78f2b651850e7d2c372bc25e1c5a7cc3,0
3fc4bc128bb250202943519773d462e5b7c7cd58,0
dadc9af570ae56147a2e1eabfb9e598fdab49a7c,0
8eb56abccc2a632868e752b932f1ba26c0a2a918,1
866b8554f5083ce33c5aec8f60473ea23a15383e,0
e62080db45d32ca1ed3a29209cf7f9cd0922a9b1,0
52d50c9248cb92d52ae37c7f7b6d26a193d95077,1
4fcd6ccb7093a129fc6b3ab365601665cffd75bc,1
43bf00f9d34f9ec5a417c98ea71f33034f831b71,1
84cc0ed1e1db7799f698845a69958523f5ba6ec9,0
0f9819ac4986f0419c70efb04262de1c6101cc3c,0
64b59547ab7ea649ca5e6246810e5c29a79381e1,1
11135749421bb53c93f86a4bf1e1b4a2e2d47e08,0
3633140203c52dcb1f7d4920c6c2949b30e180e8,0
3775385ad5f41079131cebb4402b9a9c557162e6,0
922040bb8e5aada6305da6e3d3ac6135da8228e8,0
959bdb2864678a958b5d6487a1c7e4df43e57f2b,0
d9bb31313a7654bad7bd0202bb8b7f4dd7f4693b,0
6764ce25a2bf0b8ac40ab2931c9d0475521c5b13,1
2d82708c8b94c960879c66bedd51deeb54d97ed9,0
4dd642b9e2ee869e773efa5b5ee2951769c6fb9b,1
2548c7953e57b36a4b73a31b1cc9f335ee2b0bed,1
3128bf8963a41a4a1935c80bee5c50e734ee85af,0
56555b97da85148fcb3a86ee40ed152b8c2cb2c8,0
2c1f1a75d5c4705d67493e60914f6ac80d4daa32,1
1222ca2d1f943b22678f0644d32d6ba66a07b31f,0
1e7001b18c3033240fe2110a6c156ae0be194320,0
a23d5ce74dc6bda217b95b054174eed0d0d945a6,1
5cc4acded1c2b5067cce2b17c66c73b63b6e0309,0
b34f2d8f31e8eec1bc25591392ae0d2fe32d6b22,0
fc8827f31d77a938efa2af65454bc53ead379377,0
b3614da76bbc14f95622c8e95534903bf7f330e8,0
b207d3aff647bd4c77f8f0a90e9aefa17336468e,0
495c3cb8ee4ceed87a6b3f48cd518c7142c471ba,0
41f28df1a6df3055e88dd36c869c6ae200a7c71c,0
b4de54ab510a284a15bcbb44e5ba6d0ca1aa7dc7,0
bb837089278abc14b041139c9eb4330a3e751a6e,0
298cb1c4d373fd7b9fb7c6964201c9d2385c51a0,0
99738abbf109d250998dc044789903fddf5b3b6d,0
6c0d6058af6175d6269a6bd2a5ed721bf33129f1,0
d2370a3b3f3d574e6a26303eabedc557709a9894,0
71eb64efc0d332de460b953eaeb793bdc9e9634b,0
fa332128796907522290f1625f94fda7fc837e0d,0
02b567c78d9d788814f6a5a0da00cf5d3a02337e,1
bc5ea0255ef281c2c3193952bb73eaccbcc76183,1
1c33a86343428d2e4b4e8ea80796a12c3126885a,0
3f5c304facad4e9e349a9b3077bf1f1625d80b83,0
354dbdb676505680798e33173abcf8447e1ddf7c,1
4f5f66034bec14e56dd0bb8fbdf1e132a7f39c51,0
35dbe3706c5e3b30c2aaa7dc5b73d5647974e699,0
985415ddcbf187732689fe809b34a8b9073a402f,0
6a1131f9d7b923f356f0a7bcd2e49ffcf03e9025,0
b1a8975eac8da4a7f5129ab8eb2e1c8f00d82454,0
562e64949b2c0d5765dec81771a2e6bd76c06489,0
e1cb0662c4a1bdf96dd016bfa8400a274fd39f6b,1
59b135e014843fb87ee1b4e4557a66dde22e101c,1
962b06f678373dd79ea0a7254eee32013cbcb26b,0
78cb5075e2d5fce9d126506fdd008d749b272404,1
c63430258b5198894a07c554505d69bcfbdc89bb,0
a1a5a8451e5830736c181502200fdd94ed3f4de0,1
008d70ffb66fa2a781f288cfa482292a6c1b0ae9,0
68288b7b50aa3511f577f73658567d976fda3c1d,0
2a077050860dccffe59592e5fef26296360fccc7,1
5db336c86eb7732c37a5bb06685c9ec2dac5b705,1
0dcb143363c18cfae1b88d4cd0d44d39c7300178,0
03c01f4a91bd78c601e4a127b0916359dbedb8ec,1
a661b6d9a7b150e0dfe460d3ff0c0a4bddd76ec8,0
16f45160e6adbbec66d154ace0f8cdd7e43fe2f8,1
e34bead58e8541c09fce4fc7a5126807c3427c69,1
80743014f8cc7dd08b740bff39bb8f653f4fe891,0
a9c79a1e1f28fb4aeea9eff9d024bc983cb7cc7b,0
a9ef65a48a8e8eb36836af875f62111e779ceb35,0
28bf6d13ed626eea41e10513444e32109b2fa11e,0
5a60cfc89cf71a5b492deb6401e2444782ab9777,0
8b6a63da975008a5357fb7fd3ff62c64956f0a67,0
e1e0aa304791fad831a5e1390301a4bd8abe5eeb,0
a7e78e6c3b78e54024be45f4587309922ca283e4,1
9eedb28da1f28b56254f4111db5a40755c54c144,0
b89303ac409ada489339a2da517bec518e2fd42a,0
afb4d8d94c56c8e34a529beb00456d205a26345d,1
328cf3b48370242a2f5a62bf0c4745206b5673e1,0
bdbf66e5fdc063253c7ddedbeeac70e77330034e,0
e3dc9479e9fd33fbf83d245147a21c83c165c4a1,0
ad3a5ccac809526d21fc6e43483c7212e7888d3b,0
ea926640e784cb008c57fb5238a8182b8a21ca27,1
02b05e4cc45b680e0c4dabec444ea621e0f90d2f,0
95400aab3605110852746b1f03e0b19838743f4c,0
3c3fe22e6e4abaa34ef1e47b7b90fc9168c4e488,1
afe30a8060943cad6423c474e36cb5984e6b93a8,1
32e2ef8bd3bb784cbc95128f43e7e5fd068fcf12,0
3668f095e7747eda9b7fe6fba49d4807ce93cb51,1
f8c3d782162bac5fb83e3d9b21cbf17c414f0138,1
6ee42b886f9c480e8493295e41317bbad2e0df24,0
092a79e8560f4656abc52b0be991865c6634cfe9,1
6d5e7d752b1f2debfe3193c6d200942bde60826c,0
12d4c3d5adc9f04581a731fc67400a43bd538a34,0
f5c7e6a822aba15f984bb5ee110f59b98d529ded,1
7cdedbee7646ecb589a291e29f2e54313a37f5b7,0
4d2cb4dd10b2dd3b3308cbfd347c6f9a675a8269,1
1fefbfcd0f8bc8ed6471ab83af767c09afd1333d,0
dfde83ffb9656b6b1d86147408be13dfa0c7f04a,0
86f2280fb037178711778d2cc67bcb2fd986bdd2,1
1511e828a029d55cf0e7d9502f4d521f63fe5257,0
6c1c4b54f54594aff8617b721258792ad97907e5,1
8559d58c561b5213b5a9634312a3a38b5bb3b023,1
b8b666f65da280497b7eb886386117defaf09c55,0
88d34835be8bad979e573643426d6e8760efebeb,0
d1e5f7e98209bd083fb7679ed3301e8b3d84fc05,0
1c684aecc4fdd0b439bec7d6b3a77afe29d88556,1
ae8708ad7e14271bbdb04e5f2c18272579a84039,0
6cdf024c411b3d816f74a7b98520b307ede5ee2f,0
14aefe4ae0d61f3d848a3cd3c7b9377f3cf7cb25,0
d6e71df6096398d296716dad929e3c378b0b801d,1
9140edae5d37b5f6fce0551c4d2573962e313df1,0
74a0852b839c766fe26d14f8da610155798a888f,0
990f3b1002163a334392afaaf3729bb55a7b1f30,0
91e1fc1425a394d9f492763574a607d7bd96c3bd,1
e3bfb16b9b6d14075ea72a9d4d81f3fec12523e3,1
d44ba13be1f5d576608a2fa141ecf514ffeda6ee,0
0be9a63f9440f8fdb05c6d4471d5400e2229907f,1
b91dbe74379fd317d4bb9ac865950885bb93be89,0
b831f788aed0dbadbf3eaafcadf0e66fc1c30403,0
840906a474247c6cc61f22115fb1e8c428b7c05d,1
b41798039745a17a2754fb2cfc83b340e89dcfd7,0
975465bc02b85a6db7a43354d63525a4db55afbf,1
756d112f4635f9babc63aef9f2317aa552574627,0
9683a169887b4099d097953043b3898b8ddfd661,0
9220e7c761df5ac4ae13530a6e152b45f1d347cc,0
6c357c89116dab02f4780a9369070e24cdd9d9d8,0
6d816be9fcd2cc092df37d9c2a9307324bc66846,0
ce65032660a6d9a69fb580428f73d699246a1c4e,0
d207b70656485dc27f098bbf2a99c0c2600c9a5c,0
054db0152bde210084c0c5c742716656aaa76c17,0
7b0bb2c39680f29cfea636c704a83b234ce1a051,0
dee9efe09d133e4d2b6431ebc9bfbf42386523f8,1
5c9a3fb8ec77f9add8540d6fa267410c53306cd4,0
879619b3028d9b680bf8238b80bbc3f5a2138ab5,0
f207a9b99c5068f425ca3afee0deea91cedfa48d,0
9e48a1eb6c391f3b38fd5d278b6a4a5d49fc6915,0
d9accee9da39fc55aad46ba438af09f5ba27b395,1
227542bd61b1c01b65f20b0bfd2071571264c240,0
a23856016fdd423e54fbdccc2433e3e9279ffcc1,1
e79e33a5bc94f6680c41fc75cbb56fa657948a8d,1
0e811a8ca0ac2f285932233915b525d543952b37,0
1719a23be7e00dee532f8aaecef7021a39141e4c,1
c1aa2dcb4b582dd4b45c9dbaabe9f0b7eb53bf06,1
d23ade71df02927f95a7a357af13c8c51d5e048f,1
44bfacb32dc4b0479e728ab74caf621e2f5d65d0,0
284cf32eb70ab66fd7587bcb4830b50b87e1197b,1
ad64acd567af1497b1ab4a339dacbe718548562b,0
401c652ae9b536ecc2936e13e92937afdcf589ed,1
f953844f303ac633b23a03017b7dd389bd74a129,0
2c7abeb5b35604dc25b23844d8bbd4180a550958,0
1b04054c451892f7e62ab5ef6b4cc3b854fadc8f,1
bab2818a752a128fc4adb51e4cb5b1c00c0902a8,0
e133f86768a72857eabcd5303b121beb803b31c3,0
79820b2fca5cac66c6e9ee5f61adc9cb65fee3c3,1
88d16b0e8ca17e1dc894026f8ecbf8fadc6b8577,1
24f9352362e577b2755feed79473ce16ba1f7c82,0
917d31bbf1552d1f07ea0ead040e20f9b719e7c8,1
299a2a2c7989c5881deff00b36401e5132003854,0
62e1d293c5fc26c35670d8e5e733906d4a410ee1,1
9b5cbe7ec70ba36b38834401eedcd8c491ac3f4f,0
f7ac865f64c9190d40575ccb3f260a9964e883f5,0
222a97d3f0912edd573979cd2df9af1bbd128bda,0
3a4f218d498a73029d6caacdb33d1dcea5d7192b,1
d023e04baaf65e772c503a48a0ad8f5afd06279d,0
c52eb0a9a4cedf352f739d936b63603e95ffaaea,0
0ace3e348093a91671bd69d60c63192b18fadcbc,1
265712d6cf316123f56240c7911d5bf27e0934ea,1
2a62619e3927654ec2c76d1c0fc817a7cd17b94f,1
896fbedde18a770a7db1acb491654b7d9600e43d,1
5d5e9646294b00037200b43201f7ea7765463382,1
0bc5c6a50c1fcd760f936309ef45636bbf47eb23,0
fb17e8cb226fc19980a23cdb7171f003317db2a3,0
18c0d411ab187e76cb4a306ed9f91f5480ce1a02,1
faa7cefe9a1d8dd91dd45196a706944d34db79ba,0
51b9443803592813622ad5aaaee1e5a39a5b7aa3,0
beb9bc48ff5af4c7dc7d7ca81b30b1f0ca4056e5,0
fce4a3d1e03cdca32f594f8ebd06087b01f61db7,0
6bd2b639214999fc939e49b1e03dcad26b7c8e71,0
48041c8f9bbd6e2fd49917cba3a46350c96ab9fa,1
1f62f22d6d8d13dda7ac879f9a721aa5db2c6c59,0
d58808bce98933146249f9599736d69e3c9f1157,0
ce9faa4973d5edacf8023175fab7775b4e979b37,0
bfa96f41fba7d86173ea2ad146bef47b87f4f5b2,1
ecdc177b13cfa60469689fe93973e9466bdbe9ea,1
10ad7ca1a2fcb61d7a33aa1458fc6d0041b147fc,1
0c8bee79ccb93967052bf0aeff763480359bfa50,0
16c79254da1f8720dd495c2c20bc8a0b15c27ee1,0
5e5c8a67a1f95bf99e57d86ab87cffc1825a3998,0
17bc89c2f30647ae899f98e986525f5a26d185b8,1
b6704631bbd2f48155fe8c4c79388dd7ee229a56,0
1ad549d20d2153ab5863ff1812276f8467ef50fb,0
f5de8c2b627d3b3fe39bd1081ce954acc05525a1,0
9d3c93af008af5ba1ab088aa92481774a34b00b3,1
636d48c15ab734e5ae812a026ef5b6503236ef80,0
369e6ace4c1886c0762afbb4f7e2b46c0362d87c,1
93f41b886d43f0fffc53afddf815112c3e3fa98f,0
0579d26441e5679ebdf1fcb71ce75f98fdd7e486,1
d758a7bf984e4004eee93b00e42242d66b5e2f97,0
6b38561ccbc6415bb9f5cd42e6cfd09a164fd984,0
dd322dbf6e112cacf8ff3e74148a45a560c1b82c,0
851225f37b06aaee85dbd2deaa41659f58bc5bb6,0
7c6294956f07d59ba48dc2e23e787acbdef8adcf,1
c11611378750179d47b66c9771b1caf909e76418,1
a5196f6bc72a98fcb2d0dd29b0521f4e871632cb,1
5a750572d96198f6966ae031c89772d567e50b5b,0
a1a1c8d0a96500317a0fecf2005010f3226178fa,0
1c4bdd86ef251c2cec5413807282816feaa03ebb,0
0d081ae9979c8065acc797cf320da444c02690b4,0
8f6a7015d8591522cbc511903d25b215d50a382d,1
b6783668324a32e6820ee99d1eeb45d552a9ece5,1
b3880445d0aa86cd61b53262b200b489ed37edbe,1
4fd917deb7ec70e43e7dea394f4deb08873d6d7b,0
33ca4123b4c52a96f87fa0e2871dcc69bd139092,0
12d32580f41acb1d004d63b79df858fe9c63e065,0
13668c1572ebf6e97066e088d7d341f82a7f368b,0
7919a9319023a06653e7a0788bdd7b16b02fe099,0
b4f462605e84aee3cf63406312228d5df93dde08,1
109783c6e22957b580ae3ec528e6409a5367b5b4,0
9fe7dda85a9fe86353b8ca992cc3eb5a1a1b0106,0
3ce20cee771e7a082367387c3f004a51ad50c876,0
0c848bda874138e5124d3e4a317e61f100c542e8,0
31cd9a917c8babedfa830148fff7be7e06e8fdb3,1
567bc47516d1444601d7681d63c65ac9b76f66f7,0
c8c8959e57c07640b956142d06ae7d155516b962,0
a420a427d6a747b836d6a1a1b6918181d2e9da83,1
0cda70df38b7c4c46c5a7c0e53f7a06b30c3ca1c,0
9b6b7d7577cddcd1948ae5cd9b042842bbe193e6,0
e2ed5994bfcc7ae89a78344bc820df5c8c11fc03,0
f20642b5c6ecd2be7ae1f1c57b7dd976bcfd1e67,0
6f9a157dcec7faa2ea1f33d72f6453f50d21d67e,1
56b1e0cc275403bc3496df59bbf0da7c8d4022ee,1
e9bd8f53c66768d03399bc6f961b954ff3ff4717,1
c2b8cd62fc0c215e1e09811db0325b5057166213,1
b2fb9fd652caeba970b1b6badd69be5ef6c74815,1
cb2b485256288929875fea2a952d2980ff3209fb,1
61dd6f06c19573c70e19a7e9d3eb1c90fd287271,0
09b561da8be1683984bfd0476d49a2cd3d3b4210,0
3013dfc8129c31b90b291d99d2fb4ed303cf4fe3,0
5681ae19347c8da1f02cf5aee7e9974d3b3e8f55,0
ab2fbf7985b1c60ce756661251bd2158aabece3a,1
989340e9a640c24c0a0e626ae2b2f4eca43521ad,0
566e5a9f585054d72c18421466997f60c72ebfbd,0
8d90dcc44ad7de640fa111b03745c76d37b06f2a,0
454c0f11b0f4a3d3c5c86018e6572f0b404c790c,1
63ee849131fd2e555ad16f0b5776cf287a307e9a,0
bbdc032befafcd449fb88b78cf8d956ed38b9f24,0
4844ad5c20c12d8dab59ab4f3f4086f448537267,1
40e89a8d50de769ff9d8f881b10d8d1be955a65e,1
70df91227dd1cb49e6b9ea95ca76888f04e08e29,0
15cabbab61ae06c28da652e38c07ba968ac7a381,0
b795595107264aff60e78cafef6e94e88118aeb0,1
17766e1b3b199492cfefb5a88aa3146b1ef6d8da,0
8d2a05b5236d583f857311f900551b435dae26cf,1
9ba669d6f3b54afc382e4bb99dac0de76ac4d4fb,0
0f3c70306034136ed0d0f120da02e65d946b8a23,0
52717413da3ce09e2f6e7d5959e7f1198d176647,0
3a2c65f4d82137f6f5a80eda2988089fd89f6d66,1
8bcbfcfd2296b19cab1231edad10d3e10ec50df6,1
80401008c55ba1c302f37b22456fb28adfc4a29b,1
d2172371dcd15caec4ef3b680ce7db6d8f67479d,0
aa1db4d09ae6aa7358f13d7b03be346b9aec347e,0
6ef81032cc5988dbf374612c3a894260ba3c5895,1
0352c7b84e894196576e6c42b17ef9e8a5ac582d,1
0d7678550825bd88f1d40b9c91cd5c4ecc2c6372,0
55ded64ab8b9a00f6c8e74022520732f0462f71f,1
0d172a37a73e9fe7063168e5e2e3265b98f5ccfe,0
0bba9a283482c381f8ca03b76ed20327aaa3e673,0
deb3d7cc7efbc7de3d17718ef044e6f5d846b87c,1
179d013bc68f3f02793ed6a10a5c3efbaac7374d,0
d493a5a8bcd44ab02219c398fee27f6f8460c079,1
d3184904dd458370508d6f40328fa4023ddd3d0e,0
1ad84edfece5912b8e1d7bc7a0f04bfcb7d758be,0
f14eb6b5d71319d6e3b06b72e5f044980569b10b,0
ddd92759c9305f782f6bb49d1b314ccdf3e7459a,1
324c1b58b7071aff837d25124f4278c46557acb5,0
16172b016ac8b6ec19525674ef2757d84fd4e850,1
7ffb7c2f4aefabcac965d6591b5ec6262b18cc7a,1
a8d81af588b0270b93f2f382c4a8510df2d874f1,1
418f0cefd106a2fbec076f576990c4f11b5e6376,1
26250c3347c1cbab08a9ed2c501f95f1f44841e3,1
dfeb0935b376c7beeefbfac80e899908ad1da795,1
e11579fda8ac15e548e779ebe6617147bb7b41f0,0
3c5ea1527588816e7d0dcfe9db7895e8d8392d05,0
8e3bb7196bfd7391bd56db1d1678754183097022,0
85f5ccada6c7fd45ec1c3fdb4722ee58577c9a65,0
09cdbc0ed388eddd64905145701ebe8cceaefc2b,0
64bd2ddceefa40176f081dc5dc5efeac5a80707c,0
ac5b034dad8b4b9abda7b3e20c548b8b741ad371,0
fdd9352025866019ddac3a55396ab8c00146c155,0
cf50db94e7db8add3ed52212df7dac767962d69a,0
bfb396cd2ae23a78b69e4fdc7ae230ade8a005b3,0
ef337a3e4bc200838eaf92bb11f4ec881de61d87,1
af5a647f632a7e13d3c0b80d42cad3d704496c0e,1
38277151862870436fcb4c0b592327c291d411b0,1
cd701d2bad8455bc5273bf84f591306ae09c555d,0
d328196074b74a397af5e0a2a7531766e47f5ea8,0
b18c7763825a92f02bf1269cf4e8d1bb7bbbc983,0
7f2f54a1e0c98de9bf6b9c8eca6ff7a22c2ab245,0
1dedd495f50f839c56a2dcbfd6c44314c7352e8f,0
d8d9bcc6751cb8f179e795a07c096e3f50883eea,0
17a9a43e112355f00c464d908edea215cd6e1e87,0
3f01978b0e19b3b66abc9719d70fdba936420117,1
5d9236cd34eb2bdadf5a54b02d545bb0196d62d2,1
9803aa1c57f1ab6f2b572ed4e82d703f466dffd5,1
1bc1816d215decc808602fc1c4cd51d4ceb015e1,0
2ccdd8d3bc797ccc0b7fc642985a038f591873eb,0
2d196719b28d6eb128abaddf98280265bf483a78,1
5335cd8ce3dbae05c1c87a1cee053af3d3966205,0
84a3fc80800f1cecf6a355793795a95434eb24c7,0
b51ae3d4ffde34edf1cfd2bbf87cf2d9251c986d,1
351951ca165c65197878b3fe36cd185b1ba74697,0
f34a6665d418a65aeb3ef6a5ba849ae85d766142,0
f4f89c5a67de105bfb21be18f6cf3b2bb9160ca2,0
01f645854bf03c77ef4587dd34cc3bd78f836561,0
8ffc8909c42d79781b0b97e55590dae544ccda6b,0
db6d904d6d80352ef634ae297601f351e33d3801,0
13ae3bbdbb0f9ea8921fbb1cb88e420c7769c9b9,1
91fcb500551d487b9b8402cb37616e209c30bfec,0
11b3b9f698611da1192d5481a5272d449df75018,0
6b2b0520c36e092e4f20c5a5cab8b6055aa616dc,1
c7823f763bf4e9c339d4484ed013dd82594edb88,1
8bdc54231f7239e2b5c66acb1341391ed651e56f,0
d27abe45cab497ceee506fc37a9a43d6f691770a,0
15d539402d3617ed9671c6b45402788ae708532f,1
7e4958fd73db0b22b1fbf93434f0a526d3e60f7a,1
b4a25e61b90d31281d957b4d4ca05be495a7fa9d,1
0d541a857421ebb3b57ee4c2a55a2ef130a327e7,0
81cdda41aa6a8cb0b461c8dc3d4f334f2217bf72,0
6795c89cfb35ef10dd09bb0a8b632108866182f5,0
bf8e239ac5f8e02c1e6173ba1bf95c4bd80c2fe2,0
15e77825dde169755be81bb5a7d7e3f69f7e3e7a,0
c39424d0863004261a6d704079ce6d8c8ad341ed,1
134a93884edb36b87ab363abfa430e20cdd1ba8d,0
c42614eecde6561245753ddc0d2976bf7229fc5e,0
bc89a5c6d403f7bd0b8c0b64d7c05a27bcf685a9,1
651082da12b1b0c5dd545cdbddff6accbfeafe47,0
79bda352d9aca3b85babf89408475ac9ba2c9b54,0
9faaffc695bd3dfd354445ff07dc9c0019220a4c,1
61b79060ecd7ad26a29121a000d52293911125c3,0
4d170f218e0a3e3f8a940100f6fc3d8691632b50,0
47ba7eb6ce3eae23bda4a5d335aa1d8a92c8c962,1
9b362f24939cf6ceeb365cef35dcd805dfc51674,0
3d046cead1a2a5cbe00b2b4847cfb7ba7cf5fe75,0
a6a26d447679d2d50cc84164dd323d63672ed39f,1
0d638a6cb680fefdeca6e95b37f8b7ff6f5b3ba5,0
971f11c1f84f4124b0d7b03b7efca2749adfa575,0
6793c62d28e70c1e6e3f8f33737545ffa7dbf79f,0
4b49fe719c46357e93d8a7ccbd49b2ca28538492,1
96b45d54ad281e688065c31ab358f9ed4f0dc254,1
ca2965fffc05bfa6c7d1524fef1a80f6aac6d6c0,0
8777dbacdb7cd113247b7b22ce2c5aaed5e594db,1
71c6b737754f3267aed9a32c8c03102f359f3a23,0
499421de1b33ded048ce562f59c34903f02ddf82,0
bdd9aadc45c639574a7e75b644c4c433e3115de4,0
60a6174c9a318b7ef9c678638e82b39da98926f9,0
162cc26ed016ad100a969fa1049ab95f09212186,1
11302dd69507cab75f394cd83feb49f3c550cb4a,1
8c9c2896c396987ba02360e4eafbbd385b48828a,1
ab9377e3294982ddf4d325dc854067ef5b41dd70,0
1b491071efc3880b466a650c21e88b55975d8190,0
89e24d91118f3cf994b15d8910cec780276551b0,0
2125e0707bc25d71c60d55f39ef04a9f9d2ce022,1
38a2caaa274a2d3bcdcb41c88f8c00d7843a085b,0
1ee11b738c9f74fc76b08d2b941f837d738876db,1
8b25c97b6cd0971985093d6a28a9d1f5c5c0d232,0
78175159bad691370d91bb794034b246e57f4320,0
6cf1e6e73ddab52fe8443beede6dd5790b3c134e,0
1a66f2453676175da2ccc5cc9007bf5845ee7e4e,0
f690bffe582a8fa8d2b7fdf03f86144a52d204ae,0
d094b7d2005c2b6c98b26a81c1a752cb4847f7bc,0
89d48c625227c53ded2ba4a27fbb64b1fdf35358,0
ca39fa8f1433391572cf6adde1dbabce5207a95c,1
f7a2b033096dba9977f7b063ae41c106790b7d02,1
4b1ce8b5992436b52e59187fb1b79ab45e6177be,1
473c28a362631c06fb4281cb7ae5952289d48fc9,0
a9275aeaff6dcb240dd0d3f222cf313149398d4b,0
104961b3d97c04518fc788b7ec8b6f1c678101ca,0
a93de36ac70a7360fcef064798de3fd7ef4a16d7,0
bb5f31027b00cd4f4917636481f73a1dd1f9f6c4,0
f2dc668fea83527e03e73685ff66cd38ec28bc39,0
308cf3c71436c0c82c486d306203f533fadc46d2,1
3977e4b16baae18d080ba899cd286a1e068c82e9,0
c1d7b6d59926150bb866be81d7819fca33cfa486,1
6a2c1b7d6ace01335dcb10368da0253ec1eddae1,1
0a8602be55c3c43feb87f75faef5986608412e4b,1
269b2f506fa59a3c94d5c58db76e6fc5a6346b9e,0
0efa0b5459f7a4856bf2baad67277dbef1f21b8f,0
97058078e5337aab176a9230a175be45314e37cf,0
d98d817f9df44a456709e70989e4797562d9dd4f,1
73e23354734da3561f0ff0c93af0d3f78b0c4b9a,0
c566defa5c42575bc6a1c0085dd7ab27da73f1af,0
c35294eb36841f39a46dac2d877ae01b65511edc,1
207f4f983ecf5d2db5e798f1d2629dc3122cd73e,0
c5224a5ba3577ec539e9e1a19bc33d0eb8367df2,0
9ac3a6876850d636bc47823fe43ef5c1522ee79f,1
9c606babef327a21be692e2ce4122efcb158aa83,0
bc542e15d1c460c5692071085c497bc8c0b25593,1
8d6dd073121a535aeba8efa2ba4f51e4b208427c,1
700202dbdf10ceff859fcf0f4fe6001643ca8177,1
e232ead6594924f74790e43d5746018a006fb8ec,0
a7e7552db0d457012048636ca17a6bfc6f17d591,1
0d9cea3aa932db16c265c4dc135741a07429c176,1
b7fcce7e8371f76f6519b5bbd6624bc58da72cec,0
5c05900e556c6ef8f148f8ffcc424a71bbbe5369,0
28939109010967379b6e588cbfdff0f40eddcbfb,0
e3b013fbd3bea3ec5e2a4f3c376ae7eed80b15c9,1
07df52e062f86654e4af5d001a09ea7077fcd6c6,0
ad7dcb5636fe6baca0a15e644a1c5b9d565d3f37,0
b6dca2bcea3ca7eb54eca3509aa193764e3984f7,1
5d97d036d0503b1aaeb4507c4900052914530bcf,1
134c4c455ee9f1b310a2b06bca569617f4ecdb95,0
a24dc35372e7509cbdf35b2d77b4a01c8914e14e,0
d39d7d698caec4e5e9a444b212156264d1b989b0,0
f7d82f318902774417310864bcae3804fc12a809,0
922250fdc0bc8edb6a324be7bce7094223ea5d44,0
8d133212d3adef0d07de0a8758ee247173a1b23b,1
1398e6cca867167280f88ad0fc123a70196baac2,0
5d15e4b1a192ff31466c65338cdd23e0e7ababa2,0
cb4a5b6e9a5b3a276bd8a7834410efc56ef204a8,0
0fdd5b004a4fa746cd1f43c5a5c395284f5426d9,1
34be1cadf9aa77a743bb0e6c3018d882877f0cf9,0
a01a4c3feb633a0ff3190a0088a3f8ed0cf60338,0
a0dd4a54b70f15797debf9c38942a23fdef10cb7,0
fe1d5e43049252ffe0672a21038b3a3a82e6bf14,1
2f13d9fe5925d4a4778d7944c7d42b7fe9f9f8cc,0
c7a9807e4ae7bd988dc99d34023e56675c1109f1,1
b012bb3c63b060070360f77e1f1e85c9baf1362a,0
b6a870b2417c61e4c749bef3339cefe0dc8308da,1
91a27c3abc29df18e2260e2692b6879b59888ef8,0
5e7ce06aa63e0953f160e93f02869ee87a6bfdf7,1
5c102a4d4eb9f18243a680e6e6facb0d0a5f95f3,1
51bf0efd6e23f0fbfb4b5184535845b561e5b2a0,0
85fa0eb4bafa6fe966b6296e79c3eea5654523e6,0
b879499df6d973aacea22fb538928d74df696952,0
d56b463f1150761574f797ac4d47b5ec63ebc3b4,0
6ace577121ba69eaabbcf700effb97202436ba5f,1
fd5439cc59fe41b918ddd9ef95d3e0310284e611,1
4e2b38633a9753348145f2da40a4a034fcc1c12c,1
333420be8f05e797e0a8ad795191e29c8028baa9,0
479c727ed421c6ef6344d2eddaa12e68c92b6cb5,1
41d8a5c0de4e4a29c01ae616cae0278865759bb6,0
2eefcaa4280fc65ddf663c2bc0ab7a4ba920f7b2,0
c522aec7d13b45730c06c22fcbddc27a90e34c84,0
696d31b65eb47c9ba50811ed2a13faec718211cb,0
dc6e7357a5b9e9e3709bb107cd084481f7c431d9,0
4593116d8e2cd1595a0cd3b5c0ec6c82ee972772,0
f9c527b9a6a7257297bddc1dc92d4a7ea433830c,0
f8999658edacfe320cc0d8ae347033804fdfb4e9,0
e53adbceecdd1f67f373306f7f3e848ba3dfb6bd,0
eb055193ac6b1d34387864de72fe785f9c944697,0
e2bd3625dc5f32735de7b0e59471e4bf5c91ad4e,1
25fa5097605c8d79c088c939eb2e25ccc55b66ed,1
7614faf3f168121f3bf83a3b2e58e99beea47b6e,1
0436d2847ff61932cdba920f86562c4d5e681c26,0
6f55d5b4d398745496d19485c2ed848718065a7b,1
71faf860921aae760e98f38af106cd48850eb7d8,0
fb20ee325ed74b844428cb38624825e2567b3c0f,1
a4d74ca18c6bffe901f11a454700538a4b17d65a,1
4fb933564893088365b95151a7e44bc6fca16553,1
be53c78ef36e0ad38207bdc6bd039a492320fb0f,1
0daa25e68c097dfef18055257da2000d765d4b12,0
e11bc8ec6451f079a2f624d966d07b6dad989eac,0
ddc87b38cb177421f9bb103f9ba785ae473d96a3,1
511c4fc8c8dfc5ce2fe2338b649cfb0c1fa60660,0
a53459a2566b732848cddaa7ba12c92b6c72f941,0
ea2be5a806a5391f652055d7096df6e9874ebe91,1
3f208a5cca2e2429fcc6088863ee554c16dddb32,0
d959cbf9943313f42f05ea28ebd7affec50bab43,0
b298e497d4e8b7fe1085f1ba31e48b12a27de31c,0
ee973833f05df2b3c913d3d8697b477fccf4ac4a,1
2c35873c467193d633b33b3c0eca8324cac4f08e,1
05eaff51f4182714f397f187cdca1fa08ac8e238,1
095f3ebf4f27ee0bcf886357c5413b947f4f20f4,0
3e7ab9002dda619aa6ea3494b010262b99890014,0
fb8dfb80d53fceece6171106e3ef41cc94456df4,0
f98892fbe8cb4f27ee8d76863794e0e113d22a01,0
62ec49311030372eaa31a7f3c3095920e70ecadc,1
afed5e5e88873e26edadca2d418051964872c67a,0
7bbff5661b146a0e8bdcdac6f3e7812ae44c0a9b,0
4ef92a86e6691bb1da213ec0813767f4910f49e9,0
c962d46a05321b96dc7d91137dca1762d903126a,1
a36767ee5af2153445b53ce92c755db9c843307e,1
e1db33702289430998be31aedfb6414a098c35c2,1
5fdde75895e72ab2da887be3c51e071cf299af59,0
17fd685284ea28cf7eed07a44bb9fafb4a376be5,1
d61b2a30e084d787a8c7538147f1b2190f1dbf18,1
1d5606a6e419b80ed75a9dfad168706f8240789e,0
82735b949e2cc9994e7922de1e7b89f953d5f065,1
85bfa33ab68df9b0aa88d2f22630a9f8b4a0969b,1
f6cc2b03952def40e8f20ea13d2e3169976ff352,0
5d0bd1ab519b67f113b9d54cc9d18b7c95cbd48b,0
b8ff47a1f6eb447cc7e56d649de3d6ab39a91613,0
a2a1eab2cb4fa530bdfccaeaf3d55feaff5c72c4,0
f28dba7ae63c13cf45d13c2faccc958d87ae8bab,1
8b447d59075268dddb2ab20964f1da396dda7565,0
401c58494563f4834cb001d3c64d92627fbc43f4,0
0c23b03703271443586f2eaad288c39a770ecb7f,0
92ac10a7eae729a2140bff6b454a3abc117ab036,0
7d80805663461b687820c3ca82063a3e33b465a0,0
d2636def42c87ce25b04d62c7eea77a523f0cc4e,0
801a3a3e23e7b9f0e774231db9a4cebcee0c42b0,0
dc3ab557b7fcc555cc335ed891102641768252da,1
d8b53239b1eca5b4cbd251c09f691803cd8ceb04,0
172f9431a3eebd291a303e1e9450e77adadc1a3d,1
0a8b77b17d10a7d1278bf61402ff803f4d87d312,1
b1364755bc5fa4680dd02fdefecc0567844d35fe,1
8ae073422a536a8c5571976b8ac33d58e3bfb1cd,0
ec1b5be7127a7a975996d1e8ff569e9faefd92b8,0
02722a093a6117aa1a8240cbdd26fd3d73ef743e,1
f06adfaec4bcfefc4819a7ccb1107eac883629ce,0
d897bb07f354766a19ea3b1d31acf97b7ce5e59b,1
8286c76219e15ed9fe25a53964c90e647e42b741,0
be89007f6caf3fd7120bfc73b2009d7d42fbe7b2,1
99a2192656bc33fd9132b6a7a27f34ad30fdbeda,1
01a0094ca77d41c13a63598a2b6dd42bcdd9bbc7,0
2f71ecea947ebb915e7d75338131303406723026,0
8a6a14fa8126586d918cf7d67b165cc3b0feca8c,0
bd037c6985004bf065ac13774c9a33240b3062f1,1
6fd3457270caef48dbf0bf83e12341057af48530,0
4c41442b3fd243d7fc2b29bd3f78cb0c246d0970,0
874376e4d1fbcd2fc84eb446829ad5d1de3bae50,0
8f8e498cefa4e0f97d93b7ebb9c241064b00f513,0
b7955c5ba970b7bf92b1357863f7683e996fe6c1,1
490da574d133c1f274d670242f77c456e2fbaa65,1
5312cf57f8f44fa58ec0c7fe073518c65767ecd7,0
3f065b2f6910b4df9e3f56b3e6bcd65631720f76,1
c37e6482cd7c6d9532b13671b37f65d0dfb3d3e1,0
7cd1831dc8859c9f64f6ec46f49b1b774c429906,0
47ebb631bf561870e223fddd0fd884a74824de13,1
d085ab456c3a8ff7a96d5433ebb23681a3b6e821,1
09d3af71011b3c580eaf0b114eaf6da9decd5cac,0
20206d3a2eba44bf37fcb1124f2914676498276d,0
33e7236f2cc76b001221c7a6c896871c185f44a8,0
b765147dd8f5158a86111d2df862e844262b2a2d,0
76975ed4c83acfb637e10c04814f34a465ac4d0c,0
7610cfacc884b404ff549ddb0a224dca9a37c9d0,0
274069d66d047ad26a28ef1912eec16fac637a74,0
e60a0c68e5ee1cd62128250d2219c81054ed61c6,1
c4dea239b703ffe7b45bb06a806c39402a634a59,0
79c9d0286df7a178ea1accc5f367db71b2d04c37,0
30301eb39a684c92c70f98c060b6725efa03acb8,0
11ba6db67b1d5860e5ac41b43367ff2b34efe636,0
ae5d5f511408ad09df1ca6b3e7fb60cf1ec4fa56,1
21d40f3d7849a3a395a232e67098d4778ea30e98,0
967369be1c8392b9db20f6708fbd03f8b0b37580,1
6d934f98f82b06031137fd4c2290226eb999dfef,0
64ee6951c4883f2470957a96db0edf2701516f40,1
ff783c17dd941c3a4a53e89251f43a05b6718eca,0
3409f0b2bbba0e92cb618d2959fb7de028bc6760,0
21473145d38c8acb13050f7d6d89a7af0ac2aed5,0
d5a65aa2398b512fc2eb61ffaa0c85a4d1952758,0
4720370a3fcc8a23879892589af34b53d848629b,0
c83a7d311f046919aa3af581c62676c4ad221475,1
ec02013fed135395a847bcc8b00424f1c58ea6b1,0
056a35c220f4faea29602617a770789bb7efa9be,0
eba1d85d60cc00ef6df552906fefe564be444d25,0
4a3ac7a33a8b1b0b2c5a4dc3a77a54612ad75156,0
3980b0fe4f3946ba8eab5aca4602d93648a5480f,1
c5d5b2b49fb972e838fb922c201e9b312f6d21b0,0
fcc3f6f91c7a21942c3d75aeeb0bdcb0a5494fe1,1
135f1be008f7b03ba9d916a43eb71fbbf0472c16,1
8f49df7e89167d443d8500c46d66449aa17e9c85,1
9b98473afaa8d13b68fc71bc59dda4c7daa070b4,0
1a124e5c762aaa7389fa7747094b703dc5e43f99,0
e25485d80cce24c66aeeebcfdd4e1a1cca28ad29,1
87b6ae09b691a7f06558fae32b56183fafce67a9,0
63f573165eab5f06c062c514e7a3ebb3f3c3caa9,0
28e1228e99b1a606a26b29071507f826676b631f,1
1b89f6a8ed9169496aa000d1b7a77a03324fde3f,0
c6f2675055063d267e83265638b7346d989d2fb0,1
4eb971bd48c052994608fb7c5a05567052f404fe,0
5bced04abb19c97261ecd971f356c6a275583b2a,0
5422384fd7f38759e662f7913287ef8622f7b3fa,0
40ac040399e806d8dbfd2db1737bff0cb67a2de8,0
4cac7a146eb3f9fd3833ef9f88e80b86f26fc424,0
a8ad03945b13580d5da58ec27eb5211b901820f6,1
4ab26315e6656478c34f709c34b4b777e9723aff,1
8b24f983c47ce49f6ad6aff9cd0419cf59419583,0
c882f1087bfe99b27ba318fdc8bd298e64d2db63,0
15b35edc72a55180f83f139947a8f0e746f332e5,1
9e0c39f48f587715841845ab5584ab31e8195449,1
35182881cab0ec86f2fea749627e0fc12f96a922,0
839958a561877ba546404111efe3d5b863de7643,1
18fea2c11cdc7e93793e6399f69cfcf7b45a86c9,0
ff41efff165cb73eaecb5f563aee3147031a01f8,1
a39c2ba4758066cebc1e1c45772a29359523de9d,0
602921a91f407d6d0e8e89b2ad680388ebc6d546,1
d2c94c6ecf2db9c5ec63d1239ba85c96160d47f4,0
95027ebd5d9935ac8bd8fb16073527a6b9ef3033,0
42aa5a8d5d7b0d00ad56ad5d93c14747d7100a22,1
a3b020ac92b02aaf16e3a95e0054e739a9736407,1
0e5b42603e75889d4a8b40dd5060493726a2c274,1
774123f538d728be4843f53bcf5833f3c25a1297,1
970e5964cf53167ea340231f5b7ae8e8ca1d202e,0
ae456eb81c252661f7f1920f5da1e333a195955c,0
be35a770ef6dac3433329fa85045a37c3a2ca4cd,0
a943f324f21bacca8095683ca345b0f47d81be99,1
fcb7d95fa2f9cae006d7b6de7f1769affd653554,1
b6bf8f20d15e77625fee13fa6c13bc4bc94754e5,1
4171f04ec024933bb7a53dd593125824dce715ef,0
d9f4262cd6bd6d50257c401fb902e0298c43108b,1
322fa794a991048b6b306684c2433b87ad1d9f18,0
9ed0f82771b6386bd096ec1a74aaae5e47e11b23,0
fdde5f1a6458267ee03fc7c987e7bcc9721e701c,0
548b8701abda7b4d2b13b9b72b0bbe219d07ff35,0
acdfeeeaf13d131bb96b01d9081ef666af81de42,0
aa4a2f7421e3309bb6629432bcb6d5564774779e,1
ef32f1a6ff14c51de442cb756cdf0177f94bb32b,1
8be6c7a28ad81541b38af066c8a613c38d15729e,0
610c2dc5d38a74622f30ece91e73d1231f6e3771,1
88a274093828da21a9df5ac5e0326a658e0bdf69,1
28c5994a66591cf0f18d706115fa04d5cebd36c5,0
57c3dca29511295fd87cb5bb7e00c28c9e562a6f,1
8f596438b6703408196e42a060a2100fc961ebdf,0
54758e06064c48d716d6db1c49b28f275088eaef,0
d23a9f4bc3ddc7aae17ccca2beacde489e0bd0e3,1
dc2d8224362f61f60b488dc8afe2b7ee7ecc6218,1
1c180242d3073c6259cf71e23ba8cbfea4c5b633,1
9e04a2deb70f9ef945e090a82449cbf92fd3c024,1
30e3b2a0a2973af84d907b8b2b12f02b594868bd,0
99f664a28aadb1d21778e689299cb72bec628b25,0
689fca1352e3a0d8cde06f6332a4aef46960d51b,0
9784271fb09a3251e18f6c82fc83e4239f1b2956,1
f044e67aed98c58a18da973a31026fbe390f6258,1
6e43e5fcfadbeb7d5e44fd6822cb3aed8654e70f,1
61a8933e78d0842d3d1738823c02a9207c45e716,0
56aa002115800020fc56dfb7d12d2ca2b2059b6e,1
18e3d729e4aa108a2326376d9fe89632a42d9f0a,1
0dd7d372f2d8b85ebcd3155f49ceeed974313d72,0
81c3c7b4dc9769c50d65485d8e98d75f4f54861f,1
bc53c83c249f7ac6f2e50d91738b83dfd8b404d0,0
9d9cefb799630fc7d55e3e7080e8683050bdcd2c,1
841e9bbd20e43bf66ff2ff5ab92e1ab79fc5b59a,0
4ac95e004f337d0c789cceca8b58bc8581b3fe48,0
e22407c9959437143424a344867b297a2e6adc4b,0
6296b5b4b48e0aca22ca05e83d1a81969fba5efc,0
e8cdf71d5516b0b6f533e7459f6c5213e6086266,1
1c6fc51959c7e7653921bb6e49bc9a2065033b57,1
1f0975e9c0b4c38bb17deda4c9f89d8072580230,0
81dcba11167c1ed6b2db0fb9a40ebf202adb253e,0
b2948dacc5e8d0f39878efc5f1f36372480444f0,0
f6566090f6ffb7b9b1083a5017aaa8dcedeaaada,0
a948f51822ebf88fa38010a510ed64c8ac2f8ff0,1
71d8210c51ee4479dd016f3ea8a5c252a4a422a0,1
11178b4a0ab4e2e1b8ea562d29d8632c612fae88,0
5357042c641b29c1804ce47af94b247c2776b63b,1
348a6cf8b4e44854386a5a234efa38f284ebd236,0
347399c7a76519f184ca692de73b4501d952c647,1
344767b10c281a2e54427fcc64da6a3edcf6ba9c,0
4563badc0cc27b548dc303b1085616bab0ca3011,1
74cd08da58e606f5e93ad1b01419d54d30da1954,0
60ad6169bf632544f273d6da072f09519241a9d7,0
735b43fed0c8cfca4da44c17612a33626b275372,1
aba2dd250f272febda68a284967f678076d79138,1
e998b284e1f53d85942e2985a413be012cbfbf1e,1
d7403b13585a9b495a91a39766f1b155fe67964b,1
b3b051c027c8e09b5d07d380d270ac3419d83adf,0
cafdccf980758f4d95e07c67a9473d2ac6811c88,0
a116412825948ef2f3cec07227366200272aa610,0
784742994c38808058402cef4b7beea608a62936,1
5e3449e961922ef7b8952d67266e6fd9793fedb4,1
0d1df61a006c1489178dfa46f2a5708567140655,1
ed23ca8f21c72222a7481fe8b833a7857d50a224,0
86de4dbe1ec0d79d191442d53d86b4ef1cdfff08,0
3ad66af988253644f53a32a4ad4112a56721efbf,1
9d1658c57eb707921a6b70b84fd9ff26c92770fc,1
4a2ae37526c66bf2a023b4a4c464c654f766ded7,0
6fce1f9a4314190f1c752ae8d1e2897ea808f663,0
5045a5115db9d7d4b96ef8ca0bf0ddfd1b8d3707,1
8f808c97a0941cab92ac3baa09be1a0a20ed1d28,1
5ac9c581065bf53411de532593c05d05c8d28827,1
04296598a5bb14ab493a8cf265d5ad5d0a28503f,0
5c6c810b9236d8fc19d8e712ea354beadc06f966,1
3485d07183e49bd2fc9f974628e4172823232d37,0
e83627b5f5a37a640be20943a38d8cf15e01d6a5,1
bdac8261ec1c41015c815856977bdb8e03b68feb,1
4b9cb1472f15583115fe54b666e7a61324cca230,0
d9359015433a4d6e33da0e66ff1815aa68bf8fe9,0
ff6bf8a6388b7dac2668867e5fd83effafd7554a,0
8ea5db7ade0d1b4759f0bca9f8f0a91b5e39be75,0
acbd9e979378f936a011e1b7c092554746569089,1
6e2788328908c5b80fa929f41c13b000e6b364d3,0
6ef803a4955c81992279b9a499dba6cd9042737f,1
1de5df76845b613f696af938e69a3c2f9cd2843c,1
c4d4237491fc17eb0adcf540648ff788e745f14c,0
74d07fc64f07d2e2c944de41eb38125158d14adb,1
9581c639117bbf43f113a86e734039a7c642bbb2,0
b16952776ae9a74b21effd6dccc91a0c750939a4,0
038eed13cd0544024fae2b7c44784075b454d5b2,0
a448530b7c8db9e0783f5ef36dfc737b03acfe49,0
5f20483d54ca1c4ee6ff556d91cd5ee8626c5a41,1
27fc42da009fe108bf782a91f272e2e486eaec8f,0
07204208abe8c56f62228dd45a470a6414bcb75a,0
9f3bb25a1ecfffa7df16665eebc6931769ed7d90,0
6d75e5a2d7c87482748068b64a2df1ab8c369453,0
215012ca0347fcf72b2e6531bdcd2092a4f564e3,1
4dfef5b98ed2a7690b14141a1ea1fe21945f1c92,0
f86e1c52778921049e286de02b0c65c5c49a57a9,0
451e5cc6fd4184e0ff283e8746edaff8aeb78d7d,1
ccd2c52922db01faf1d3768dd44044bf4e7b4f51,0
47dbbee969942253bba018de385dcc6258a6893d,0
ceee1afc0a4f0b922588a010736bcd21d995ac20,0
d1073c5d54cd9e5b6345234ef03f3d5af874c31c,1
3b79aa01943c48db33b9212287340409a3a0d540,0
ddd4b9c8688a74237f19d62eb741cda907fc28e2,0
8d01bfca8ee1b11fa69e93a03f5f76765fcd5fbb,0
d018510ae8f68541c2033bf9ad85357e779416e0,0
7be99bcbea86cabd6f30410322ccfff87ceeaa15,0
393807ee68a8327289cd217afe6031a138732b1a,1
2df90c8e9bed8f8587bcee64ce85ab42ef4dd38f,1
93d0e23ec42c8b2bafcac0a72898d1a5274a6bf4,0
4e802b72c8a37247485645ac90ba41d307d236bf,1
6db8b12bbc94043851c9818bb4be5993c2a21fdf,1
f6fdc4f4025ff068151ee928e9ffd3aa7b83f69d,0
308924cf23b807d2de79590dbc6e04939e0d1161,1
f848807b030af63760638d5cd583bd21d86006d6,1
2ac9332b3e79b215846f3bc80c603f1a9e69de4d,0
1c6de2f69c249da4ce204661f777fcc023e447b5,0
0f2e57b32b7df53da712adbcdfdd841c0a901813,0
93713a43c5d49c6576c4a9c6a0758d6c0dca03d1,0
4679391bdb8b4ddbd415360d2b3a707c19b335d6,0
129ffeae02857ddf6d744d2c7bb819dfd7ece027,0
28f071e24620ec81bf8c394809569d341295779e,0
ac879823c7160fb37df8e5560a1d71ac8bc9ef41,0
437e629c0ad96457b71d4767761e09d6ef2d6fcb,1
5706b005409e186429d7240e9939bde0dcfac1a7,0
d6a5606a659eba0ab8a4c4d6b5d27035e193c693,0
17340db20418b48abf85d4760d17beba4152cde4,0
d2f6aa8c2a792d2db0b4ad47dafe8f2bdb097bc4,0
4bd08eaabcd998cea58ff4c31907e6ff07c3de63,0
7743ce083db0f2c96a388970ec4210c51f7dacf6,1
e1b8c2dad7a26767f43bde3c63f7782193b671a6,0
6fe37342a7faef5afba679c388b6a8be268f9c70,1
0f13d923eba00c711a7bb799f0ce2dbc907fbc04,1
163a59205b477ce7115633c15b7422888f9fc242,1
c868e065371004c18a84991e88d2d3358a8e3212,0
7dceb73e96b7756cda1e9c466cfb20b76b47bd41,0
b7fd60ee252db733d9b03ff24ddb1f0e69dfaba1,0
bf55a0dc614e6321cada25656b7a417f54f104d8,1
4c1b76c90b88265874e40127c79d6e0e17930264,1
08455c79ed0252c9be5f048b3a5cf53b91b3b7d8,0
655548e12090229278579614e36e37d27934599a,1
195830b8948a6af8da2633a6656b62e0b3399684,0
960208eb1eb2043ba7546a6b6f9803c4e42a911c,0
060cb2785a3c3856b66e26a83151940781ea5cc2,0
d519c0852de084340936936f01e511f22b02dbc9,1
44d1e0c933cf84ed9541f31378bc48405e066a87,0
01511f8fbedb214e4da3b67e17d6f25408006535,0
6c571d0397ea6da804bb0b273587ec35569a6b87,0
8e0d37b574d73a9bce7652641fb19bef9a3f1f94,0
a836275aebbfce971eded386f8a65d5e0e5b8a19,0
18c6979f6f64aa3c16b77220d5833fa8d092b136,0
cf16b835fef33803d8bf21d433f09d60e81e9c80,1
655e4b9c84537247ab9c3d1f93aa9aa0a589f10a,1
43e08215c733600998d9865a42d8c50f7af429fe,0
393d4afdb3d64a7991fe46f51538ecae69eb7360,1
f40e475b664acf9377c75f0554d0523e02f9a4e3,0
e579ffb90fa91b0a2e9c8c748cc86d1a05503fb0,0
66fac1e57154227d05f23f1e0a4dfaed712434ee,0
912db95c7885a7dd41c455628fee408e005f5f19,0
4ac889e0b29861467bef819247c04e99d45671d3,1
1a62ef6eec3f5d4ecd8acb0706de852a11fbf636,0
adaec4ef4b4af8481e73374c3c7a3ccb29398131,0
13ae5b2e24017a3488cf508ef77816fbe857e2d7,1
1898f15380b77e289cd644b8ec1254e3c77cd5b3,1
08c1f0bb40f10ead9b9da00d1f2fdc59584ce31e,1
9a13be73ada1e6922e879278f58ff57f9251aea0,0
0d2dd0d3c511b960fd54ab02ce38c78f46752f8d,0
ce5a815aae24b9087747afcfd3ca4d590b8225af,0
e005ba4086840ae1e73ef1493ce66c9a82f550d1,1
f90df83f3b9b15047cf520b69059e705b8402451,1
ae564d17c44466d314b234f15a102233676d356c,0
35494eedb27eee6987f2db78962f26dffb8bbae8,0
b26c162aedd4b9d358b4bb4d19da19d4bf04e38e,0
2ce0cd65884110b56e9170b67f6dabc444c79ca3,0
e779a11fcce70be349d17f47bde16817369e38b3,1
2fee05a06418957dacf8f79b5c5c39b357977c93,1
ada252d1aacedbc49573df218be386965ad29cab,1
65b21d5c41ea7ef93db815d9766011ba91f06e77,0
28a21d95aa817c494e7265725e542478ca9cbb1c,0
4e5b4564f8d78073823ca7cc2aa6645239c4a9b7,0
b5d10f7558c1051ffdc53cb3d5fdd9b5878e1670,1
1e8bd197120a5416c8e7289e78cb2aee4ba31420,1
27bb898f54a0b9345f6c4a9083299e4465860861,0
bacc7d2efbfb96f4d9a8b9d5d5ff69acbb264d03,0
c94d9df16a6ce45f8a1ac3ab8b31f5bbee797186,0
438c52d5fa07a2c5a3a3308f48dbf264b172a35d,1
0064ee99c29cb399fb075dac5f0c4fe6da96cd39,0
14eef0a81b575e6fc63181496d0c4b4f52b63dce,0
e16b057fb8de30329fe9563257b7f7fa4e2b7153,0
0c72fe45ffe7b5a9bb1d65574b0d044ac923417b,1
8a2587ae636d7265f4db5846a58b4daadd94e794,0
7b0a9bbb23e2385950a7c5c0a21d3fd0bbc27890,0
efc67c03229e2cbe49912ef4413fcf5f1b306e3e,1
86f3d92ac4b150aa86d06aedae96ba7332c29418,0
d970340a3bfd25a6453c7646dc9cf5f44acc3952,1
c1db92f8e9e128ca1c2652f261b9e0e3482daee6,1
a9db2bc86df3c1733954d35902d497010fe84bd3,0
df4596fdf0cd26baf9d1f09b9e2482288d0fab05,1
ab359387f2ac149947548b72a265b9a21e422b0a,1
071b5aa030de3e2cbefef0e4f60612462d6318c6,0
a0eb2ae3d7292592c62a9d0cd32814d28a58011b,0
e6cb0b2bc72e633fa2fc81966d0a8568c36a4ee0,1
05fb5fec3d65ee5501704c2f38e981ca4ed4d903,0
0470aed7fee354c2010d8ed12061822d84d10ec4,0
9ec7bcaa8afc6dadd50651e02e01e6729ffcb0a9,1
5ff1a7ba0cf8a5cab32f9790404537e021f47006,0
32c66a5f5813602c9592295178197e9fd80ceec7,1
9799ffbbe02b92362bf4115b8e72ecf4cf917052,0
cc78ef2ac79e6dd2b00ff68a6be15d9b44c321e8,1
ae964770c31524f512753ed51ec1f56327e22248,0
8caa813a20ff5b88089eb0d3b39f47a34e0bc631,1
b884a89a64f4c7e3b233f59e7b130c237e7edff3,0
cd10502df9a1497a104c6744c68eee97041292b7,0
c00640f5c6445902712c30214213b0623bdb7fdb,1
74402a4b41940684d5b313bb19597636b945985e,1
31d54b449a9a8602b7062ab70cc84bc3539aa275,0
c2ed5644e48555dc5e8645a41f6ac18f16500480,1
d7401e17f1fa937b085e99e5ab5accd30fe16e53,0
0dfb0f11560544ed257d7aa3e190ff9a6b93be0f,1
fc23c8f9d453cc45507c8bdb825856bfeb63ae45,1
57d2735eb2919cbe03c66b6bfa460a314f4c9b6a,0
4053a30579175d75831fcf380c53c6d72e75212f,1
96ac0ea134065bdb8aac5b0f8eb5c43f0fbaaed7,1
ad16c4fca38ae9b235482eacdcadf82df3aedbb1,1
abe806cc63a0b4ea70aa8c212775755600237165,1
0b3e01f76dc1d55ab1a5b369433c840e9c9844ff,1
4cba2a22f8642d97df98efdb9f9e9f2095c86621,1
37f1760c7551ee21a49f25c97e9090fd7f6f2e58,0
138e81551aa41d2e59671b5bcdbbbb0406b65028,1
4b4022e01e7a22417a3e21a4e3d3cf40f173c999,1
92d0df4c1ea36879628cde5b160823933c445a37,0
69e76177b1e00d0c68fd96cad2042fc41170d17c,1
3f692b47ff0c364079ae4b0ad17553855ba1aa99,1
67b0168abd687f48b75b1d7533b646367c638369,1
ebc15fcc245c6940128723ddb86b53339aef6049,1
49751938cfab41760488870256dd9cdc9dde0a47,0
6b355b4b83939034637e84b09e751011cc69ff5c,0
f999839e592e65c3916829a6bc94a15ee03c528f,0
4fcdfb81ad4bd3ddde90805dab20acd166b65582,0
05c96e4a269a6581c807a241e379618d557f2b57,1
2d4d3c36b600b0d1a023809f799e464a191807c1,0
bba63197310c59a6a63d2d070aa33e4a35cf89ec,1
aeedc8fc3187da51588e2205ba0739c14badf28d,0
e72572a9c169b375e0f33ff67d6389c86fabd119,0
fa29fc0df4f0029daceb45824108798e0dce8f39,1
13dc4d1df770dec8f816524dff5c529b08cee58c,0
708323da05e3fe336166e8c76dce1f1bba76e496,0
6bf176cf9653a0902faab1274ff1e2543aa38ebd,0
cce0b2940b79f3f715b64d153cc7476969c3883b,1
a7bdb7f5a0b37ed09dddfd01c54b8ac6a8cfd949,1
38997bd5ddd1f78bc588debff7fddc17bf66b6d5,1
137e9180e9bd4d72c2c1fe6534858fbd45ad0c96,0
6fcb0fe33d4792ac4b9f17b165635a9665786e34,0
d53fde99c041df4dc694e8272e799e7ec8e80b6e,0
7c83cf173daf8f77176b4ec7cd031d57078bc668,1
31bb310146c5cd3013289e844ae217d335c87c37,0
1ad99e5b0e3d1bfab743623cda38fdb5a8ba3dd5,0
f4c2016682ca5d41c9016ed5abad6377e9ab6ff1,1
a45584e70c98814cd2afa49f25ec02332dbd2703,0
b7ccc7de71b8664d758c0421b603372fcd75901d,0
6ac3152599614c79481fd84fdc06e4c8020a1a22,0
c94c05d7c958cd4914c585ed3d6ebd82cba85353,0
d6e22fa9cf1f9c252530c791a7c862e7a29747f9,0
f877cc5faa8ca49162f4b560c9ea0b6db793360c,1
d1f5dcabc3ab65092b5f663c1f179a756ad963a6,0
332b6ac4a109f34399c9f025c09f19979a7ac7f2,1
c60617ce3770e26b74fb032dd86a4d4760770fe7,1
e26b129904d351cf2dab93e9182d3097e3194b1f,1
e752af92909faacb5b031c188968bc1f34b2b08d,1
bcc850f65021367d34e89de3b7396b8e057ef54a,0
bed01cd5bf7a3b70c7cbdc934bf37ebfacb000e2,0
ce6e07399b1aeaafab985e2493e5e83f6d6badc9,0
b0e3ffe25c4a144e3b3e91f8dc8c671399542e0b,1
a1fa790d1060ae0c52ca3454d7cef94cf2dedbc0,0
670c2c29baaed7ad8983d76cbd5d42fa0da305bf,1
698d1def2906fd663ccf2b8ad3f81e835f9d3bd9,0
4e01f59ae53ce93ca9194b794c805db0910282d7,0
745b32fd2e2055d83a4df5de9f3889e05ec97401,1
e7803ea90ac778c2ffe69306dab5a39a49f07b14,0
d14e8b056b0835e9584898f51dba21d49a787c20,1
1af1487dfcb6c673664a26c18bf1829e894451e3,1
8eb66cb205b338b17d460600239d0b70c258e59e,1
7b3d83acc7754cf65109c668c66328c01cfa89e9,1
d444da814e4fac992871136573df465a22d6e895,0
6f4899e94fd59e4766727c037166428a7d016583,0
8f1addabf0c24ff18e14883a896a15565a04a758,0
bd766a0cf97dd1292e77257a2e8ed27490f3f45a,0
efd4bde6ebc0dcc54ca90d277891061ad657fdc2,0
d9d616a24f00e19be113647cc81da64f34114796,0
0d3371b4904c3edb59e219d4d2333677aa8433d2,1
d9933b36f607fc79824efee057a6ff047e786a87,0
92393f20b923b6fb3f938e0692818d7b5152daa7,0
b2d365fb1ae5eb00ead1c6501a5774e6d9094a0a,0
f547f5b6000e6c43361507017a66ea1faffd6a39,0
48ee371f61deb8711266a3756ec9007698cb5473,0
abf491db728bf201b6151edd889220f7a35bdb2a,1
da35c089dbffa2b84a4c4d851bf105303ef005b4,1
cd456babf0e32cc8bb17f39eee45e9b75d765ecb,1
d807fd357e9977b6f738993ac069f16283770761,0
815acec30cb422d4760c94cfaba335d35155abfe,0
071527a93f9338de4ba74e09e19d3eb4c1a06a39,1
366b2090def4ba9b2ae3218af3f3d1181fc6a994,1
f8c0993ee51e38e2cca1dc568e1fa734befb3662,0
74244cc53c5a7d5a6a4d7c8d23f99416a6bbdbf0,0
c6939288ead1d53ea4853aae2131006df13a0350,1
457ec3e869e130841762be1d844aadd14a4a2c44,0
92b5720bed8e589a6bfe688869889be378fd9e5f,1
f63aa8de5cc8cb6b898c858c710bd995eb15bfa2,0
f5c0b52cf3138b5ac35e6fc4a76713bb973e45ea,0
781145ddfb3354575ccd3a0b8004127a6d230518,0
bdd6a96d20772f44883ecabfb94c76cad9d34279,0
8c5b43bc0d9c97f7823024ac036aa212120c4cb9,0
fdce43166ce952b4dab5124b73ccbb0ad16491f6,0
a1175dfec137eaeca160af82455027d8de951ed7,0
8f321a6b2cf492b5dc1b2ac580e24532bd704072,1
7563d1105da7a4907ee82f24625d7f1a984fcb47,0
4a3b07d00555a6d67f9ac8e2e0200be83771306a,0
248b97d03d0ab954a3e7c3981d22b7512cc22d53,1
8935006893bf1838923587c63333de5fde2ec293,1
e4c6f810d950f2045c4a0e4602674e2126a1c437,0
9649775705d5707e47403294150bb62561fe6948,1
f23a343a73125ec11914c1463a79b2cc6e5884cf,1
04ab44aa41227dbcdc5a5ec1b2b1d97b35a3ee2d,1
96a7e5a69cde40a338269c87a4e4d65711cdcdb0,0
363b27be70a9d11e60b8d5e2df193dfa7cdad670,0
03250d92fa2980829a2ce2fc7a585db62b8bbcbc,0
23d213d3a43ff00460fb283a10d18617ecc04f22,0
4215b396440ac47992a71a5f11e5b0069f61c658,1
ee919dfdd208999957e4c5947205422c866176c4,0
ecb7f82ccc340e4af6b7ed6b7c255ba6843987e7,0
0dc6c478fe59152bf164ab4b198c8861a844b1c1,0
591ef78ad36d5133e2ed26cebb5eddc0db4c86f5,1
da09d53cbfb36d1d88ad2d911743d6da49e78869,0
46890ef6297fcf4f7c964e09b6e8ef6b10218e99,0
64eead1eef5fbfdff208feb5df0c987fd4cad326,0
a883b03e58644f07fca5797e02fc6d0e8c44ffe5,0
a40eb7680533a266c81693059969ef8553fa509e,0
72f03527161d380838f61d61d127041825ed4fa9,0
d283924fc27366254207274a997c21dfb8c5876a,0
690609925cab0684aa9d67dd5cb5297eebcb3e59,0
657deeae877346f7adfe157e29656761c6bacbd0,1
9f377f998fa57b00becf3a6b33d85df64df5bb3e,0
c5e8932d5102dae1f5499b30cd4585c5f680e256,1
54d3bcf4c198955e2c160845ebc51d61bb313ab4,0
610884d87ec54d84f8d75525e230806192479419,0
c5fbb63dbb5538d11fb92b4b71ffad768672f59e,0
a82db729b1ae1872bc38f96d48a25658a380bfc6,0
e37a6102be04d04f0c8ad290071d96ac8be959d5,1
faf7e3bf8fa699240eedb87edb5af7d6cbe1ffb2,1
d50f85fbcc7848bbf2d33d251435c91c97c893a2,0
d1d65ccd10800ea9ccfed39e40df85c7c09b6b21,1
768ca719a142ad3910f8d7a095e9ebc99daaa72e,0
d7e762b1adc7d75538e04c180711bf2693a51c59,1
1d94c62e0713823b315470faa258c58477f1e659,0
16a92b1918a49977d18ac14f4e781681cac72deb,0
c231ec85ef9407f19b6217daaae9faf25eb18d75,1
8e2c30fa2ae84f46c79ff6e5e1582c399752d358,0
3d954bce8c0873f5237374f21bc952918d5d90c0,1
bbb22cea0520ba17ba1e17700d9540caeb6a9a21,0
709bbfe1e9f089cea65dca026f553c41fad8f49a,1
ac7f77507ec2ce30afcb78981c0fdc8d025096e7,1
5bbb6d24c9209018571d9ce7e8026dbc3b9e2895,0
b864e29fd5b71b28c5760b1d6c5abde3522eefdf,1
51e12aeb99ef52249e07ded83d9d1d606bda916b,1
f4d13b2e868991a9a10329f944322ac8d43fe552,0
22d29bb0b52864cf881e4bb47cbfbb91b16913f1,0
e2dd129f3fd62cda58b2de858b2863f8241fd28b,0
c442c7611fcf3c4306308246e7b3ca4d13879343,1
98ad6f4a0c4969bc96506a07050a6691b1f62297,0
5974477497f42aa151179d3f458735a74bdd5a8c,1
8f2c824e14cedaf0bfe078629e39112002116249,0
d6bc4d7e131c3b5c435bcaf81a4cfeabd409cc09,1
0ac16229c7c171028c32e02acad1b46e19fb758a,1
6edb857f2a29b527cd77b8a40b78710bbe22cb9f,1
738e1307f4427adf0a2f3733a38751306f93854f,0
40b25e472cad6b92249e980487102ed75e1c8a63,1
b198d91622b0e0bc21fe691f31f2f69e545b6406,0
71ff07ca4a1508a41a902d9d7b27eb73fb6a2982,0
25145c095c09abd5971b3d156d48075b19c1ff5f,1
ec461dddfa1993bf42146182c352018f4379cb7b,1
9e00251d14ef6aeee4e86fdee8be32df8bd476fa,0
234e7c7156dbcf0b8d722074acb93e0c231e2071,0
2cc783fc470c8de1eff2ef2b23be9ac3fd92f648,0
5a52d3af88ac8ca5ffd4ed4d544c162ad2b3970c,0
4d44984b9acfb09e283abc7ff730969decfcba72,0
f1bd25f257b6ac3875e262c3b9e099e4a8fd82f2,0
8a945bd43d4a208e38693e865a7d2286326a4136,0
3897bdda43be1f01c23b573d9d7e0a382f862a5c,0
1f4fc9d174ab6eb525de3019f3d5c888e8ad8571,0
8e4a31fba43e612a899444bab7c1e16eb252adc2,1
0de7ee293e6163f942ecb87ce70259eb44deed7d,0
733b82d401472f217be0f13b4620c3ce01089493,1
d49183e3208bd4d09368992050b3de391f76deba,0
e71ac635afa11231202d71b9e0740710ef1d11d0,1
41c27acb38ea1d68d72069193a0386f8d29f2fb8,1
afc93ee7056dfc518c39cca73d97775423ade56d,1
43c99a9cdd20bc14a0c626e4c0ac99917fb6af74,1
588194472c89951a4e45bbd26ac7f0b0921abce3,0
d58585b417c2e23643fecd86969efb93fdbd3fff,1
16a1e1c2028b43c6579cf1dfb8169f4db3587ad9,1
c04d88178ebeb5d4231be2951a6158265e9445de,0
c24b4b9ed2ab3dcda91e8d9bea075875823f5e17,0
144b73637db1c601879693d8d3748d32ca5a6e81,0
1b51309490235adbbf434550f1ad0335d0f2acee,1
fa01aa34cdaf999dbdd81ae50b96eafddd06c297,1
937a1155280ca938072ce3cb775a85b66ce7e1bb,0
1fa7a4647ef5e5338f08ff09a8c06a28bdb48ab5,0
f50f0d550d8f145d57067397ece258a2722b1036,0
2c53117b3bf4fbb5491f71b033b164db08a9a593,0
3a7160cf56863bd9705ed371035df4167b60218a,0
6b63f4b00d3738de342b48da14684c69d832950a,0
b423ea61aebb59e40a1a5573359331b16853cc3e,0
29f9f02cdee7befe5f538db36768e6c96fe16e5e,0
c66fb61c44c2047cd4a6402d6b95bf841b346d41,0
2236ef74199e2e9a0ae2517865bb93acbc8320e3,1
f3c6b3e9aeb1b7ca27410b6b512d0a9785904388,1
459f847fbcb1d5fa7aa69fa457fd6811dd929482,1
98a6d78c9e8fa8120aa5907498ce887b82a5ad90,0
8d2c3d94f822c540329cd53c91168910bec7c4e0,1
5681f574fde6f6ef8e04adbeb7970b623c240f46,1
23d7019ba8276d2df2fa64b6e7a7dfd730f463ab,0
1d34068f031fd3ee030c275fdec42192afd1256f,0
321f0da0701c3187d44c41d8df0faecce97dd5d6,0
b1ae6a4fe1eec8be59fb332f01505239e84c4eb5,0
5e0a3f31e1da785a3aca29004802a6d6c9211cad,0
323444cdf72db3311e951e3af00c60efebc8d1de,0
f708f7ab3b54bf85808fb7e11f9f49a2c995787a,1
5a78ae4522454f9aa08b70ed1627e0648eaf172a,0
42210c3c35290fc2bbb07563e93aa822b8dbeae5,1
b5f684b15a8513832aea0aecd0a6517cc132c20e,1
25c4469695e17fa17a5680c38efae604f936ea93,1
3308f767bf8d66a4b9f0c815c31ce464c43f1465,1
6d5d63b911bd9077fa6e95f86526b2f39af40191,0
666f89f8e8638d92a8ca14c4c7be209081f560b4,0
d429df3fe3fdc5cfc8a84c35c8493296f3cfbd4b,0
3ad665805938f02d34322ae5d2b694a48faa82b0,1
d30115b2fa6a87293b8c1ab56541d94398ac0f39,0
a4e894c84cbc7ad983cc8fa09914e2983d0940ce,1
a076f1c1fae4ba457ff163edd17a70ccdbe7e254,0
bcb3518f62bbc292a2cf4feaa3fc2c6f1ea00122,0
1fca59ab3ce0a78239ea7fd8a5e0feea666f1083,1
ac3d110990ce8103ef11c3b63eaa8fc869de8ec5,0
45146c7d1d7f226ca61cffc66f9937a4ff4b28f5,1
c1d49d662e379681f2dfcfd4d9f8399956034e92,0
05f198a690bf8f2c13edcf264b1152371ce6c710,0
e9da37885d6854941a62d19a0b2ff9c18e7aa980,1
d99ecbcd0f29ec5bf2df41db75887e261d2a2bc1,0
bc9c410b46837ef53d425f3e14867a9f285a62f0,0
beb635feacc67c901ea1a0aa4fdd014a8036b7c6,1
7414c909f46fe1418bdc7023a90fd9a73f53f97c,0
3a73d39bdda95c70af62656a85ed1b2f4e8b2fbb,0
efc78d2f339ee40c2bb48374bb6405200473d517,1
8e00ff23780f18e4e6647bab34df22516a3003c6,1
59e7c721cab76839766da3f4dac22d61ec28afd1,1
0b628d48af8f9d0df88560d2e440d1b0d6e99714,0
dffa47acfca3d77cdbdc7701191a0f7597643df5,1
3daa3ea03e567830383cb554adf3901f302cc5b2,1
49da28152a6d84d6fd037c9113b60d68d060107f,1
89fe0301456f1e0ebb048f2a3cce7160a118c1a1,0
47dc93aa92308fed63962781f76b2e55793a0d7a,0
ebccbecf999345f3166a639415b28094eda82f24,0
567ec13eb5b042b544353b915744c78df9a15e8a,0
4161749175cb0b7e1fc88df42dc1808bea2e0b26,1
c91d34e63587c94add0451f79fb428428e7033e9,0
666f18c7ce6b4aa31f68aaffc42dfc6d71958ef7,1
031ec5d7f5754585eef66fbb60c72c488b5a2242,0
4265ff1e23cd19db70dcc130b08b3e933808e4b5,0
ca30ccf02f94e4d1285de8a249c60c7a41dffcee,1
7a0beb0fdb0f3b162c07fb82cb29a94f34fb410e,0
f85983f5e18c4247c98eb1e25fda0f6da9a6b08e,0
3fe6bfe499aa46ee32c01c49a6507593969f9dc5,1
5246c43913b7323024b3f3906abc336ba5fbd5ad,1
baaa3289651511916fdbbbc578d2c348a1211381,0
ae8e5799d499cbd9e2eb50331ad6aac0b8c72519,1
e025dbc7c7da52ff3844aa3ef7813b743f13eee1,0
7a8f7907ec263d9081d7ca3630495743296ec012,0
c261ae094fcb85a0743cba4a0296b6cc8d2ab92d,0
6a08407acd9fb20950e928fc14ed6db278afd7a5,1
09047b34f97ba36189d9282e0a84fe2af1d05fa7,1
475929e4cda2c5865fe5b115eb23d9c7305db653,1
c5ae2fca3eaa8e5c87f9580ab74a223e1e180139,1
f64f394a0774a8e107351d5ac89a136d1bb22390,0
84e7189fe7f8ef3afde8852a2c30a2e8558634bb,1
973b09a5d46789903639fd3ea958647689520ce1,1
5a37d1e1d232420a6491b7cccd3e1ab1afce47ef,0
bba29fff7b0b6218be1425463cf438bfa3d26193,0
7a42e92ade08110e8f3031022eaee80e6a4d43b9,1
cdbc8ca5e9e177d721283046af2bb0dfad92cdce,1
be7ef1e695880c4a5d4350800b1efa5b835708aa,1
a7164375e489139b43ef3cfefd1795c16c1b95e6,0
e72947c7d00b1cf0a860324bc54cfc741c1df31b,0
097a199c25a0faac16aa071baac5d960cdddc99c,0
aa6b3bd73a6614947901611b81291d1409299ee2,1
9c2bc3a48b01e8a9c297aa0411cd2567b4ceffb4,1
a7fefc8ba0a4377b2a7bf64e3f21c79d5edbd5b0,0
9ea361bcb3f324e6a99809d6f07ee1e5cbcb5a40,1
361814b34529093162350e45544d197fb7b681aa,1
d8d93efdfcfc526538358799c38559975de3750c,0
4099d26ef862093aeacafe64bda5676a1d0345cb,1
d77cc829b398a4ca1aef3e941eb00ca099e2d973,0
85822d1dd37f420d9ec1cd73a2d0ff7e7b1fc773,0
d5e5e4c400e9a57a2ef278461f28beb6dce4a27f,0
16e3fce1082dbf9b7c2a017d685f20722d267fd9,0
908c77b58d89d5c0865ebbe1843d99df643ad88c,0
94a916bf82d33fc237a6ea93861e1f71fc67137b,0
80c32a7dae224dc9707c782956d56673d207f13c,1
559a9996124a7a3ac3fecf30830211310d5d8550,0
57a03b6075b995b11d97c6417773a686a4844308,0
44a07c01bb9c37f5fe1183d5237579cb02eb7292,1
8d589cdf0f8f5ffe4ce586daf2409ef0bdd365ba,0
27194703c0d17d5f702b8b99f4b10fe11eef39cb,1
af1878fac316c80a0319d21bd992aec06a55bfc6,0
03da93065ed88d9f1d6c2ee98a407171a5336630,1
a50061f9a5316e5ccb13af7a4682675ac2eab421,0
af533e66dc1c727eb4683c69bf9b251e2b3d004f,0
85abf20a21ceb9a92fc1678f0b71096f1b1f046e,0
e6673e0e68c23c13692c77289662b31488606818,0
8dcfbacd87a680017493703790722b51a837887e,0
b0d02e3ba8a7a7294b1e7c71fc2d47bf2c3c802b,0
db03d737a308ec1be672dc8314a0d8d5b62fbe5a,1
0b9d2e927f6727200dc694371b076407f2e0b028,0
17a1af11eed45f76015971bc602fb444d0ff16a8,0
3801792ded84f707b1770454bb119aab638c4655,0
45b28e432b03b3f22e19551530c0b37c0d596a71,0
42a9b3e78689c73fafd3b52ba4f4c23bff8416bc,0
2fe36bab7010d9938400bfce355c961360ce14f2,0
6ea0e0c32c653fd8bba76579e55ea4513e77c414,0
cd6326eb5318702f70879bda0a368c594da44946,0
e21f826dce59a5995e1f39973e22f756cb22cad1,1
3cd0b96a2136ad1cf2ad3c5673bcc8a831eed0af,0
9fc91197fcd810b071353ce1ceb570676199fd50,0
f506ad1b00c39aa74c2117b72de1da8b03adeff7,0
3cd7f31f3795ab6d18409727c3b227af72148476,1
f6d56f3b52aade7d6d6cfa39ad86b45799da44eb,0
1dedc6f9298751dfb9668140d1a93709f6899f5b,0
b6a246b76ae6736fecca6eb60a0574a2b357c2f9,0
0d26557ee66a7dd5dd79837cc2ad87e708d6d3e2,1
c03d151ea67f9d64fde33814add884c9dae7a0e7,0
5cb88fc30f4a5b13ecfceafdbf81c27e869be211,1
e589f527280fa63ceca1effde9999242f5a6de72,1
a1867856b7465ff05c8465dbb6d5ea079a597fdf,1
70a1728bf8f3425dd41a4c29fb2a0e64318ed919,0
17024c863229fac9a187716f78370cabca75f725,0
b2d25afd67d19e52cd8b07f7afb24f09a1284ef7,0
4366a6a8c08225da27631f92603550a65ba1e4ca,1
e0dfb12d1e7116ffa26b7a96711d3079ed35cbc8,1
c474f3729c7e3e79ebcfe2f2b6b2a6af36e019f9,0
712821422709cbb1c37836444ebaefc5a6f40114,1
f33945170658b81fdaa099de11b649b31b3a3c68,0
d7719f76131673061427b8befeebb6e44446a815,0
aee7144d22a0686b0c7005ea96070c2d3b93f0ef,1
0bd27744c2f06c7208fc323630bbcf878fb3f848,1
7136526ab94c9bd552464536d59e647340556329,1
1d20ee1999a76d4a34814a0dcd95876b3770b1fc,0
7163d64ca7c8f596f9c517a0df543096672a3818,1
465d87e2814b675c4becf919f2ffdd3eb5973f31,0
16f255bbb6177df95469f25bc666c19f863133db,0
af724c16a672e0d22577401b5666e5c88661a990,1
3742c0a71c3716c0ad80967b820b30568a609e47,0
36082f33d1c0750ff2545d969736ccea0cbf4d58,1
33635797193410f21c789a8dea735772603547b8,0
9eb8387731c493c65af0841dd13f3c0064cd5e55,0
4e4c18dbec45419d3ac51acbcc28761d79f38119,1
950da8b05362d04f7ea141347232216e38df71d0,0
b3ce9bfe8f231c9eb94fd5b7b5cf6d1137cab5c1,0
5c89dc962d4935365d8057042fe3d0da5b9a3947,0
e781ebf2926649c93f49bdf07e3328f570d09fe2,1
3f17fd13e22f7133eae6b00e21f4203e63c198a3,1
b8b745241e29605baacf8eec0244bb8f6c43453d,0
eb321dd35a2e7ce8850b3654cdf9192893412d46,0
71e1f5ed0569066f8155f8c78cdc285ed67011c6,0
fba7efaa67c858762b91df00b35511b332cedf67,0
09501a1a34444db84954760bca53c8aa39de618e,0
e84f8f55c1228e764e4bf7be109373840b312546,0
19c40d5b94448e2ed5e238b9faa106b235eb7ad2,1
d87fc99c080189ff529f94d349e0d94daad0e88b,0
e9109749da47e6c9bebfa0f808d9d68b45182e9c,0
936f279e476267ae9f305461e9ebba518a57419f,0
07407332c88e6f3629d38cdcb5f327c02fc4b9c7,1
730dc3cf8e3358118409b1f54d8297b48788326b,1
4b53bd855afafeff528af398ad49eda9bf4d6421,1
a46381f35eda26888d506b7ba0f643cddf6827fd,1
ef75b5e78df5a6b34a2662aa458ac2aa6b4d2d14,0
f791df9e12324735be392fd9a3c9113a3ed6b973,1
ae9a583f2dd8fa9e69276275fbad0b6d4ed08a72,0
eca60cfe8cc1b2e0e46044fb80f5b59433c90bd2,1
c97769df6c44e2208ab7df655ca857e2f6103429,0
f9873375a29c3b4f21add72cb184dd7f825d2a1a,1
68b78c7ef857e0759629741926dbde76b90573cf,1
21effe60f7241bc553f2423b215e28bf04c53c0f,0
58e6b3a0cfafd34fa9eb29bdaf1c9df6f2546e0e,0
c9da0e37a728edc1df8585a599c67024bd9a8668,0
84a6dc803382e4d0565b9ec9daf961c471463295,1
37851884accf0e157a1c0b03f376363fd4bd9fe8,1
2541e1313217c7380f86b28dc42655a63da6721e,1
6a4c2834a584fab956e2b6276c1fe512f9c6ce2a,1
f3ac2aff284c316fb40a3980adfdba9d8010b2ee,0
b5f76ae04c585adc611572ddb720e7e0f3baf829,0
e1803592882442d2e32e368e33f18d928a902d5f,1
4536aa2ba2976cce73b2d611e393084aa401b791,0
58078d8591c6f075ed26376eb01914c7d23bd4c2,0
32d887714cbc82ead96b8a1678bf5e8f32839a1d,0
c9007588ab90ff11ae5895a75a037b340f5070fa,1
8a1cde386976cefe9d55005aadf75fd002415e02,1
7880fff4082889d3756b81ad2d33b7eb25e8f46f,1
0cf9c079f4a51e2a98d74b9d19e3094add8d892b,1
ec84511088531dc479b761e48d85b45cbe24ff7b,1
614f5d9f71174a3a096a4d06353940dff7c7eff5,1
ec9d274bb1494bf2277d8138ce53c8d88dca9693,0
f482e5f35deafeaca8580425d59af72152da023e,0
77a623d91c0b1c1e08bcbb60f07cb574c8d33f9e,0
0723a5428c8fce9dc28000f67c1bbb4e15eabd25,1
5ee3a2be5e167eb4a4986fd61d283633406b3762,0
d3e987a65f4538d3aeba91794130fb6c809be943,0
42a864190c264c5dbefb992cf5fc3d7f51db6040,1
9598383b318bdfc294e2356dc729175af61fd6ab,1
24b4565f998ca2ef9a2074ce5e5f9eb804851245,0
dfea6affdb044402c24c1b0db0413a4bed6afd4a,1
9362c3069a40582120802e6383e03bf33a9cd4e8,1
23202002801aadea1d65370f58137c257c70abea,1
ad75b8a6ef255f2ccabec5c115ec451840af631b,1
08c0d0ef34e4d37ee6cdd3df932ab7240ca9f01a,1
8bdad581fc5b113c01a01441f2ab0d3c7e96a8fb,0
490f692f8c6440814e367ce847bcd8d4ad7ee25f,0
be95b93163b171bbb7041f44ea25bf4ab3579399,0
631a5d1966d3da3970f5329926e633b3a915a532,1
7315dbb4fc308b198ae9e1c0f7a2848383e02847,1
e9a4317020b50635740785794a80f8da6b1d333a,1
936c88c7d0dbf0ae94b6e39da70db4fa606a0c94,0
84636244a0329579343d302447809e6a2b88101b,0
d662a661e24b79279fbf0e3abc8f7bfd52c774d4,1
ba2eb823375545bc5952358bf2fd7db57a8994e4,0
560ae3ebaf5049582a76ceb33fc8ec25e0da9fca,0
c54ef1cff2029ff9156e6af82d936d402d407083,1
ee475d7b1f459ad971ed852110e3d9b1ced50663,0
3de3a2d24c11ca878685ec511c7e9494035e9746,0
3f9f1bdf34fbd57cb7e7cece5cf55c50accd5045,1
b3e3685942e3f467f84e63ad50ec628198774b80,0
a4d67dd8808cd68b6b46d7dd473fff3ea77eb3bc,0
969834dc96976ab71608f9a836f1eb8622fa3840,0
5a6e768a130c75f6b759b2f097e4c98d77e38e96,0
c70620c7cb05fec806543631f311c123374c4644,1
2ec98de2b68932399c77cef3e27ef6657541b957,0
657993f5791c53b0b16235629b8eea05f3fef311,1
63c3e3902343cab349301ccfa0d537727622dadc,0
f7edd3218a7257304d178472b81014538bd34ecb,1
78197aecc4a79a5b00ce389bb6470b350e642505,0
d28ed861df1d5811fb50f37e59ab347781231eba,0
59e6d397f7c071a582096d8a4db706a7613c301f,0
92fa6d2263705d24bb72294a030bbc8ee41dda22,0
77bd5200ca44f3eb17877c70859aeb616b4a1c7c,1
829ee852343614b11323df696feb170ff897a354,0
465f0fc7c4698436b2f1d3bf0239b29852481cb0,1
0d4998ec35f3b0416b94c832896ea7fda337eec7,0
a0c6c9d30e521418549e9c5ac91b967238978494,0
b846e7a9b2b16c26d1938b157b364a92295cd816,0
9a2682bb3c3ac73b0f1e4ba072f7dd95834ab2b0,0
db6400189b65aaf03fac920d0d6f78fdf31dd295,1
ee80d6e00f80167d8f9cbc8faad8bee802f777c3,0
c245cc73502e130cb3094e904de7601239c7b833,1
e894899cc7958e4b82dab90ff38d36f478765ff7,0
01efe7e5b7bd88acf600643a761a52ac77f1c4a2,1
9b5d65ce759f7c31de0b0cc87758001c218ac7d1,1
bf00e8b61485375f5f0b51a75b478d6a03cd7dc7,0
09db950baa6aa2c2c76ae355f0e204f82407eb38,0
36e7d78c8306e4c1c21b15f9927045edcdf8ba95,1
62363bcebd57ba395cf40d6169c477c88afd8cf1,1
11cd5b1b344f7d024fe331ac02e34edd82f4adab,0
25da81e6af8292eb656f0f651be439c22a92c45c,1
ce54904a25ea4ead4ba5af1238e591011bf61fc9,1
12c2153d156410066555f4d50b827b01e9c180a6,0
d93b53e8a6b2eed7da0eb01e5bd87d573952e8f5,0
2d2e8414ef65eaadd57829540b403a6560984fd7,0
6538f5486730a5fe1a004147f4463b0c26870373,0
3f796f64b54f01e2e515c3aa10967d1df76473e5,0
c635afb86f9ba6f858a0eae73edcf0ec7a26d5f1,1
3bbdaf3bf800aa39711e28fc6960f82b29c6645c,0
05c263d2cb454f71c62986bf9935b17e5145ebcc,1
5adf517062a93f05e62563d5a7551f1de9f5cc95,0
c7856d331e3d91ec7cbb6b97001dffe0324629d1,1
08bd99f4129f64283391d46353a06ddcf98a649f,0
63a48646c6eed9a3e2f8e579e142136d9cc5a4d1,1
fa5c3f66554f39a70fddbaf9884e9ce441cba16d,0
0a638cd3265157bc925fe6fc3c6b112cdde35db6,0
c591108ed871e6045c1afeaf412a0b77b6ab85e1,1
3828f289c799a4734bc47acf32344dc1a0e1a831,1
da7e60620a847eb22a63b9ba829ef88a85ab231d,1
d014be910846b96dfbdcc6b70b9f625daf2f1022,0
5a83acf50963cad952455f33cdf66c0b1fc3f6b9,1
52138fda0e5090066ff00944198f25651fc2ad8a,0
91f531e63650159a9d34cb8d529fc53d0c07fab5,1
23de98fcf21477da4ef450c270e24277da6596d5,0
2f944219a65fa7a7210ced8977ae67075dc5ee1b,0
eb1456e2bc31e3f3e921099a8258a36ec7c38efb,0
119f82bcc0886e01402072c066ebd92981e59e3c,0
ce2d1fcd00d4a368df0f9404bf53e15b24813623,0
f87930279861d99a253db534513498c6f02237f1,0
80476f49fc80b31b99af5d849893c3e027d306fd,0
1ed7042f0aa0475bf642e3f9b5318c17b588f7c0,1
9ec0d0e8f1c2534b38135ac9eafa520eedea6fa7,0
8d5cd3a39ded3a5bafcad4fbe0aee0bd441eafb5,0
fb3a9ed99a56de27ce25002b744966b8ef0e9916,0
1f28eebfa8c95b7382737002fd36137bab9919af,0
c702ebf5273045a8f039fb22d9006c40e901a93a,0
32a773ea891ba1b1e02e0a4f4a636322721c9776,1
c4cf4fd7112370c91d036258cf155816b28cbd61,1
d90c852df5e10e9630f80647cfd5f7dc7e7fa5e6,0
9f6fa5a60ddb5b53af772483e865d9541b50adb5,0
5c4c5887e4d48490a2948a5a0bce09ace30d7f51,1
0bc75994dec3b765622a76c9aef7f8bb815d94f8,0
12214aae9693948280be72ed32804a8cd1d3e05b,0
3e399a9db218d28b1bfddf754706e7302fe825b4,0
1eb8104ff38101438d7ed8f421110abfaf1225ae,1
263b0ffe067841d4378a1e87bf057e1cb104ad02,0
68d1e63d4e15f779c1174484912c61131095f18a,1
fadd58e1f743fb03e06b711016907ae86ec5277e,0
32646ce07d63307fe22cf36676c2094da12c47cf,0
232eacf5d2b70f214a971301299410ae5ebf3696,0
4dd84342a671a4a3b8f2d8a08472a3da84b1e230,0
08ef3e4683b27c25aaf8a091703a472a3e30aff2,0
feb3ddb1355b022d6214135e4a8a501d75d31619,1
3ef84ed75f6ab16a156d87682c5ea2c00ee96fd7,1
4f5acf1dd67f086122a976380189c0502cb7c03e,0
dd53904f35c9e2a8914cc8c8cf12a56e22edd566,0
e3a4a3c80be4ad615431d1f77f654ccddeb7faa0,1
c621ef056c9deaab9ed826ee5c815fd54b6cd90b,1
f1caca588dd8d71028cf869d4e34eaf4646e43a4,1
4451121d7a739fa8aa00949c8122256d6c6bfe6b,1
6afc64005195a15a4def5d7807f3a6753bfd4fb2,1
bb00b15e4b80bd6f28b8085f2eaa33347c768bf8,1
6adfdc642728a188005162b4e5b9f470ae19d0d1,1
5651c942b786a660eebf9e90efc5031c5e7b56a0,1
048edef4b4cb381f340d1a011fbc3f1368a4519e,0
53f34ea2666d86ffae2338e313e7bc8bfe5223fb,1
2cf1fc7c26bbb83b2ffcafe01eaf8529f1807fe7,1
d7d277081ac967fb344142aabf57797630add3c3,1
2a3edde6984c72b06219402333e6bb650c0567e2,1
4b2d7fd1628c4bf9ca7dd4bd3bffbedbdbce97e8,0
35da3c94ad2b6b9f4078a79ddad6c8d49be4bdd6,1
9ce7f65926cd3ae74fa136230c84977c2c732725,0
c552656fee8c75bc3a78bffc6bfd01efc53edecf,0
dac5b5034f23a194b4afe451345bd9d317e18390,1
15a929c967b4702744cffae083bdaa424a0a83b8,0
a7d9bcf252b25fde01716679818f277001d7fa46,0
123cf1a332722d81e2add3836418aaed41b1f1ec,0
7934d55dad52f8b78898bdc8fd363a0475319603,1
e04ccbbbadd549542e02a9d96da84333977126b0,0
379849390dcd66b26449c834921e862c24dc1081,0
e7b76c0548b96ed8de79b76c432977df2bdf4e5c,0
f2bb8969a9b55e1f3a24dcb7e2500ad081426be7,1
6646f233770d852770fe8ccd5b513eb86230c6c4,1
868def834b81b33fae512ce351f35a31257e91a9,1
bd83515369bdeb2ffb92688c8b5b024b0a557db5,0
33dcc540e96abb14dde05cb2222b75fed1031d52,0
08197be87d01d0af0a222a0ef8a972c2d2dc7f93,1
136010096a0e62dada6dc891989224a06e798747,1
b7d124e80f135e167e5faaef5bd088a3e628b0b4,0
2aad1774edee15acac10c7e1d44ed340eec9177c,0
6a5c8c8382500de1f39d8b82ed086078fc6ad0eb,0
e23484086374784e3f2a83203074754dc0948ea8,1
e03ba6f284a6e9dd0cf1b5703c10c0fcdefe7a73,0
538867a8719b9007f1283f2d4b4f641bc1144ac8,0
7d822dea8957a12eb216d2acbc1eebde844009f6,1
0d069cc3fd58201d2cf7c67631752edc0fce83a5,1
14fb97cb0bc26a9c339f147fcd0d14f2dd0eaa3b,0
519cc90559d00df94f41c2881cc6c764a0e40cb9,0
9c5e327d074b0784e7fb7e13ead763fe981c481f,1
16e0ce90ae572b0c7b122257d6bcd2a23141259c,1
3f6d0d3fa7bd5daf37a3b87f03187daf4caf186e,1
ce187460a9c558f0880d4cdd0cec8f0b091766d3,1
3e8ae0c9c2aa7f676316eb435d6c6072502df163,1
097653d2076ccbf18ae8bb336d27e12589ae3598,1
f98f020d41abea6c5ee5ced7784b5dfc3e1d86f1,0
79ba73c6f7bc87d5c33f12d1919c2557f30680fd,1
2d7785f800d999a17047f164639b700a1e6c9d95,0
0b3da78c63914745559042322db1d4a335f1e7a2,1
c0abca4078d10b4c4c6991a34293709d471dded4,0
a5fd1891d1fcef94d6225837af6f4ab5d631ff03,0
983b812c10e80ca013d96e1cec74726a657c7ef9,0
84cdb3a6d3841341cc636f232be3da6d52a51d78,1
b96185c0807ae6a2a0cece1b435497927de9820d,1
55a20e4646675ce2688324befddc9c11def50a93,1
009eee478b75b68e30852dba706ab3ee9d87dc7c,1
1ad62b076822d88cbc168113f00922b9747af7ad,1
747b3980679a2464c423975f806ad30e3f79bcff,0
b72c0f7dc0307f4f70eb0573ceef8a0c8db00fd6,0
2b69237ec0024437a4edabe17ba58b96effb5144,1
f946e6e31596f98a267c8a4d86e8b496df2039a2,0
2a34118d4206f3b75bb965e732913eb98dbe4d76,1
53a05d8200fc448a8cb993d556c77c0ceb016be4,1
13d27636ee1bc79da4ef47162b7af84b429978f5,1
89c193fb805966b05a47458a9c073ab7d8dfd78d,0
e5b9ba58e7135f4d2963ceb818870f0536e38404,1
68d7676a80e5efc65ac693e3c58d682c1878b209,0
452eb9580cfab23d6dd4ac6446e59bef995cca36,0
d2212aeae2b901af6627c9fa72903155ffd9384f,0
be7eb4c6844663b86f7a1cd1a98695c58efec316,1
b72f8a2a0f5b519144a82ad7132ab65ffc07e8b3,1
01cf77089e64cb16517311287f1baa8236e6ed0a,0
dea7ba89e0af25f724c751bbd1c44a7d4ce2774f,0
3821a066beb866a671f6e991812fa3b642c23746,0
c8cdba6c5c6e5f19e5b46d310ac8579a0e005e76,0
af4f43234c2505812a6eee3359f3fb2855d57de9,1
1272ed096bb1a4fdca5c96d034d732caa6a08b51,1
4872b0ef2a7d855a917ed88f0e7c48758442df71,0
0a059e60a1a90dd6f3cbc36d530f8e40ee387a5e,1
66ca09b2c7481ad8b3d54495718248cf1bf1c4f5,0
1db9f6678239ed4d16e75141043c7d6c5167c502,1
76ed81165dcc5b1e09b161bea82db5792ac1dc8d,0
daa7c344fee22d4721df13be1ff7d388fa73038b,1
1ea584e48c19547e98c86c241ee705a896c45209,1
af383ee212ccae78bd957eb407a2c0a14f72c7ee,0
711e7958bdbfcd4f465ab57c55dd261ecfd5ed4b,0
615f8606c796548da69dfadecca0165e0d446258,1
a863ff81e10bf1e22dd699862b48d4dc33590c34,0
beb3704ec4026feeaa47c231ab9f5bbccdf197b4,1
a86400374ec89fe4372ce6d35f7f0c05d19fc2cd,0
239d39f3b3b871e66cc02d4edc46911a96c406a7,1
ce27edd4e43a9f8b39a9109b6aee743cdb7d3d00,1
8a688550b07937519d4f85aa8c56048c83a6cd01,0
465461b58a078439fe593af3a719f66d7ce4d154,1
2f976e596333eafbb1978d6e92ac12013c00f318,0
62bc53e1a92c2eb48d4eb8581f9c178699d78522,0
ed248e101a194a140d9e7a7387c7121a57c2b7e0,1
c567a14110b662ffe008ca80c1c1da700da7cbb9,0
6270031022f60ff34e06284c0ee99c30375ecb9c,0
f777510156866d4511f750620b1b6268410d868e,0
e8cfb42ad62dd74f6933f61f6c67fa2838b7e7c2,1
63e4e0e0949aeb0b6f4193ed65340e4d4e18562e,1
7cae401ab71f3fca74e8dc6453a1dbb71379c3e6,0
25d044a1e3df4ff7e5116c809acd5e5981502788,0
7f9cb34d814d5fbfc70a5a1878c5e611dd5c7944,1
394c5464f94bede1840c03cb293fe5d1633dc2e6,0
22ceef32f99f12a9923eb0d34706e2bff6754b4e,0
b88eb96c4b9071c430305140a2cf85d06fe22f4e,0
eb7ce16147db818ee147450c58bafe7c49db518d,0
aa936c96e44788e17d3e36040c5368d01bed2ba4,1
badaa9f7d696424314ffb3300b275b03d8432fa3,0
b583f0caa27f4710f0ad441794286d5a1a515946,1
fd51c2c1bf559ec64f3a8d32c4530912c42cb499,1
254fcc187f60ae31f02cb65a0d1f70f9ea152c1b,0
379cecb2426df29e2d4ce81c514ce83f6d763ae2,0
50b5a170ee9d1de5a2d02194fbc700f5d564c31e,1
aec802b82f0db540b8d2585180bc043c70cb6ea2,0
5ffe21f0939bb8fc49905c9824236abb16fd3cfa,1
4365f03c824b636a8d7ddd5c35a2bf0c74662aa2,1
d1a174d1b4c86a8c71a97f60fa27a382319a501b,1
8650ca42bbbb3daef2a92cdc129525323b5e22b8,0
468219b75261437405f6f1d20fef7e9efbfe283e,1
1c8fea3fb03339c0c774373d3b8f251cc2c707aa,1
f7258b151b4c011ec414998544aa639cceca68a0,0
860118133aa0ae73d840e11b43d5ff52dcc966d3,0
99718d8bfa52caca3b909829f0bee1e2cf66091f,0
ad05d3f0978556736977e119e49a79d18d143f2a,0
e69f7f64bb7ead4b398126b46e941a04144ebd3a,1
87d7b2957271dc925dbc28d808f480d21ae7527c,0
c236dd4e0ade1db910490b05461d09484f217a76,1
f179a3abbcd35721a00a8e55d2839e19d517a8b8,0
2182abe37f5e01540d13f5f9b46528d83d0a2823,1
faea6d407b27b483835421b8f505a2861d9d3b6f,1
dee5ae283fd635e7cfcf208302b834a45f1796ff,0
dfdf5491ab08d3e20d2c0dc7a579d56a7561cf34,1
7b611486f0cbce9287c00f20b570eebeded57119,0
abe13d451a6a9f3d3008e020bf86256c4601fa6d,0
a9d63c01bf1f6e7ddff227faf7c8ada1e54d778f,1
ee195be54398a90c27bcc251ade9085a7185e086,0
16e4713dff02fd93f87dba0cbaa1c510c1c53634,0
c192e7abd15820860e5739eb121428abe1a118cc,0
a444b58583657485c12d43f19719baceb3badaaf,1
4aa943b9304f2607fe806d869e43f35af5c78a67,0
4c62aaaaea299b4c1021291f84d1f5e85faade68,0
0b7fdf67627648371198d22738356771578e2546,0
1fe6112697435244bf3250f620640080670461d7,0
456b24b50d7fdacce611c671f55d6138caa4dcea,1
23c58f72250af4cbe084a80ab438f76c689aff0f,1
c686b2f014064a3d9f01da9501430e1c89f120dc,0
11e94b29cafc5202bf2949e3771a37699b363490,0
477955e209e1c9b01d7efc298bcb32c90eda50eb,0
bf7fcc58905da62523b3cc54874498bbca7e5c66,0
a3dfe8811f28138564422baa3c928bfae34dce20,0
c607dac3eaa548df082a026e84b9d872704b51e3,1
54a899b48d3591e8a3e21d1f1ce4d2ee903f5e86,0
69917186569ffb50448874fce75dac092c3e2204,0
d400a7628a3a54dd142aa2b50b2e646294fc6d5a,0
71492db7ae58c6458c5a161d5fb3ccf011cd1723,1
178cd95ab90bf0ce6a5fcb3a88de4ba672c886e2,1
7c7a363e9d69e26cade2e81750ff1a2b44242d15,1
3a0da03a9b0889f90baa2ac6a8d43f3da7cd5425,1
fde92dc5422d49303fd9f4a4a8228fb7cdde9adb,1
648b18018dfc79ac92fed7352ffe2151c88a37c1,0
56557add7c25d49b38e2a8660d3b47c8948f74dc,0
8122c3f43bd77fc7ce9a1f3923ddb44f99450e9a,0
0092bbaddd8fd122bc564d035c5bf1067da9c09e,0
c2be5f528cfa5183a20a86d43af6648569583845,0
f5cfac89ea927bc4d1b49fc6bd82017d419bf570,1
5ae43c825e14a2dece624c081dd77c92e47f96d6,0
b37365cac8770f5b447e0d86457014dc1ba83903,0
821b676b134da59d59507589f195b9a83b8bddb7,1
bae90f13309d7486ead976a834047e9fd7a9cef0,0
df8d52a17edef998aa7fbadf4eca677ad4eae119,0
12d869e7d2a36aa602757d2c1ba4c051d3eddd2d,1
38d437e53e9565516abc4d31bed835a16a7f1d6e,0
7b4e6c70b24db13745d5aebc080ed3f7f0a0dc97,1
5446bb9193a7abefa83494acc4f74466567fce7f,1
a2f24ad067981adb0b03d1a2a9ecb3cab7b39fc2,0
0a6a586cca1551f7d200f4df46ec8fb80c9e9566,1
3ba47adef2f82d88714fb49c478c7cb7b5dad96d,0
311c1614805743f5cd316a3f5100f738b9c0a692,1
11960a4bdfb3091b0124edd3c5b3ba4240554821,0
fe6978d50e451169b1160aaf9407bfe3387dc12e,1
4ca96f9b3a1d9a34a29eeeaeb39d5f0307e61720,0
0adbf74cfdfafc6548b7d80b4135096e83c2e9ff,0
579e68e4edd87ab1aad74c293ee5c64388ec34dd,1
a7f88d8cd15c33c2261e54f2479a921cffd29a75,0
5837f6445cbe2ebcd0e8842ff5d450a768a82780,0
250657a479edb73e945189c7d6d99246f41f0f7e,0
fd085c36b90d76594967c12fff2bc34cbb0ec1b5,0
ec75a71686543155ddd169ade3f1be0e5fbe242a,1
fe0242cd51ee560555b2c415745ff85db8db7009,1
8f2c0a2246ff6261d83eccaa4f8e58e7478ee5b7,0
5118ef506c1367276815c5b8c66ef342f1ea5e3f,0
08489dc15d524efc6f5e7f4fdc562210f8471ce7,1
48610ff86de3780dad61f081740e2ddc5342f493,1
37a0eddcefa40810d93ca9d11aa3ba89c1ee0662,1
443bc5bf309a943410d1674fb6cd6a4f784fdf8e,0
7c0773047074bc1f2b69640d4fd587b5b05caea4,0
458661ac07e851511c209c0717d375cba8779d14,0
3f7cd22e87b9e8d5e463b27d905d478d63c99fea,0
20a909525ce74b3a51f09f19676c3c442b6e7add,0
c5ac204782797f7c0b5d4ae4781ffb46a34cf80c,0
3234d859873841cf0c2e6e70628b20a624261219,0
04d010577c192cf261a38691f922278ef5c02e9c,1
0a26e82b8cb8011441c8e80803f27c711488fd62,0
6821686cfd76dd62b0db2963a1b0d9d323f35651,0
518be5168ecdce6dfe89083b5570de87e5e0acea,0
06e453e4a884641503342bfe95a01c888dd321e4,0
cde98febaa36b0eda8efca447cb5835866fa4c3f,1
768da7c83faca4127c6fe5053790af815633c150,0
f44b3389c333a9bbe8d8d67b21d5656012be74c5,0
1167400019b2ac6395bf706ea4e6d6ce16521727,0
6dc573372638f9ad6cd1ef000c57882814651fcb,0
d72f14f6d6708470f458aa32ad686e5a350d8b13,0
db3bb29d48ba2fb31d6038ee3911c3bf8cc18143,0
228741aa2a03b259d08a29a4bde2a6fa8a895320,0
4bfd0093f2aa497d935952e29c50898eea5336b7,0
84d18003db5c9e1e4f1032380e993e43b952df55,0
6fa071b770211c69f0ef7a5ddd1164f1884802a6,1
d2e46dffad8048e5ac564c852b6e1f91518e5372,1
c96ddbdd2b0d410d9e31bb7fe4e128bf60917e02,1
bc7aa1be9cc43acf3d10c14d567cd5844c38b9ca,1
b5573597a32484bcb57f22599ab19720c252ff58,0
17be2ff6051f7f6c0ea63d6a20f5ccc06616f2ec,0
6424016da28fdb23dc5031a40fe7583be0e9032a,1
760b3ee8d5bc029f70f773976535c0354993280d,0
280196c6458e28b5f37506fee6aff9c0cbaebcf3,1
5a5d8805731c2d010d801b36361db3509ac70042,1
e71a9b010fdd784d9745086d901fe718a7805935,0
78ae634f6c8eabe0b3aa7fe1353f4b318ec46f93,0
03e1793a66e29fede567c62c02317c4c17db8ce0,1
c22b166b67342ed5842a46780188c54d90d260bf,0
3c933ffc080d1fda8c53e0d028907cb287b214f6,1
b8ffde3bf1ce23f44518c7d378c74534c0e328c4,1
75b8c6232c9b46e8bb9b484eef06c8c812e75247,0
30749c8f9445c2a165fb9dd8f6d4c22a1750b74f,1
1e4e9360106e4a73be0a5a7696ea0825afc1ac87,1
e04b79a64ed3f73823d6a21b2d799effd4910d22,1
45b5efd0420dd1b9b18fee23e2309f8aeef5103c,0
0cbe7324dfe3094ee22edea36f9ac15efdd3a804,0
25fb4d0e68c04b4d390f4e35373434472497c25a,0
56c3d271aa58b502364a9154ca104023b05ae9d4,1
f9fb4559e06de9e7a6b58c6ffa09a5bab2011b99,0
177b4a3c3978850dbb0157d334bb8a9a4158e7ec,0
96a477d42e662929399e7faa37f736c00892afe0,0
4b00ffb77148ffe3667ec687361ba8b6beac42d3,0
713f6d6a38be9ee7831b142403d85f2261f15056,1
294f9618751e317a1b6863abc887974df2a61970,1
5abe8314d26013bbe12a7103d17c12d6072d1a30,1
d638028170924d2fafc16d7aec353d56ac43e529,0
c2bc19db2ed5bc48c8f791945ba8c75377ae6438,1
8ac32e009914e3399be1d0e40be394de2edfede2,0
7c4ec673a8940fb85f59e4c7baa9d765eca65099,0
c30f779388ab41f5ac7b637a86bf2e0e59261969,0
71a8a24033a6d2d180b1f91bea064cf531da9c52,0
14581762e8ba72774ca7d06c6c2203b9faaad6a1,1
bd1967e50ecf26cb12caf097eabdf2fb84845aec,0
41f73f2a713fb3a84f7def7ae6de05240c92c97e,0
54689d65feb8f8ce3fd12bcf18794bc76ed612c8,1
49721cd58758c1b01c8d1bc4e22d50795669f843,1
0116d91c1753684627b9a2cdfbc7518a8dd64489,1
00440e6fecac3f22c5e61d1a842cc59058161f91,0
b6ffb359cdda094a1674ad6a0c7beeca5ca26c07,1
506934b4883a23491ae94ea883ac9af15172c2ce,0
c63539824a6a52d9bf0a779fcb4fb497d50671fe,0
a39bc808962098d2cb1c13da2cdf50d4a46367cb,0
60f95a6ee3aa636eb45d0399d78790d2cfbb9bd1,1
a48266af880bb7c655ec3c99b4f89bc981ffead1,1
220712ce0af0e349f897551cb3daf16acf3d4785,0
2a8286450d747999b06f304fb1d2725294dffdbd,0
f4831aedba49f2b7c3148f95eb8056e2063b564c,0
5168ac0646b8b54715ff8a62a88a53a6a347ef50,0
ce3e9ae13849280bcdf71e1ec9f0f0e59e9b8d7a,1
5a743b1499db7578a47c9d784932fc202737859a,1
6d0cdbdc7216a3470a353f73f7aa424cefc31ec7,0
d42ba57cfe3f3e403761a49acaae09fe1b1d021f,0
8a3b68bbb2675e8263482507191e06c9fcbd3b29,0
a93d8deb9b5b8983466346eefb84942a81331365,1
354d56dcedf348b9d842762e06ca3276313d26d8,0
aed34b1cd131df65c036357b031ab7649c99fa5b,1
d15bf48e5776ba31cb463c6b6f9daf151f4d7f42,0
c6899b31af1fc0c511f2af8533e4f27b166a4ed3,1
e39294420cac06ad1de73cf4529c61232e740007,1
86a6a3abaf38b919b1b146894d23ea5ff8561fd5,1
1599413c4743f77c4dd7adaaf6c871f6a4a5c2ed,0
4426f0e9d782c54c977456425acc1669bf4e2951,0
145804372b3470ac1e00dfff8372613a76a5f62c,1
05e0acdccdd6f880243ad56fb7c2fd76f0894ee4,1
16db3f2cc92a389749d3441c2bfaffe48940c57a,1
fc8268bff753487cf44282be24f61bc15fc2affe,1
fefeb4d1e8209547205a1e866d26e9ff17245ea5,1
d93e5d5cf306b0c15107bf6542741229adfb100b,0
b8fb5234189b2b24383e683e3c74f1277f55aedc,0
c41d1c59e435db6d97b3a9b394e6cf23bb4ba610,0
15b9ac687cbe4d53ee6578ff7020757abda52e72,1
b5faad78031849880da1fbcf116da12fd3009809,1
cf6c0debee2d4d384a23dee7d784bfe31de0bae1,0
07cc43693994f1b376e60dc2bd90a82d9403ced8,0
152b49395df2e00013eb4387a753537768382d62,0
b747cbc1a608f8c826c91c86384f892b2e274274,1
e9bbded8a2bc58dc3ccc67203acab72c798b56bb,0
33c275c43c89422b6aec5d528d6c7251155326ac,0
81b40b853bc940842aaccd529ab1a9b02fa54d95,1
29a1924b8e1779bea7c931e4bab6fadf1c2f038e,1
85b8650bef66090f146aba2a5dc730a5709f885e,0
cda4896344b5615beb1652509399bb22960cd6d1,0
4ea0f94dc3ef09b2b86b6fcbd0b54d5a90f2f1bb,1
31d31489a5fd6693375d093fb7e4aa221792f082,0
cfc459ef406ec0bf4b244ae19da7eabec8fc5012,0
732f59f1e84534150d02177557d1ed80ba8a835d,0
ccbd0d86074863441d0163a03d574f17bcbe1f79,1
6502a8ad69a4b2f4d063c3111dfa48b80050a414,0
fc388608f7797c37ad06245d00fbb91f948316b2,1
9e6bd634b1b43ce4d2df687f102d710046bd35fa,0
8f44aeea5ef10e5351823b20dbb03200c8321b97,1
f150fdb08aeca30cbc883395809e9249aac6c801,0
7765b291910d47b1e702efb0eb937942743bc2c2,1
55eca58cb67882471e4b72a0d8de4eb133985e4a,0
d17864e49b0f263eb43cde8b6a85920676505961,1
cf3cb95b5e7ef2b2fd0785b21557b06eefc0e650,1
767bbe1d4972e22542721da9c694eb4d748724fa,0
654367e08cb002da0d57148ef28c6aaef604bc28,0
97b3a215e11070ea4c5e789a3f820e5c38307820,0
6f41f0239b8ae41e38c0d901955b1bbbd4436451,1
79c853518dda448bbe2972964d39e4f9548d1b6e,0
208cda2ba0632f5aefa37deef24b95195c5d6405,0
ec6e4c626fc44455cd8ce10732280215d0d4b572,0
6d38e7d76f3075cfa90ace1d9ff6bf413a35107f,1
6b07567975591751310b95eb8463dbb169883cda,1
25e941e05ffd724417bc64a8ecbd9551834df3a6,0
c098414d28f0056bd7bb4117214db8c1993e4a66,0
db7b93cdfbf71b96b33d26e397780fd4cfd13597,0
6edc61dfa5f1cc58edb57df5007189f60cf3b54e,0
2f26e4926d19c325a5c422f0f25564d4b8d88bfc,0
2b13e259ed7786a40c3a8e644ab1616acdc696ba,1
a4164f69a27e207b65a03d1469462857c1ae054b,0
b345858d8136b33f93b4009c90b726eceed38579,0
f02a0ab8f125a658336af41069114e5adf1f04ea,0
07d66057be1e273fc66812c894e683620be28709,1
0d87b64e01c730a1cbeb51395b5e67046ec69cb8,0
7efa05d4534707a141549f75cd495843802a9be9,1
b953012f09d3d214f06735f18446026ff2a23de4,1
522a67df1bdf1060ab6df768b93f9a0311471310,0
527c3759e6b23e3df5e49971e5b1b7d1c391755d,0
d717201f0bdece123c6a0c495b87486cdcd5af43,0
5c9722da79fba7e39ab444e666020ccacb21973a,0
4f5624728b32fedd60569b382a9472ae572885a9,0
f393e5fb1efb7f696d6ff8bc606fdf2f2218d166,1
d54e9ad8b5e4721ef766198db77c3b07314012a5,0
e79bee715a97a898aa04a3036fe2f787ec353437,0
28adae7027f518cbea79af8eb1dfdec7b47a987a,0
44dea6359b677d06973838851ab901aebba895cd,0
1e3a4f44854bd9f5314f91320fd9b3052884ebf5,0
74c7c01bbcbc377e8cb002ffd9f46e5136a03fad,0
e249aaeec2092d6a269656c10135bf87d67df282,0
5d55e87e77459271f0de1f85ee21a2dea3967b15,0
f44a7ef1e573778879202d78d2e451270e085eab,0
67d728322fffeb191a89ee593e9fdedd26d1eb34,0
80354edd1ea55916c7162b4dfec2de064eb00625,0
4623b39a75c3397f91234a86dfccf81b4ef55bed,0
e8835c08767e7bf1ef3cee1849c36650a666728b,1
63a72bcb3d6fbf159c6f092baea452ad3796c557,0
876168a6b7b5e21b404c4302f387ef87a729062f,1
4cf507bf0e1974cb33108aa29981ad9a4df00760,1
56fa351540afd0324bc7285103bdff113b9bdbe4,0
6d9382a939576a2f196e5b8c62d0684beccbdcee,1
0fe1abc9d6a513593e6c3210f343303356ad7da5,0
bba5d4fa52d838c25e97281bb4c4626cc4e88abe,0
474148113257caf7e720f71e8e1b882a7888b44e,0
2e3e79a74718a78493249937abf423b71fb80362,1
c45431b4072cb8135a1a2fa479de257379c9c203,1
34163b7f82d2f599f5dfefe8717c47fa0c2fd66b,0
5f88a6d05dca392f64af3f4d189647fe9ffab0fe,0
2116018e26daef103ebffe6d29050c779a3b50cc,1
5c2d14fcd94f8b16256750f5f6575bb34c9af07a,1
45875cce25a8314a160449aa39cefd3a64ab9bf5,1
26a3232d5fda8bdc50640f0997f9b537b0cbedf5,0
569d4948fd1bb1ebf392acf46debc9883e96234b,0
b6e05b9d0f93083547bd221b458f2b5d2383964d,0
dc1da44b6b904a56b25b74cc55705c4b81528497,1
cf6682bc95823b413e9ec11ee8eda96a7e47e891,0
59a47e3f77784817f0d123c0a61ccc4d0ac6fe8b,0
a2895d6c6b750b5fd3d056d01015de4df420bfad,1
5bdbf5e52f595f572550df48e5c8e56be2f11c6b,0
c37c4e2cc4b66251e49dc46db41fa125aaff5ad1,1
45bcc11b823fdd92ea99e8854a1efa69a0fc9131,0
989b3b55802ee9feab199ba7fd99c85f6b677693,1
e9ca3b1ad09c4bd30ddc138cbfd44722b6d9bd9d,0
255c8cb096522f6d9ba6cbe0839c2618904e90c3,0
20823347abef4199bb2474a8d0dc2ce9035a6ff0,1
7f352ed70038d1946e21af02c2f3a10cbb573967,1
101a2ddc8f6fa856a6df597f66cca37af6f3ced5,0
20333b8774070a4f0956ec395739251140f504a2,0
7a1ebcc4e1013a46762a6a0e212ef5e204551d48,1
c5b84f04fa07d65787ae62515a5afcd86055e70a,1
d99423b71fa8b26fa8d0ba6a0e5c165837a9aa85,0
b8f955809ee3e5a68e178dc368dc4075c4856af5,0
38e8e16d8c86b169472b2a2f555d10009d930559,0
c8eb82a2d93421092098c6bdc6eb9530cc2483e5,0
f1c9d5db695761babf29d95c29befb687b75683b,1
102d4608aa1963b57b6f5a50790b7cfc64b15d60,0
e854aa74be6aeb9d1457d94ef864705df662df05,1
2cadd77a71bf1b5379ba8b5bce574ab446b06d0f,1
8b0bbc0470d00e18984886c83300930116dbf0f0,1
0b788e7197d5150d4100160b467cd290b14f2885,1
1241701bde35749acbc250d889597f10bcb78338,1
3265b5c1219756b86394f33afae21457891ee3b0,0
801ba2e7836be9057011b8d389072a94e72302d2,1
0c837488a91a00c8acbe580a4972d95f09bb300f,0
6ab3a2029d50925ffc3b81d7adf211d5753bcbc9,0
a22bc0cfd64c77df0f149fb47cc4bb9007f98668,0
9098e467f8ee6af39b8a716d460dab9e5682cbad,0
b655aab416af62a5728e34dc2e81c2c9f81eb1ea,0
e444c59a8852ec343849e044b01fdc83a99d745b,1
0224049ee41665bf3f4af0640f599f0fb0f92ad3,0
5eec48bc67201aeddff69435d766c7a6a3be4d28,0
fef3383d077136b50de4a7875c8612b1405174bd,0
7dbb732e91e482ff3b99311fad36b85b8113840b,0
dbe3983334bf7e5962a6dc34cf36398410b1cffd,0
36c6a619cccef79c6c30f6f9a4692b49774ddc35,0
8143e58f4b50afaaba8b5c2344da2ba7366bd05f,0
01a735ae0a1d47a39462cea3b1a0c20b0b9e12a6,1
12ba34831788779bcff677613991d1cff42bf73e,1
a3009e5079aa3fb8dedb9cdef4340a427bfe8679,0
425987f300170a1d1151f9f21090951ba5ab11a5,0
95fa2d7bc031c4276ebb227f6e2cfa083dab4fe8,0
2586789764c4570282a64f5b459bf84b13fef905,0
68c9316735fdbb62926a2b3b473e4c2883050948,0
b008f98dd739e2655f18ea1d1afea747fe477744,0
93ef762cc7090f84589f5154511d1ac43372f8f9,0
30b2fe914c975fd1e38f42e18fcb330ead312fe6,0
ea5d7cd2cd97540b85cb6bd02e19e7400a3eda65,1
8c6523e0d606bab7ccbda074b43a40bea44492b0,0
e423470d97f325a3c8a64b698d2ac88673112aca,1
fac35a09c8f4bac28a707a70bd23f5d3b5dc12de,0
3ccec6f3a5d01f413257095f8bc516d6134ecb65,1
5f226a713d94237103b074b87d377e8d9968eb02,0
817214c604ba5c73ffcd8e05ada4decfd53710f9,1
b2bc0daec2c8c7a154bd0e17f2c79fb851650d73,1
7a7f44803fbd41ede9c0892bcd1b23168bc266d0,0
1f4ebecd448bb56df97d555e34a51862894c5543,1
bc04e7aff516068ffe61305ca414e5cfc0c4aefc,1
94008f07d5dca4adb803075b3345ff20227f2a7f,0
76a1171ac26c125266998f81284aba7130a779e8,1
2d97323f40889adce73f9a60bca49507eb27d4bc,1
b3b38c4b280a6315c960a93d963ace7f84aeb103,0
f6f95a27e39914de69cd797c924acfc75e365061,0
849abec277eeda6612b927f647b58b71c88e4545,0
3e331707f2389de79eac38d811ece8402e2ca870,0
356af6bfbd387ae3c827f5970f55ab9fefa7a1af,0
c5f0853f9c9b77668b3dde1c47c1232ba6253704,0
dd6f708c736972edc0a9c2b564fc80d44160f9e3,0
3d872de630df97cbc0af4e5e16df98694fb80d4f,0
dc004b4aba9e1f9adb2814ee1ad52900ebf137cd,0
9ac7a814df9b9e3724d9740300a68d404ff4e39a,1
3b226d31973dfb92080feab20fd3b24e31a90df4,0
f819725c3ef115f5c88f8e37c605f7769e6c9719,1
c09a1a4670deaa655d9162592f73b865a422bc39,0
cc920e4d433300e4b84aee2de51bb6e244712261,0
6fc08a3dd863321e6c821b450bfaa7449e4c1fc3,0
ad34b6b335c3d60c0dcf5fb7931d53612b72f2c8,1
28e8c0c507f5fef650262a96bfc3193e7785e349,1
c3142320112158f4bb6034f045dee96f5bc3e265,0
22947443522302f51001b7e68ba1b884b1e863bd,0
98f7979f87d93f6057aa855fb54cb89face6b566,1
d129a54c2a76a8cb7f2b34072b71bfe40c880dd2,0
b958a133755632961b6b987a89b1ae5f94135b9a,0
20fe9474079e85ab27723920c91209efb1976b91,0
750ce1700d14b3fee7c61545e29a8cbd7172ed12,0
e10cd3c625d58b1eb4584c77f831758564b66c5f,1
60100f868cdb3a5a4e5f0be56fe84a8892d94e12,0
fa5333b62d35f5f4fd0a6d8a555d0dec7d89acff,0
b898b343dbc37d69a4b995e0667621b79aac44cc,0
2c2194e5552fceae5350e911339b42145322afda,0
354d88fe670f1946363f1d9ddd8defa9eab77032,0
6d083b1a47e0b1836ce1dcd3fd3552d6e6e61214,0
840340f9a2e49a1b41c916e7f76f57dcd7064362,0
ad2254ef764f86c9151073e5fe9276d00ac8e099,1
e3901f0ce84aee2f165b815f1eb3bcade6041f37,0
2c57fa1c9d390a99836e7a074f4cad604ae5aa8f,1
213f21963804cc7512119f6797e516d4f97417ac,0
d770388a276be37898db8c0eb5206ad5752d70c5,1
1ffdc2cab0f24896d524536af01582cb30bc1d8b,0
831b444ccd5f1354af020b86e3d829c2e2112ddd,0
f500f94a7e826ebe9323d1802a05fcaedc25a7fe,0
6d0fbae7f48277012674e771cd746de99c76035d,0
b7ee3bb2b4205cf586b9ecdc83d9118a814c5532,0
20f08adbaff8bcba777aa835fcd05a06cdca8cbd,0
beecb84382fdede688b0244e1c89b9ba2e91086b,0
2db968cddfda94396770b1d6972884c48d4cca60,0
c475ff76a36d56b4a491c7c1df4c9e396051b925,0
5fe2d67137087ba8501de8ef61fe2b2b616d362d,0
628eacdd8d2730e1502c1c4b0e29bfdf140e4c2e,0
2204eb43d1986e5e08e796b340ae1526afcec12f,1
fda39259cb8ddf16c5435d5e645aa0a84c4a8896,1
5843c0469b0ffd71ff4fd6d3fa94da2f801e3de2,0
6673749d8d9c40b0f1f45565b27d33ad8b1d23f7,0
a69ef76ec8880d65e95e879aa459f4a8734715fc,0
cda7c0956f76e614baaf2e9a2cde3059ce7f386e,0
679f6bda3e9223e54f386ef79274a445567b5c9e,0
c086b6da81e5b4b08cf215a77f33d785d5872a16,0
06f75b11dca4bf8042eaafa0f2afc8ad89e46bea,0
333c694667fea66eac5a3496796c2ebb2e994c1b,1
fd7dbace65e1996e3abaa38966173ef8cf1e11c3,0
773733c4ec0cd20eaecb9e1d1b48e3d85f963695,0
4cd7817ade41e59a5bf0e2ded34cfbb14712d92b,0
cb6cb0ab28e955248a831426e53380914267741b,0
8e5c39bd27584df9369d6b4a3e822eaaf1cdf13d,1
22b18799ace0ec79ef0e86ca4fe041d9e72dab72,0
4ed9b1eaa7f9bdcbc12a42e683c537c81f6b9dfe,0
723e405df7a0c923ad48a29e627d889a498b5e5e,0
a45ed12aad571e715f36638c6cf763fd2935bad4,0
7f3918b5f03e4f2e95ae188b70649223b7c3a259,0
f49907e00c94fc5810e5fba1890e26be6e2c8426,0
42ff9fe02ee24adb8268c4dd3dba1d797fcff121,0
b176fd4ed1f888db52a20ef1a9d4f42643bfc7d2,0
33cbf3387df53c62bccb3a212dd90accbdbf6937,0
a69ac582cd7fd5425af8eb443ebe258ba1a46fb0,1
02ac82e9a86c46db538895761ba5ba0b53a9192e,0
ca89326fbce817506c74f3c3180d133ea2615417,1
e568e46f39231a27b8858e639ca8c10ed5512fa0,0
8bff7fee9f477d05e9464ea537cd9dea3b3c108a,0
0d45d90046320686bdea76d09341c1dc55ee8732,0
65a6219d8609b87bac2fc717630dd39da4ba593c,1
77ccf25f7a1c1d4a84c7ec3f55df0deaa25101ac,0
509964a221e215f2f7593aabff103a004c73d2cb,0
257ffbfbb19ff583e95e79d6c9172b4e70166065,0
64e82bc463784faab72f88589916159ecd98b69f,1
102786053261aed935b59cba947a3dd1796168b0,1
b768891bc8da36f2a4dd21bb22fcc89bc4734073,0
186c61961cef10705d5a562162eb63cdac538f6b,0
a22c3435c79865f84f2ef39f0553cf5ce68ef135,1
32f8810a99e23272bd36f55122553f854d8d4338,0
e683b649711596b100e38cb3487fd5b73115bf71,1
499c72f5218ad5c5851c0b83eb452a855e8332cc,1
061eace895dc8b642bacf68107849f319f0c15e2,1
c8d6ac4dd4b74b20c6bf21f10bdcf60008adf860,0
9b52dd69e2db5170b99a935c6071d6d1b962b3f9,0
53d0a8955ac573540b08c40724e3d11918023370,0
2b4e0be7b519c01f6ccf0921f3f7fb281ecc797e,0
e994a0f8e0d90def5456fb9d7a39b4744f8fe4f3,0
49b2ddd9eccb20ba4a020f8bd1e439297605991d,1
1e703c7d78b02f7b00e4264e4636cacc36d7e1f0,0
49520b3dca7507f8c6d470f4a2ffa1199da617ae,0
a4b327a1126a751bcc3bec4f8ad44577f1d38541,0
64842bd23271de06ced965314b6170f48f2b5857,0
892bb4a790f79f684ee80feae3150b28e8df0f73,1
871028eca70ec8f18160935352c649a381ef0751,1
127e9ae9b21883cc2bb5e6e129404e500650ccc7,0
d621d4aa01c1a012d41888d5cd27fc8c58c3541e,1
27d5634829a2673816f0e96c9c29da6caa08a259,1
fa5cb70ce1f451343eec779086be2f25b030b276,1
c0622b71738220b10fcf1cf2dfadda231a8e654f,1
33cbaf8e926453ad74028b3b97465768db73e9b7,0
b73f6f984f64dc6acadb18bd5b7341ecd584dc63,0
8cd97aca62c41f75ecab8ba5c4ace5971445947a,1
3054d057d2ef694e65118cf04ec65b4a2aab2dd4,0
7415ab9d25ba6775df49bdd03771224091f584aa,0
a4a6ea107b20316ec5218181a5d27e4c84f215bf,1
7aa40712a891de33d5388911f18f99ec2ae62373,1
8b67a90f6363b2d62268eb693e12278fc2b9e5ab,1
9a909d32bf405401ee52e7dad9ff547de26e707f,0
90415180a7f96c00a6be294bf7f07e66f3bae2ed,1
72129e1b6b71243655440ea9b8e6aeaa368babab,0
a55f4ec913dd48471ea6ffa41c95e7c318f39156,0
0bdc98e0c99a01a1eb64cc3cac3223ad0ecbc94e,1
f17667aee879ae54c6deb3e0a1e5e47857d842b1,0
bb8e50058a125621dc9ef3e75c1fcc37660a13d8,0
499468878df2cfdd03869290b84d955b157ebb3d,0
ce63b44098719e10b7d822035c99732664a92351,1
3f126c427a493db38e02b3e03ed8e758e240b505,0
a8ad58bd65faa0be2f00429bd60560e8cc257647,1
fa6b9c6253c04ed8396e7893418f2f389610734b,1
d8e5ed3a2a70f8ab4d195a6a4db996c07c46d655,0
abbf412412477208c2da8616ebd5d402b55fd654,0
4f15568eb6ea96674811f42ab1c1b5a3e3fa39e2,0
621dadf5bfdf71c3ad39fa6e0dd848219555686a,1
0cd5002f130bff5aae6a2d4d7d6cdc011f06166a,1
86f21a3f37f60e775f289bae5ba51b137582ac19,0
f9972112586290d26c6677b7dab19c507fde67f2,1
1e8d447dcb45b051b0e982aa898618d705b52291,0
c972d92b02046055de0bb089f09b197c8be5821b,0
e383c30000f7030320798159934330d3176aa397,0
68d25f4a1f8c156e07ed563cde3564b732400ca6,0
ca901767257e07b8e57599340ba16ff2f84ff882,1
816cb2856bfa3ced5bbb50ab778837c5ab1d6103,0
5c2077b12c3128ae7921a83a0616905103342ced,1
7515778406240770974372770f4e182c5712af3d,0
b7c245c308ebae9e0c89cd1517786ad07e8315bd,0
26793f34786df286ec9a3a23675854af5d68c79c,0
b316cb82deada6785029aa886ce826e4f83793af,1
8bc50f24e3ea870fe5e37881588a8d9b28146422,0
b36ccbdd75ced361139faaf8adfc69c6c4d36a01,0
aca29334d7e680f01ac82b72db4a8fee5287fac3,0
18b689c31e5a6e59861188e9001f8009638a5fef,0
adcd947d8f5c5fc0e227648ef509bae22624d4f4,1
5655e00f97a07104cfb4c62a0d07b3f141a0e3c9,0
e56c93146d0630910174c66629fb01b4114c1b38,1
3c8115df8902694ee6b022db910f625b550d37b4,0
9beb0340bf33f97119a2a969280d08661fba86b6,1
37d24e0a61038f2186c577f7934876ef12c93984,0
c654e95b2312baf7e48f6d327e32d9a48f09d149,1
3063f6311ad48488f7d80b76d8065a59c3b11a13,1
6e605f977594f0595b84f661fb87631da2bbb0ce,0
d441dafa3704241b081dfe44804df3ff6ebc51f5,1
70fc4fe159f1546fb9ff3cb73b2cd6b10d25bbb3,0
a1ee76c9e714debb49084c3e97d603eeaa46ae8d,0
7f9fbbd3cd590e58f36254be1667747a1650ba28,0
dc537223d78e503fd03ebe4a0952e5e868e9f0e2,1
f17ac36d733cbdd24c6b8758c6616cb73cfc4dd0,0
acf6385507f5428d7fcfb8aeffd7a4f624e8c87e,0
eea49d021c3755a6ccd677460d8cb23a14bf7098,1
5210cdbfd27c5ea6ef0664dc0bf4cb97546938f7,1
ee93273697d74a177fbd01c7a8073a8a1ab1ba74,1
2a39c7a7f0fed65384a2f48f74d1b592f732ac23,1
fde1b843b8ad96ce6df2c36b2491f63892c4c780,0
fbd95b7d88bb7d812bdcc0924cb7c8d61d46cd5e,0
70083178635818937fd333e0379e35bd3f0aace8,0
39acf459174cb748b1c64204834b9ca21c5082c3,0
3f586bd47a881ae8988b29121bdc89e53d81a07b,0
42bfbe0ad19cb9a43c7070b159e07a323ada5232,0
0c4af9391b292bad2a731514a568678605d0bce5,0
eb3b7ba49645fa6cc2ab1d53502587f67b5ccedb,1
48c872959cab470b20a774459e8707e5763e5096,0
67898c157d1e47798895799b0528fc780d46f083,1
6c981c69db617afe20678919138f3cc56b9d822e,1
83214a67c568d6c0a7c6fbf645dcfad208fd6cb1,0
b919ec7ba6d8e78dedaedbf4e191ff012e4dd83a,1
5de7f9b3f65fd5eb26c7fb3e5247fefd9b583e1f,0
71e3d6473ac5b553986c9d76cdb5aeff3f574101,0
0200b7ef5356e894cb19a8414c33cae0f8fecfb1,0
4e72e676abac19e53faa5958c218e20c6265c3ca,0
2cc97621484d73e3f6cfc0614a34991a18b58d97,1
e119071d2c854625544f89765f9d30e0c8f07c1f,1
3748135e1a0f1caadc36e9d7a0e8444b29bd1702,0
e40a7de8a6074ee95cfaad3f1ca1cdfc4a32d3ba,0
57f8ece1c1111a1a3266b30a0f499f8ed200b56e,0
b20d4b542814777acba6ff9e9aaf978a3d8666b6,0
bd9ac3d0f22de4efd72bbdd5e95b72c102e4cf20,0
b386edf32375e00efdd342f75f317a0a37c0af87,0
711a5db492eaaef897b358456a0620589f11191b,0
5ac83e068d70dbde130c33fef16d1f9de1ca66cd,0
b4cd2ca6a436178a12c34a50f0fe94cd9135b64e,0
7190c15ffca38bac63ea4251eeb2dd9adfcf0598,0
7d3f3ae208ba291c6cb3f5f93d1996d4a015a7c6,1
8d59cee3733ee85622b29c99a0452de817e51295,0
86d10dfec2090b8db6a202af157d257a16ea9320,1
e5416da7d24cfb97fc298d9090be52b9fb285e89,1
5abc76e37b19b18f833f2d051b3dd83d64083449,0
65a4903a9f0360dbc3058d2085cbb46d1ca8bb6f,0
e517ba7e211ebe62bc680927f89bf30e7c934abf,0
9b9b44f385fa82b57caf59030f45f0b45e6b179e,0
180b1b009c56fbf292d83b209ceb3a221549b2d5,1
06db4934022c49c487ac1f31bf5a7455297d8b16,1
4ec4d33d386900a352146b43c2e06b992b7db7c3,0
7624de44701638ad2965a67fd648fc515c4595a8,1
e0565687bb2771426dbcca5965058b87656253f2,1
80e5621658bd0596f488e22f7a7585a3dc2d2df5,0
62d89640317a2a6f55c7fb4d4e0cb5db5636075b,1
04cbfc07e68968985fea615373d446996e6aea7d,0
6e9137c8c5db7734d8b7a13ed116ebb2cee3766a,0
7a09598a0253acc5ee7a54ce4c9f2538c53c5262,0
613be5cb13e5230006059a54509476a97f0fcd71,0
8870217b2149718e49670dbad256f5d4ffb8d0e2,1
5b3f6d3a052e5db0568770b92d7c8a6ad0aa9862,0
d46bc4ea4b7379fb3f42d24ce8c7e0443a0474c0,1
d1bca3805028febb5ae2c5df36bd0590b5dcbbd0,1
6d809a5d42a4af7d6ac9569c7b2a30eab73cd453,0
41ebf0f01b7ce0bee1e41366f45c804c3e54f6d4,1
32afb264841a76ec5a22a58d3a047514aa80eb7c,0
902a8a59301388a97b6e70e7c0efcd1410bf5725,0
413991b4f7ef46736c414bc322b289726ed36b73,1
d03085c9100718f1637295edbd30ab5181c17dda,1
7457f8e63533525c82d14673701f250e54fe793b,1
9f8c59749281fef29f927fe348ba2c8237105e2c,0
38559264428f25c1b3a5c313a56b4041645702d6,1
a827035121265dd98db3afbcfed9b56b1e2d13f3,0
472cfcf4cb0b8afe1482c1aa4981cd93d6ea5084,0
00be51040a2959e0504389c9e6e06929729d59cd,0
d996c469303b80c557cffeb7fefa8c98f244f46c,1
f6da074971f4955ebdc47a2e7e74b4c396163777,0
3380347df6c21097a5c3c564a08e7e2015cceb53,0
3d37ff64858475f0e30d761e4fa30a438b7796b0,1
90b4837f78a371df8eef9383130061b91eecd6fb,1
43ae8a1f69ccf4c2fb94827c774bf216eda1de37,1
01d667d7915a42b51206bbe146f49cc77b98f824,1
f15123876fe08c3cbf41c6a3e1cd4fc1386be0bd,1
cba82f0400547f945f073045cf26ee01e3201531,1
1be40a7b7533577e82cfab73f398b18dc5c817db,1
0a083efacb58748060d4746e5a708c577cb5226d,0
250586dc28ce20dd31fabc93887404f9fd446cf3,1
06f9650fec0aa4f18f0505176d23b98a2c9d25e0,0
765abc50d2f8a04379853b3ed7a914cca14ac52f,1
9b20d2761a613e0b462985b72cef5d414ef59fca,1
b8c4afb0aa0e16eb494a1fd1e82ecd5ca4cdb9f6,0
81ff0f7c49c3bf097a3b9e5a3e004458318e1a2c,0
da36f8aa536b1ed78b65e67e0f17baf6487c0c7b,0
04fded10a3c47ae9d458c4c9616a6f93b5c12959,1
799fe22f86a8c79b3c5571a2b944bf38570176f3,1
89c565584c8607951751b713f9e1cb03faa84301,0
b6376aa892ea6e63a40894cf9faba5827d92be87,1
10f6c4e92248b53da50e18038fb4da536043f34c,1
8d8908b622027561feff3d5148371330511f5a26,0
45c2f8527d5b126bfd88b586af1fb62ef6235995,0
2f4ce0dc7bc70015cf79a58d0a9792e55bb6c50d,0
f93c36cb88c15d85d7f3037ab984c6bc4d357814,1
bb37dafe113d1cd7b76018d4782a423ccae63346,1
5fd8decf1cc951772f464e35c958021703c8ca99,0
8675c0703f6a76d3516729b4984d34a07bdb7b2a,0
6d89a3e4aed917de25004f85f040fbc558be22fb,1
0bd5a5c7ec98304fdd1b5a73926ee1baf6159441,0
078224a506934b076598a09f8238007b4d0c1fb4,1
335de54226c7e09d35462550f17e6f508ef316da,1
f517f9ee1b654fdbd3f572b17f9cc7cc3d8bc51c,0
96c4d2306a516c73f012742f326fc358abba12fe,0
e4eeded0c939e6ab85d0b2490d94e8be29244749,0
d9bdad3263a72e23ab06f9772fe729e4076a3698,1
a37835406512e205b4503f4559663e95c4b8dfc3,0
b65ae8ed4f33f6e9edbb76af40f5c10761174524,1
247a357475dd6e6d9775a5ad21f9e6e57438b7ed,0
095223d90b719f0cefffc3d60a33715a22b998b5,0
cfbb04c9f4ea816275601fdf3df109f60e084175,1
81fbf99b3a536147340a37b456d0ecca7e90d78c,0
a5c4d12386a1973fd36a5e1e424bb043b2e51075,1
efb45e90548b8fe9a5b1613a8978fb9c1659251e,0
2e45928a889f12fb12f79f46cacb254194ca1a9e,0
1bbb955f26847944c618039841064214dc71e3de,0
63544d3f04528dddcc9b32412438ddaf2dd3a666,0
8ff1de5f536462e7d11344488b604935d155742c,0
9bac6ed7b0e356dbd3a305acac5924ebfd572704,1
afb6bdb7c3c733890f79595c639d35813f468108,0
25f3831402da31e2e4a2faf53887f53630b77e4a,0
22f0e0d4e6f70b8603e57865c6a9eaba99fd4d46,0
f7ef3872371d32e2922050b5dc3cf68b53d5bb0a,0
bc890c3e39fe344ac39f09e6a969e9592ea47d19,0
57d8dfda8b7a93d9a14dfc198e544bbabac02709,0
ae366682c55abc868f0baac160b47109389fc36c,0
2e19a8044c54ac5706b78e632bf01e0148395627,0
8ba52f04808b5de83eac9d4a2d0dfd08f94eda20,1
b45786de2a9ad5d52547a1a986e77866cddc0c91,0
6d24b01ebd0394f26bf370b21948361256aec2ff,0
4666853eb9e2d5a863b050709aedfa39d18f1f81,1
e6ea22285a21b6df70fb82f17e940c9cd651f6ee,1
b2b85576ac6ba5ff9cad155a86470c3a301d4934,0
a1876b5e2e1b496109c6024f905b9f4012ed4bc7,0
7fe31c79369ae11e79129118c58a05ba04e37833,0
629bb8876217416f572c445d17dbd4474728d777,0
e5a276d05d13d66c25d4dfdb84c7426111d779c6,0
90e72f8fba78f71fb08fd7301ee80c2926522296,1
8d160f0f1897d2d245c5c1bdc43b6595e315c53a,1
aeb1c1f060f362553d24c2cbe4b1e84adb4c2c4d,0
5805479aed07fcbfa9ee87907d12d1bb84ea12f1,1
536790f92c482fe9672df2e7fe3183e6baf6d62e,0
0e5cb6fea45ff4208585f00b229ee6552e90192d,0
cf056806e680c364de9bd717e02849905ef9e94f,0
e585caf2f41a5adf1523fde6e959a16354d17d6e,0
74521292e640f8ffaf527acae5499bd1cf1a618b,1
80176933b993704a69c3a44823ca601cc43606c7,1
2a86b97c379f8b30639ccf79a1b294ac476069c3,0
0b1af2db91901e322e730124ddf1d0bf9034e922,1
e775715a9e45a9492ea31b583220ecd59e2d5bb1,0
64712d863ae7fa904aeda269fc784c6e7a7cf32b,1
f848d80ae33b8229f2d1485b9fb3754a30cb192c,1
0a695000ad84865303b5a17433d298bc766c59f8,1
9d437fe8c9e6ec638949ed6ac9c80b13106f4b56,0
b1a4196ba0b0a2d13cd0bbd774e458699ca6c8f3,0
126a96eee5ce5d9da6fc7f029c9c09f32724fc64,0
ff5c31d6a809e746c05aa8c5ef57d1ade26078b1,0
778eba2e959800b31fa3ca3c7ce4c7f816439072,1
57c06a7493bb6594f779e63656dcbf99f2e18e6b,0
30e56afc5469690a73867995b45546626b8e14d6,1
7ebc68ad6f8dfaa3119c9e217efc95b8e8dd5634,0
002b0c44150cc70f36e837c52f10f4f15e543544,1
51ba7fd961435220d442c6b0b8a362c2b4b6c42f,1
bb8f9b973c2c35344c5b28e2b42c145f45fad8e9,1
3772275e8c06582918b129a43d2ba1e8a77de13d,0
2f48ac39891683e4b170c4c4f51eea331c5d7803,1
25855db49a405daab8e4a38f30bf2cc48d2e0f34,0
151f898e07b88e4b505428de1bf7b8e0c0d689cc,0
15383fbb8c1ce18f627f87eba97d34d15e10dc12,0
e077b0dd52a258733a82a60e39fb9f2f19268724,1
b7f7e5ae430b7ca2c170aab603fa9d52d6c24f25,1
fd7843ec91eaf80ec55ab08d1992745c78d2afa9,0
abc9b55a730691d405dc7db41ae67b0919b21310,1
10761a922ce4748a9ab39acf495599d4a85651c5,0
c5014f46ff1bcdd60caadc4adb29884d774e4eee,0
f01216e7fe2d5b94b36621d4c6cf495d9605ac57,0
8ac2dd9f26a1792b78e55401de8828cbd75aab6f,0
9f152e8ce9329214e9082c17156db18a23db5892,1
8c8399e3552f307eccb85baff876326e4620080f,0
752036716fbf7535effd11bc8b5f9406bd2d7d96,0
83d4de9ba5e1a3bba74efbd739d41031c8c80f5a,0
24a00f58f6790893121f1a6f8837469af5dcd81c,1
d86baed09480e6751a10cc9feab3641bf30b0daa,0
c556f6a2ffedffd6b45cad53ec5f28d736ed84ec,0
02117e331a40ca79ddcff1e80a5faae15af24d11,1
6b73f1939cdebf54f20ffafb1c75d17b426cdf62,1
6fbd064ad58f9ff070718201773e11414073397a,1
a01f9d29734c506b961d6d5df40322729f6bdfb2,0
233ffccd18a4742e8ff7645e67313427ceaa4ef5,0
bea945d864d6d3c43f6e2b70334c635422c93e89,1
dc89a7f2a4cbf5d46c9b8f651b1b24c6e0cccb99,0
74a4a58be3a29a8f469848f1ef17ae92215b930c,0
15a7d3d0e9baf290472e126572b993a2e683fc64,1
b57866d505102d75c25bdb8fe00e50ccf3ab0161,0
d885f743511f0f4a4d478f12cff2e069a8c28ecc,0
771f7df96440cdef6378ab48a4083edc70af49a0,1
e204b9643581b0012e6ee01b4555f6c86b20cf68,0
da12d9cfdb28b402f59aea946d0714efe4bfb6f4,0
db2e90beaa8c2f3fede28041632390adbc703433,1
4e1de7ab20eed72f911d246f109efad391ab6a0a,0
0b6c738895562588d9fa97b6dba6b74d6da6424d,0
534d2425713e732839222dc1391a1701b7b4afa7,0
3ec8e6da4dd6acf4698a931a4290c496a717d220,1
eeba586bb6b08153f5fd6ee87f77e663142a98d0,0
787aa28592b0cf79d94dcb438d7014a2c20825a9,0
9b3ff2fc0070061e7f255ca61874170a5cc27ba5,0
8a5f4a8ac6d44b9e9fcbdf15a8cddc6656a7ab44,0
2a94bc1970713332b31fa4ea8b6c9e1526b8ccfe,0
6f1da1c0212f7ad223e8274908b04ccaf0ec8a67,0
0d092ae86a370e007d89129d36258de106dfa028,0
c76bf655982aea8c2b664839dfcd7c92678e01f0,0
3a5456584bfaef381ce98e1d8bb0138184175280,0
c4ab99d6d342d0b6940c7d2d33e70125043cb9b5,0
6ac4d9e8988f259d729d49c29484ac4070db6c09,1
c734747fef7f553853b66363de815a0b0ba55559,1
85616d8c290985e6e020897a127ac2d747f1d9f2,1
4238297569053d3ba85c94ac6dd6671682423eee,1
af699099fa6335d30b868294c55b91d97dd2944b,1
1014436bdc026c5efb1102302f8173e08f987771,0
ce693ccbd38de84a02ab41ea1fe392f5a186a57e,1
757280c9f6a9474db6bb3388b97dd7cb07495ce3,1
ff74d9a4d0e1ed0944c9256e227ed24a1d70930b,0
0dd184718c6130d633adaecd41b1351222395f93,1
a09c58eac41e6e6e3082e7ab3e87eb0d3f5bcaf1,0
0cbadf3c905e4a09233de7ba23644bbaa99c1a44,0
24de0d70f0f59de1e6ae972a8a818ce926227340,0
2635f8aec2f450102c7b414f51118aabed03fa2a,0
d8a8f656288335ed4a65623ae8bd187227b8f870,0
e14cc82a6c7eae12ce44f090105b24df71d25a96,1
ddba41d712d24b26e17a0dd3bc5903db6eb24b54,1
e6f6a13664a36b9cdbf536ca2e5166c9e15a59c9,0
d89eab3460e69747ae9602c4b45aed3ae165a469,0
15e72316cb9051ae4dc039f35096be40f1b6a319,1
1d888f697ae27de09e7aa63ea73572c5609f5361,1
426be0c7ded1fd348a95509103c293bdaca24508,1
a45fbce3b5e0732e959e220b9c6173ee31ca0878,0
8f84962c5d740f675f80ce5de816a360e4c35ed0,1
1a03500ddbdc72bbe9225bed4eda6dbecd9bc1aa,1
b3e8c3f6ba947945f296bca5ff8b9a60c9aa78a9,1
b94943246a6b8587cbf8ed6e30f4ac61481dedfa,0
66b6f8e31dbada3725033c728300a55b8509ff53,1
b2b3b395de05a261ae8bdb54f4c9346f6e5872e0,1
83949437b74b47481b4b2147e8606b2658c4d5e5,0
8e07f69b443035aa2f590342871e583ae3695774,0
756b24dc948fa623d429147ecf44b5886a951018,0
3992fad067ae28bbe86a995f570344a4e18b9e62,0
755fe4cac08d0452cc69cb08a5d8260fb1398d9e,1
9257cd1fd4a710bd643fdb5b924610870cbe93ef,0
05d5f96008223f06e680559fbfa0a37090e72602,1
b6b7bad9e3cf1e4823562739e17971521a36f925,1
fd4a1fd1709a8f88205f80374b4c3e16474216b6,0
2f76da5b1fa725ddd23098a2f77fd8cf1d9d7e9f,0
99d09d2771a8a42b49deb7c5cb3e8da0e905ac84,1
e08034d6a377d944d13cae31179faf0044d87b8d,0
efab7a6c150d39304a5f3c37ee508d65c529f405,0
497956377abfb1e7b6012633a29d8fa1e1019490,1
989f6e2e79f702f893949445990d27a87b46125f,1
0e3bfb6af946f76ff613f726a5cf26ddfcf6affb,1
fe1e72a4f08da548a60f588203badce3bd7fa690,0
06b494bcb58b23992cbf1fcd6cbbd961e97c4ce0,1
46c89add6a83d95e023de11a774d7dfce74dd32b,0
3abf213371745e0e8c33f016236650256558bee4,0
cd1de866e9a32110b08c0488e5517c7914a4bd09,0
9a99fa4c639464e35f4fcbff0b43aad38efec5b5,0
1555c35b97f8d3a67ff1790daf1d38bccecb2627,0
b040e2e981c872b2cb610566ba1721e744a3621a,0
2044d653a32fc0c50bc4f7f9856e443be3af9800,0
8a6d3957ec40f71fb31a4c65f219f2c87ccabb08,1
0a2f3f863ef4e96cad975fb5f13c1e906ed258c1,0
4f81b7597f2a1f3bb7910d26cc24800b26b35d34,1
647183072af1a614301ad4e84b76fa5c67c1f95b,1
bb8465fe050ecaf4ad4fd9c792609f6c44f035a3,0
a05dadfe79ebfbc7710c1f2fadc6ac87786be0b0,1
8bf8035b7bc973c8df45d632a67a6ddd47e3a56d,0
603f4aadd75e1768ed9dbb7e0905fa1689d6065d,0
449166b1486c0f3cc09cf007c38112c0f5d7274c,0
9ca26ea53d1acfbfabb30c3ff244ab8220ecbfb6,0
d5247f95997c4fc92264dd308b6a815b40d4a96e,1
1847bdc4a78f282b2a0c26d070124e12729df7e4,0
3c55f7f3178f72b3a450ccdf5251325998e6c582,1
1956539f53a0a1ca1bd5cf2ee598cf673e47bbc1,0
bf3323fbe56192fe93141b6597c426f7c5275dc5,1
3163c4946ede74790036c7caaed72de91f7a79f8,1
f4dc2a8e70fb406624a010aed9efa78d1e8cdde3,0
48c9888f37d78bc2c8ea2df05ec1f559de21e026,0
e963c6b65f11e9256ae265d1a1fc4117489c314a,0
52fc1995be7e4bc4931d427dd5e9e249f86819d9,1
ec724ea7a2f05546d86b879aef7b85980cf2792f,0
3eb4b0d8760b70d8d72f8967c4c02e908f172278,0
769b78aa04e29766ff8b3705fcb6782e94eead86,1
b5935fe01b190320e2404fa5b9a8d9137c031ff4,1
3b66dec9eb82d58f4a08f745bdce66995a9a3d8d,0
18769668f538c8166b47911509ef8c8ed69c0910,0
bbb7d75986b18dacc0d1993e96dd69d6dea99650,1
6380db8775d0bce23e31ac6060175ac690af0cfa,1
637ed20565968d881a495d95b298831159da84b4,0
2726e36da0b8f60789f177bc8a79b0a684677d8e,1
d46a58ee7869c6bd1920468495d5c2b7150e331e,1
72c44c5287502ff07a97b0d084e72d6c88ab8bdc,1
1e4fdd1d4267fa81550f191e3e37826371354cfb,0
f2e82e4aca4f5b0401b9049152c058eda69b5358,0
50c7fd7e22c2407492af04531d36a0e658728ee8,0
60ff51e17150b280d8ff00d4dea6dade12c547c1,0
11208d7dd5336a2d8be2a6b186d982944ae54262,0
45a5f1416aca7e3e0878098608ee3ee095c9b8f9,0
78b57aed5cde1669072d53d3f2fb16b2446a2766,1
d90e5335e3925a53776bba684a5f983202c091de,0
bfd857af4a732c0a791e4b07ad29dc2e48eaf572,0
a24410c2c6a9b675ac75c9939da20eacae064068,1
089b97d40a21ca7af619db40e5d3de294055e093,1
1b10defdc10a701a50c5e705b3111d6d6194686a,1
8febc614d088a0efdebb404df551c8c1999bc8cd,1
0f460b1b0eec8c82a60dc31dd3bd6c155c90e366,1
3f007311f3e4b9a2c96ecf2975f6d9508f1cac0a,1
b03e6d1b0b91773956a1d1d2b23410b2ff49f4ac,1
55347598f72c6828fd1727bf17b58463e6b03a73,1
7715494a0d1da5d60251cd30c805718610b151c4,0
e98ccbe59ee47cb1bb7e2b34652d6b4f311086cb,1
8b172d6b85c65d7a0de35f6cebcb34682877c5cd,0
11247d7278f25e8c273a3dbf8583e99beb723ac6,0
7c2eac8cdbd9048852ca151418cfe4236b24074f,1
c65a07f9561ee7f2d51f9085e77ced391e406b1d,0
dfaf2506e120ba65e4df2dc4ccceb1fce4efa233,0
ec9e436b7ca5b6aebd32ccc6311864a7fb7cf4c9,0
1934fd937f8e71de1f50a219f8d9f04b0552c7f1,0
1f86ea2c2fb23ec19f8aa59484b5896ca1a77047,0
60a6deae4821f15030b5f941ffd0a49850d212bb,1
8f1a6ef6a4a225b50d59a1a91da66141246db07a,1
0bdb2516e4ec8781ba75eb0755568b69108b73c2,0
8c65a5c4e19a3ba51b1abff45faa29109b7d91e7,0
c4664ef7fdb4cd427780d7e6e8c1a158ece27403,1
3fa0644e89d3d4a8e6fe8773087f87c79e557527,1
dee440bc1e605a46afe41047183a6aa865cc2a2f,1
e2047893cd752654b0fb615f2afb9a0f6dfa617c,0
695b1a31ccdc285ea9a9fc012aa5f772c4b847e6,1
507ce639c7710886441e3cf8e7494b1b7644d255,0
91d8951df8c21566de9a884835cf74225354905c,1
aebda4210910ae31c7c0bdc7cf5c53e2d5d80d8c,0
a535c21e9b23aa97c6706f379e717427059fa846,0
a3e0427ef295119d62a5314697237960ed75304f,1
a83cffbebff2a9a9e6c94ba7ec025af670b2ccb6,0
694248cffc37664962138406fc870e096ed431b2,0
130e583590265c6f251ff6eddbe6691821b4c05e,0
2c6c03cd71da5706993043915630d2ed5895dc91,0
6b92017850b7ec861bc61514a55da381d0b08a95,0
54accf7bfa9e738dce90bc810e247dfb8fc7482d,1
2d77e0ebf7cc6194fab193d9b7fdefa475e6bb1d,0
a3b0d8763f99e9ab4691eea4adfb9a81e27189e7,0
0532f96bd080e57dce2a53210570fc05dda144d4,1
91fc8d3df1893c24071dd6216f8d0e53c4f4b42d,0
213367c674258431319abc95e13537e5200f8beb,1
1021e1b89b110d4bec7ab2278eda52b03735917e,0
4f6253bbf81bf31794cf3bb8a0e6d57a2a712241,1
28e270d4cec471ecf06e4c0d6004010046117a42,0
8ebdd3aa85dd7fcab14a38e92e03481eb8975c52,1
1a477e14a25ad2d6569a22a95642dbbfb1be17e6,0
492ae5554a1e8a92d6778dd753be2ac0517e1762,0
d2bd39a783c2c82dfbb4ffbdff1e391211d7babe,0
ca190b911b19508aac396f78f8a893c8744da249,1
45362a0480a0911dbc9f5650f5dc2f4ad62128f0,1
11f8a798320549f1924c671e95f3e9f9b5611dca,0
d33143a2eb6ba99bd578135a8b555a51f7ffc46f,0
5ee4e55e5839bb2fafec186b20d8698f4dcb97a3,0
d0d5f13fe9ee2d9cb20239c88c5ad6f8c596c6c3,1
8d924b1275404c4328894a89ee9fd3fe3ad92bc9,0
68228c44363da62c2ad0cc41179813f1e9ab1f2d,1
426fab576104a38253d67bc829c174633cc67e52,1
515efc00fc9b0877fc6d89b603d30c87dec80d7a,1
d952b74eb29f3764776eb4abfbe604a7ff26e600,0
cd9f1f9af93a7136319903ca982023a378b4bc72,1
2a6c76f5277bf3a794708164334b9685332f33bd,1
7e32c9c0dd362b7ca02f13855bbcf4d54568f01f,1
e69e42bc997eb0c9cef72ff27648a39f3b4f7209,0
38bf8d75afa5706ed70a2328ded0a0f766c862bb,0
696e744ee01b097d015235f07d5a6b6e98238466,0
520aca7459dfdde406d028e9fef89543a4b75447,0
a7ad8b4f4e4763c82c278b3823ff8a9dc8ff3c3d,1
fb9ffa9e9eedfe130b6005f0bc2e96dc3982dec9,1
132df9468897224bbb227ad387551b86fcfc9b21,0
4dff42cc42e69aba9b1f7f42987d4187d7d102a7,1
3e8fe7bc2fcc13f7c239522a994f904faf1ad39e,1
88e68b0f60b72b2d36dd0961a783c02dfe85dc10,1
b8fee1a27cb6b9e70198cb63bd30e1df2295fbb3,0
c7d15f77a867a3759de0da0aa541d99f34dbf639,1
91524d7964951bd43c3d85937f3d17f15f156201,0
7b16ed0abbdf14fa475436475886dba46b54788b,1
c2724cbeebcb33bcf4826d6a1e5654b9a1eb7062,0
3316fb892f3396ad9682e8debe004d9993744163,1
1903ad435f112bfb5ec3af6acd38f64bc647ee95,1
40000b60eeeecfa2ebb69b6000504eecd5744ed1,0
fc71a64584f095a7836ca8d93b8953fa2fb3c681,0
394be64ae1269ec2e04d6a19389ce7482241319d,0
c1e80e19716ed0155aaaa4df6d4ad178dd0f3560,0
6e686dca153825c64b4a62d9ce8703d8c3b5ee29,1
eb1bcc405acf3abc679e5bdf747fa63e65a1ede3,0
b39bc7f7a75c988b984d444bfc2a9683a8b68815,0
83f5e98dfde40ef2a9c919a25b3b9818a00778b9,1
951b181cef9bb010068417f131c02e731714d213,0
e6fd0e096d4dc4268957b652f4891bfb8c090e58,0
9edd497f657e5282dc5fdee4f17cf90383f9664e,1
5396343abbc156a92d0e03f626feaaa0e9970373,0
d2228e05829c744ac844f0bec14eae443f0fa283,1
f58491e272378bd155ba7958e8ba402b12ddbd9a,0
9ca1b33198db327beacbb2b5476704580981995b,1
5a01e07f636d9e9afdc258b582cdc1271605ef2a,1
4a4ec36d291c0af4e49e6677a79ce69add72a249,0
c79bcbaa433491ca018c42abb58860106c1e13f9,0
36de53636a0be0c7d959f7b5b0aca2fb1a622694,0
667b4769a64fbb1db175128dec99263086accec8,1
7185e6c32fd436be248e6e598577198c10348174,0
08c27772b23b0ba79c7cecbf61d23e6abd69d333,1
cfc1c8c2f2d02ac7bc4fb3d6137d82bee28c7fcb,0
05b3358747574c1da1c79b5974e9a264fb0e5e9d,0
ff0670072d351c9d85b47319b36023f94da8ca7d,1
d009d4d0922f9285cb091bcd2ee450d313eb9039,0
0aadd2c6c06135130e2cc47d9737ff7005c802b4,0
1f5952908811caf00bb53abe3cac9edbff1f95b8,0
5a91fa10b8de6cf4d8fa008099d046acb02e4760,1
5ebcbdd1e1040be579112710ca2dda9b2ae223ac,0
c1aef9521581cf5cb79b0f5a22d81795654ef21c,1
f9f1759002cd4bd5937729c787cfafb827cee476,0
4840da81fe33a40eb52f8d6b0bf31c5d8d6159a4,0
25019bfcbeb1e1d51d5e47ee4269fe307e5daa09,1
ed755a1de15fa0313a5c254df174e0cb4f81d161,0
7bf89b0e14697cfbe904eb1664252d1a21a46348,0
ccfcceed68bd6513c10c85dff60fa95dd92cfb48,0
425554415aa2565b0bd8a8d12060e240775554b5,1
2d30e1122d8a527a0e62cc22d33b64d4c7ee5b70,1
6ac3b6d35e6ce7dce4f042564b92443e3913d645,0
dc6bd4145f0762e35ebd6977e0de7c0873e12ed2,0
5f9fd3822bcf41e0549b006be607b709cd9c22bb,0
299d8d8dd2802ec4db2f61f4a1ed1c652dd75777,1
e9b8196fd273d7fa3db260769e4fe98c73e38ca4,0
449aa050ba265f96786b36eee8eba4615f2a51ab,1
58082a103666d39ee638b712e25b26d3bd6b0d37,1
7c89ff6654845fbcc85686e24bc0d86189a5f4e3,0
f59103ccc83b8d7c70907975140f437cd21fcf40,1
fcd94fb0575d607cabce01380b00f31d7f607be5,1
dbdd9b6f95cf30e905295ffaff6dc4389b2975d5,0
c251875304b0816a3a08640e1cf07c121086f3f6,1
48d42989443b3b840f6fbcfb1df04fc01c02c8fa,0
d7bbf41996260f29361a3d1d61188ce4a5e26c8a,1
fbf39f15d5c1e3d455a01c8c38446aa4aab69e8b,1
707a7d521408ec9eec3900393a69a4a5d223f365,1
888ec2cc6fd07c7db780992a0967ec18c9db727a,1
4a022355d4c5d663cb932e9f222b4b407443aa5d,1
157b3fc66ce5401c861444a452280f0be1407223,1
3382109a8495d87fa423eccc7c3e00539c7d4868,0
1892ad54900ec557d302ade1c244e8ed804d3158,0
f7b230ce22d8e6f37789b33c4b52b095f18959b8,1
f6f307b033dcefaa7fadda005474a9dced370f77,0
5db1d808b993b20e7a795169f9d0b98779e68a10,0
ef5d73199abb87ac2cc2dd662b6dad004ce8865c,1
95ef4a53810ea0b57ca573e4f22112146aef4f6c,0
f45dd7a6a5431e0cccd1f10bf5e325caea1d6328,0
152353d97327bb9ba898eb6a23e73953f8fb8060,1
eb5023a9300c67c49f1a026bfa65949deeec54b7,1
9573f7851aa1d616d23d6887f4972f5e8f82400b,0
f07619f4f1a9a1f02d1878b2127f5394f7f34d9e,1
c97e67562c1837a73c82e950f8cd94bff6c5b9fb,1
2e24b61951310424e5f3dec8edd25473bc5db18e,1
fba5a0caf0c7f76b6d5441c9e6fdb314e933a56f,1
5d6db4c098342ef2532eaa23f8f4a621dc6a3fac,1
4fdb50062acadfba7ea9f729ada6c34da8477275,0
9b5cdbc221a2fcb13ca0727d8cebbe86eed35537,1
00469f9474a6c432200dac130339746297753f2d,0
232a25f7f50d6dee7d443c3f4ee06f5a4d82a1f8,0
a3f62be18c2bcaa38354934dac5d55fcc966eec8,0
cab5d41d72037783a5060625f0bef25c640acf9c,1
18b3dfe69625d08f232e9574d3363c2b9599ee34,0
490f09a051bec51dd489ec827fa892f91d7f7e89,0
d7a8bbdd0eeeed2b4d99b7d98eb3a0cc51f8267e,0
6ffb8bfa319c9c8a6fcb44b82fde4b5a1577170d,1
47cb45410cacda08ec80ec2505a36e3d0a1c35ce,0
733bccb029456af1d0418fe82e76558792f91e9f,0
668717b581f6c6b9bef37b2e7d22d88ed2871429,0
963bf379a10e9f2b0b72d1b4cd2437b87cbb9e02,0
e34ad85bcdeb42964f4aa8a25097d827ecbfd0f2,0
3266409f5a9df61e7728466a22c7a15851ec4c61,0
30a42ee77cc3c3e9e914fb284a9946a669ae4b2d,0
f856c0a086103fe134dd6206e7116fe983182575,1
dfa888154c608667f32cba23c06738f44213efc7,0
6be200bca603c57e5569721ba8bcabe5401a20b1,1
1a2a59c1ab36d03eadbdfa9f377807730762e097,0
c90becdab2cfef6291f1a678ce9dd8cd0af7bc6d,1
0f6ec7821c135510314e0f42dd23103696b33490,1
6a1b2692e7578029d9af79182a6d174933e20e09,1
6624e2f113d2f42688cffa16b12f247f66412317,1
8e0492eacdc6e117eb3029b55bc1b1114d4bf97e,0
547f3979be74d39600929af5a609fb458bef4da1,1
b5fa4da4c11b9b4b5f5a5bd4d448568314a8e332,1
7bbf0dde52417a727f00fe8e9125ed7d29b731e0,1
2c81a043911b0f3f51bbfc3843e18091950ccb8d,1
1d3ab4bac971cc9a3a141cea451000a29a86d898,1
b5513dd0e8d0f80c152943bb504a9a1c1399cfd0,0
1a9b97044e1dcb9fff9acb0036f50ab1aa464e4c,1
681768428a6cad7eafcb31581464bab65784321a,1
ecf900769a47084b571213ad9d01e5bd330c9e4e,1
3adca6cf48552e5b31e9ea3f942c91ef874ab030,0
cd5b2fa479d71e14265b554ff7aec534a0b21f0c,0
ef8aad0126cee42ed4a8f9a9e940801c36d5b040,0
